{
  "train_loss": [
    0.9728427074796004,
    0.6212854619077641,
    0.4329216758981883,
    0.3018932896766731,
    0.14976628633256225,
    0.05832127105484871,
    0.021502624902365017,
    0.12366460845303193,
    0.15614506350361185,
    0.10024778236695331,
    0.06419032301231146,
    0.011358342924081593,
    0.008427220386647278
  ],
  "train_acc": [
    0.539568345323741,
    0.6474820143884892,
    0.7769784172661871,
    0.8705035971223022,
    0.9568345323741008,
    0.9856115107913669,
    0.9928057553956835,
    0.9640287769784173,
    0.9280575539568345,
    0.9640287769784173,
    0.9712230215827338,
    1.0,
    1.0
  ],
  "val_loss": [
    0.6669667959213257,
    0.5426691732098979,
    0.2553495447481832,
    0.170463974437406,
    0.23933276822490077,
    0.24792102652211342,
    0.1322276389166232,
    0.08032833868938108,
    0.5489988586594982,
    0.11975440935742471,
    0.11155119177795225,
    0.38759415861098995,
    0.605452254895241
  ],
  "val_acc": [
    0.5806451612903226,
    0.7419354838709677,
    0.8709677419354839,
    0.9354838709677419,
    0.9032258064516129,
    0.9354838709677419,
    0.967741935483871,
    0.967741935483871,
    0.7741935483870968,
    0.9354838709677419,
    0.967741935483871,
    0.9032258064516129,
    0.8709677419354839
  ],
  "lr": [
    0.0001,
    0.0001,
    0.0001,
    0.0001,
    0.0001,
    0.0001,
    0.0001,
    0.0001,
    0.0001,
    0.0001,
    0.0001,
    0.0001,
    5e-05
  ]
}