{
  "train_loss": [
    1.1487367890721603,
    0.5504177169834109,
    0.38213579774760514,
    0.39121458867042186,
    0.44850877077459433,
    0.3383545412434091,
    0.36524569773845533,
    0.2840017587375298,
    0.2917483070557066,
    0.2376118656113851,
    0.39185107579762984,
    0.3729901493882104,
    0.28592567006461056,
    0.3174299048862869,
    0.4302713227786606,
    0.3107928275633201,
    0.31582868313617846,
    0.3500810801554069,
    0.2742855343029653,
    0.230724917041312,
    0.3525528820941774,
    0.30583663252617815,
    0.25550209650461625,
    0.2697306570174883,
    0.23188951954567175
  ],
  "train_acc": [
    0.48201438848920863,
    0.6834532374100719,
    0.5827338129496403,
    0.697841726618705,
    0.8489208633093526,
    0.7553956834532374,
    0.762589928057554,
    0.8345323741007195,
    0.7194244604316546,
    0.9424460431654677,
    0.697841726618705,
    0.7266187050359713,
    0.9424460431654677,
    0.7769784172661871,
    0.8561151079136691,
    0.7338129496402878,
    0.7769784172661871,
    0.7769784172661871,
    0.6834532374100719,
    0.7697841726618705,
    0.7913669064748201,
    0.7266187050359713,
    0.697841726618705,
    0.7194244604316546,
    0.6402877697841727
  ],
  "val_loss": [
    0.6003726566991499,
    0.5515347392328324,
    0.49073482521118655,
    0.35556714188668037,
    0.32936371910956597,
    0.3450585411440942,
    0.34567467147304165,
    0.3220107824571671,
    0.3197214488060244,
    0.3326689620171824,
    0.37997657252896216,
    0.3870542837727454,
    0.3373781067709769,
    0.31427764892578125,
    0.38609848291643206,
    0.2737234628969623,
    0.2810588450201096,
    0.26811154138657356,
    0.3323758859788218,
    0.24687115415450064,
    0.2612816306852525,
    0.2646141984770375,
    0.29152448811838705,
    0.26539199390719015,
    0.24687775296549644
  ],
  "val_acc": [
    0.7741935483870968,
    0.8387096774193549,
    0.8387096774193549,
    0.9032258064516129,
    0.9032258064516129,
    0.8387096774193549,
    0.8709677419354839,
    0.9032258064516129,
    0.9354838709677419,
    0.9032258064516129,
    0.8709677419354839,
    0.9354838709677419,
    0.8709677419354839,
    0.9032258064516129,
    0.8709677419354839,
    0.967741935483871,
    0.9354838709677419,
    0.9354838709677419,
    0.9032258064516129,
    1.0,
    0.9354838709677419,
    0.967741935483871,
    0.9354838709677419,
    0.9354838709677419,
    1.0
  ],
  "lr": [
    2e-05,
    1.9535036904803962e-05,
    1.8185661446562e-05,
    1.6083959896778496e-05,
    1.3435661446562001e-05,
    1.0500000000000001e-05,
    7.564338553438e-06,
    4.916040103221506e-06,
    2.8143385534380006e-06,
    1.4649630951960416e-06,
    2e-05,
    1.988303923565381e-05,
    1.9535036904803962e-05,
    1.8964561979789496e-05,
    1.8185661446562e-05,
    1.7217514421272203e-05,
    1.6083959896778496e-05,
    1.4812909747525695e-05,
    1.3435661446562001e-05,
    1.1986127417882196e-05,
    1.0500000000000001e-05,
    9.01387258211781e-06,
    7.564338553438e-06,
    6.187090252474306e-06,
    4.916040103221506e-06
  ]
}