{
  "model_name": "Custom CNN",
  "accuracy": 0.7,
  "precision_weighted": 0.7008928571428572,
  "recall_weighted": 0.7,
  "f1_weighted": 0.6996662958843161,
  "per_class": {
    "Normal": {
      "precision": 0.6875,
      "recall": 0.7333333333333333,
      "f1": 0.7096774193548387
    },
    "Hemorrhage": {
      "precision": 0.7142857142857143,
      "recall": 0.6666666666666666,
      "f1": 0.6896551724137931
    }
  }
}