{
  "train_loss": [
    3.78379147344356,
    2.339024871373348,
    1.853030236076108,
    2.127391466991507,
    1.5673272245221859,
    1.247212841356401,
    1.284416736458703,
    0.9379815549301587,
    1.0231536549629925,
    0.9499637377347877,
    1.0938547317930263,
    1.0690699935817032,
    1.2684835615775567,
    0.950991123271503,
    0.8047139567436932,
    0.883121298371459,
    0.8918780206347541,
    0.7505535324700445,
    0.6797084426708359
  ],
  "train_acc": [
    0.5611510791366906,
    0.5323741007194245,
    0.5179856115107914,
    0.539568345323741,
    0.4892086330935252,
    0.539568345323741,
    0.5107913669064749,
    0.5179856115107914,
    0.5467625899280576,
    0.5899280575539568,
    0.5611510791366906,
    0.5251798561151079,
    0.5899280575539568,
    0.5539568345323741,
    0.5107913669064749,
    0.5179856115107914,
    0.539568345323741,
    0.6258992805755396,
    0.60431654676259
  ],
  "val_loss": [
    1.8489502168470813,
    1.0463759168501823,
    4.471470325223861,
    0.8054076971546296,
    0.7978627816323312,
    0.7605378820050147,
    0.8917191182413409,
    0.7522847806253741,
    0.4748767191363919,
    0.4773138511565424,
    2.121357041020547,
    1.3523598486377346,
    0.6601310256988772,
    0.6615739580123655,
    0.6395759390246484,
    0.5800348943279635,
    0.5694866382306621,
    0.608352203522959,
    1.0787017499246905
  ],
  "val_acc": [
    0.6774193548387096,
    0.7419354838709677,
    0.5161290322580645,
    0.6451612903225806,
    0.7096774193548387,
    0.7741935483870968,
    0.6451612903225806,
    0.7096774193548387,
    0.8387096774193549,
    0.7419354838709677,
    0.5161290322580645,
    0.5806451612903226,
    0.7741935483870968,
    0.7096774193548387,
    0.6451612903225806,
    0.7419354838709677,
    0.7741935483870968,
    0.7419354838709677,
    0.5483870967741935
  ],
  "lr": [
    0.0005,
    0.00048778860081564085,
    0.0004523497400965494,
    0.00039715242044697206,
    0.0003275997400965494,
    0.0002505,
    0.00017340025990345064,
    0.00010384757955302797,
    4.865025990345063e-05,
    1.3211399184359193e-05,
    0.0005,
    0.0004969282409784868,
    0.00048778860081564085,
    0.0004728061277849978,
    0.0004523497400965494,
    0.0004269231419060436,
    0.00039715242044697206,
    0.00036377062968501693,
    0.0003275997400965494
  ]
}