{
  "train_loss": [
    0.6934934134105984,
    0.6707045718920317,
    0.6301382312671744,
    0.6070243300293847,
    0.6350692596366937,
    0.5578112936705995,
    0.5755487881976066,
    0.591861391239029,
    0.6230034868923022,
    0.5872648619919372,
    0.5504217604510218,
    0.5810854439255145,
    0.5288182134679753,
    0.5806572784622797
  ],
  "train_acc": [
    0.5755395683453237,
    0.5827338129496403,
    0.6618705035971223,
    0.6618705035971223,
    0.6834532374100719,
    0.7338129496402878,
    0.6690647482014388,
    0.6690647482014388,
    0.6330935251798561,
    0.7194244604316546,
    0.6690647482014388,
    0.6690647482014388,
    0.7553956834532374,
    0.7122302158273381
  ],
  "val_loss": [
    0.6928899018995224,
    0.6829472645636527,
    0.6378989969530413,
    0.5623222724083932,
    0.5184728907000634,
    0.47990614271933035,
    0.4785697863947961,
    0.4438352104156248,
    0.44236296030782885,
    0.4431838931575898,
    0.45219478876360003,
    0.4594343073906437,
    0.45788002975525394,
    0.4497738345976799
  ],
  "val_acc": [
    0.5161290322580645,
    0.5161290322580645,
    0.6129032258064516,
    0.8064516129032258,
    0.8064516129032258,
    0.8387096774193549,
    0.8064516129032258,
    0.8064516129032258,
    0.7741935483870968,
    0.7741935483870968,
    0.8064516129032258,
    0.8064516129032258,
    0.7741935483870968,
    0.7741935483870968
  ],
  "lr": [
    0.0001,
    0.0001,
    0.0001,
    0.0001,
    0.0001,
    0.0001,
    0.0001,
    0.0001,
    0.0001,
    0.0001,
    0.0001,
    0.0001,
    0.0001,
    5e-05
  ]
}