image_id,split,true_label,label_name,f000,f001,f002,f003,f004,f005,f006,f007,f008,f009,f010,f011,f012,f013,f014,f015,f016,f017,f018,f019,f020,f021,f022,f023,f024,f025,f026,f027,f028,f029,f030,f031,f032,f033,f034,f035,f036,f037,f038,f039,f040,f041,f042,f043,f044,f045,f046,f047,f048,f049,f050,f051,f052,f053,f054,f055,f056,f057,f058,f059,f060,f061,f062,f063,f064,f065,f066,f067,f068,f069,f070,f071,f072,f073,f074,f075,f076,f077,f078,f079,f080,f081,f082,f083,f084,f085,f086,f087,f088,f089,f090,f091,f092,f093,f094,f095,f096,f097,f098,f099,f100,f101,f102,f103,f104,f105,f106,f107,f108,f109,f110,f111,f112,f113,f114,f115,f116,f117,f118,f119,f120,f121,f122,f123,f124,f125,f126,f127,f128,f129,f130,f131,f132,f133,f134,f135,f136,f137,f138,f139,f140,f141,f142,f143,f144,f145,f146,f147,f148,f149,f150,f151,f152,f153,f154,f155,f156,f157,f158,f159,f160,f161,f162,f163,f164,f165,f166,f167,f168,f169,f170,f171,f172,f173,f174,f175,f176,f177,f178,f179,f180,f181,f182,f183,f184,f185,f186,f187,f188,f189,f190,f191,f192,f193,f194,f195,f196,f197,f198,f199,f200,f201,f202,f203,f204,f205,f206,f207,f208,f209,f210,f211,f212,f213,f214,f215,f216,f217,f218,f219,f220,f221,f222,f223,f224,f225,f226,f227,f228,f229,f230,f231,f232,f233,f234,f235,f236,f237,f238,f239,f240,f241,f242,f243,f244,f245,f246,f247,f248,f249,f250,f251,f252,f253,f254,f255
157,train,0,Normal,0.28117,-0.01356,0.2854,0.69372,0.55736,0.35262,0.13358,0.6935,0.30105,0.66748,0.16907,0.34577,0.03904,0.12994,0.4645,0.19418,0.09098,0.07968,0.14874,0.0962,0.41157,0.32227,0.40107,0.26239,0.10633,0.22389,0.48486,0.2984,0.45369,0.18908,0.8973,0.71144,0.09582,0.22494,0.186,0.68023,0.77569,0.68712,0.05509,0.09823,0.79446,0.09679,0.35119,0.07684,0.15852,0.06679,0.05848,0.0952,0.22442,0.26904,0.68379,0.2151,0.1921,0.24621,0.46548,0.521,0.02734,0.34426,0.27213,0.09759,0.44318,0.15333,0.24575,0.41375,0.51704,0.22519,0.1793,0.01116,0.75715,0.8602,0.25618,0.23804,0.25877,0.26418,0.28001,0.22292,0.93614,0.45701,0.21345,0.16429,0.60406,0.57771,0.16035,0.85458,-0.01923,0.11703,0.7765,0.1993,0.50127,0.26027,0.02158,0.95308,0.15248,0.39235,0.27845,0.2385,0.52197,0.24942,0.64798,0.43595,0.17277,0.10391,0.17405,0.12169,0.03808,0.11649,0.28559,0.05866,0.3199,0.8993,0.22483,0.25558,0.41125,0.30967,0.18535,0.22511,0.78025,0.41727,0.22428,-0.014,0.73214,0.06557,0.3351,0.2196,0.37579,0.16082,0.06087,0.04313,0.20752,0.25529,0.84472,0.1144,0.15211,-0.02578,0.18696,0.0259,0.36259,0.12391,-0.03392,0.13754,0.47607,0.12963,0.36058,0.55898,0.27277,0.15594,0.44991,0.03524,0.19469,0.18102,-0.03727,0.46451,0.37834,0.11539,0.059,0.35683,0.39314,-0.08324,0.07387,0.22568,0.23543,0.71571,0.59619,0.27286,0.16529,0.21982,0.32416,0.24385,0.21764,0.22451,1.00288,0.12945,0.87469,0.04306,0.40278,0.08942,0.34596,0.26197,1.13794,0.15176,0.65296,0.46857,0.14574,0.42316,0.18245,0.18591,0.42086,-0.04552,0.03681,0.28442,0.99154,0.13162,0.18078,0.34787,0.17668,0.1493,0.11105,0.31889,0.13998,0.04108,0.2006,0.08615,0.23725,0.32189,0.18903,0.45937,0.22,0.21484,0.15429,0.74825,0.05841,0.42832,0.04729,0.0316,0.91565,0.43042,0.28092,-0.005,0.79297,1.19474,0.28755,0.27752,0.17238,0.15935,0.46551,0.44956,0.56165,0.9138,0.00108,0.47706,0.0881,0.0894,0.11788,0.0443,0.179,0.15049,0.14082,0.19913,0.40145,0.27955,0.1816,0.08172,0.44887,-0.05772,0.49215,0.04324,1.20638,0.13229,0.81605,0.15201,0.17888,0.79472,0.41123,0.41913,0.33199,0.18261
184,train,0,Normal,0.19913,-0.07378,0.53063,0.93893,0.66597,0.38354,0.18994,0.69705,0.22281,0.64237,0.23299,0.40096,0.09355,0.27729,0.55714,0.26512,0.24125,0.07474,0.20609,0.19019,0.47507,0.33307,0.54105,0.29697,0.05943,0.38142,0.40435,0.25017,0.64365,0.17881,0.9291,0.80269,0.01546,0.31234,0.255,0.83401,1.06331,0.80966,0.11196,0.04553,1.1009,0.07609,0.35219,0.0519,0.12748,0.08476,0.02875,0.0739,0.18823,0.38205,0.71389,0.28847,0.21852,0.17609,0.51231,0.47295,0.0818,0.32029,0.2773,0.09582,0.65334,0.11601,0.22325,0.2025,0.49936,0.17294,0.31106,0.08753,0.73868,0.94356,0.51042,0.18257,0.27455,0.31355,0.19524,0.2776,0.99077,0.47702,0.1799,0.15,0.47039,0.62798,0.11308,1.09091,0.05331,0.05452,0.76581,0.14649,0.55184,0.30812,0.02365,1.23127,0.10208,0.39054,0.30758,0.21739,0.522,0.30335,0.7517,0.3502,0.10882,0.12238,0.19435,0.1201,0.07506,0.01978,0.26751,0.03836,0.33155,1.08488,0.15053,0.45145,0.41097,0.23175,0.11885,0.32627,0.98216,0.48579,0.28073,0.0982,0.847,0.05083,0.46425,0.11101,0.61467,0.24952,0.039,0.00172,0.431,0.19989,0.958,0.23461,0.10056,-0.0251,0.2515,0.13297,0.3818,0.09834,-0.0294,0.17843,0.2575,0.28392,0.33827,0.51341,0.2269,0.31859,0.40595,0.07765,0.35003,0.21022,-0.02872,0.3881,0.28388,-0.00828,0.00127,0.48106,0.58242,-0.02638,0.32062,0.21626,0.30096,0.85681,0.65842,0.52897,0.17404,0.28769,0.31402,0.20186,0.41816,0.30546,1.27179,0.16858,1.0454,0.07523,0.3973,0.07866,0.29039,0.32099,1.4843,0.15021,0.88545,0.57063,0.15596,0.46141,0.14396,0.21364,0.33936,0.00538,0.06583,0.31744,1.24895,0.1647,0.05396,0.35096,0.32639,0.15273,0.28881,0.33644,0.13983,0.0996,0.33977,0.09084,0.12072,0.26498,0.22889,0.54899,0.24465,0.44876,0.13009,0.8453,0.21477,0.42109,0.13661,0.04235,0.95151,0.46449,0.23902,-0.02797,1.07212,1.39773,0.35024,0.14165,0.20743,0.16324,0.65107,0.73008,0.43713,1.22524,-0.09958,0.29821,0.11791,0.2124,0.10111,0.03332,0.25254,0.07478,0.21123,0.13513,0.37176,0.27725,0.21436,0.2659,0.41213,-0.07375,0.47928,0.0463,1.43618,0.11434,0.99938,0.16084,0.29111,1.00375,0.46358,0.39914,0.2127,0.1876
142,train,0,Normal,0.19675,0.07174,0.61205,0.98867,0.79638,0.12909,0.0257,0.7886,0.25422,0.45926,0.35962,0.30969,0.00436,0.19735,0.35031,0.42254,0.06596,0.1338,0.18044,0.05471,0.84497,0.29127,0.2888,0.02719,0.16857,0.33454,0.40153,0.17261,0.85701,0.11908,0.57351,0.92414,-0.01938,0.14441,0.21669,0.86528,0.9748,0.53993,0.15608,0.047,0.79272,0.00708,0.24628,0.18543,0.17691,0.07663,-0.01072,0.04701,0.15965,0.54132,0.70383,0.32998,0.15822,0.19277,0.23137,0.5005,0.01098,0.25144,0.20806,-0.02722,0.52885,0.09515,0.14067,0.29418,0.5945,0.27266,0.21875,-0.01706,0.58986,0.8736,0.30875,0.16052,0.273,0.43243,0.26467,0.23121,0.96227,0.4781,0.11872,0.11863,0.47099,0.69993,0.07233,1.0404,-0.00287,-0.03091,0.77722,0.23076,0.39074,0.4233,0.11194,1.16619,0.16135,0.1475,0.10585,0.33079,0.66136,0.22877,0.79379,0.53958,0.14015,0.03376,0.2377,0.16129,0.06159,0.06322,0.07151,0.08603,0.25185,1.01982,0.35639,0.29527,0.21374,0.59574,0.14165,0.38951,1.08088,0.32805,0.11941,0.04168,0.82586,0.25729,0.47441,0.244,0.37682,0.16982,-0.03661,0.00626,0.19987,0.23435,0.87025,0.09131,0.25413,-0.00885,0.17256,-0.00589,0.39239,0.12334,0.0004,0.3566,0.39881,0.31585,0.47363,0.55243,0.22349,0.32864,0.36888,0.04743,0.15181,0.13079,0.00748,0.5473,0.44106,0.2591,0.06682,0.49624,0.58398,-0.09302,0.45313,0.27091,0.15717,0.92554,0.76337,0.38296,0.27175,0.16322,0.2277,0.23181,0.11883,0.19598,1.5258,0.13651,1.24914,0.02985,0.82561,0.14775,0.36249,0.33751,1.35742,0.18775,0.57908,0.42319,0.13021,0.43835,0.20149,0.26055,0.44712,0.06022,-0.02948,0.39996,1.28646,0.19474,0.14737,0.29657,0.18634,-0.01506,0.36001,0.18416,0.08533,0.14898,0.29572,0.0462,0.23681,0.23644,0.24877,0.52583,0.26132,0.13959,0.16594,1.05481,0.13231,0.3235,0.07745,-0.02183,1.10623,0.42123,0.04223,-0.04023,1.08615,1.71509,0.39084,0.26401,0.06624,0.23508,0.66786,0.40802,0.4508,0.88065,0.0415,0.36791,0.05947,0.01215,0.06344,-0.04931,0.2468,0.07366,0.20874,0.471,0.52389,0.17517,0.17553,0.12909,0.38085,-0.02563,0.49145,0.0551,1.45911,0.14348,1.00686,0.04353,0.20765,0.95981,0.4971,0.21917,0.28501,0.17704
105,train,0,Normal,0.15596,-0.05198,0.65662,0.88391,0.53585,0.34215,0.17366,0.85596,0.23816,0.55867,0.39135,0.35182,0.06378,0.28642,0.39179,0.31774,0.15191,0.08178,0.17008,0.10689,0.59247,0.18535,0.44083,0.14468,0.25416,0.31577,0.26855,0.15253,0.74389,0.13674,0.71881,0.80221,0.00407,0.11186,0.245,0.87675,0.90474,0.69013,0.081,0.04461,1.04653,0.02418,0.27532,0.11753,0.17912,0.05256,0.0206,0.12307,0.22224,0.36155,0.67755,0.30861,0.17243,0.07208,0.31018,0.48855,0.06216,0.32367,0.29201,0.10898,0.57112,0.17207,0.03146,0.21136,0.60296,0.20105,0.24763,-0.01795,0.6244,0.96258,0.45722,0.16281,0.25848,0.50208,0.21501,0.29262,0.96532,0.39329,0.17932,0.22856,0.54371,0.82597,0.03717,1.12076,0.05781,0.02797,0.77057,0.26853,0.59472,0.32058,0.08874,1.12795,0.16181,0.22499,0.19181,0.34976,0.49775,0.25518,0.81544,0.41743,0.21618,0.10546,0.34532,0.11067,0.07328,0.04843,0.12411,0.06295,0.18739,1.17463,0.19836,0.27583,0.29259,0.18922,0.07278,0.2596,1.06494,0.37989,0.35884,0.04306,0.79503,0.03482,0.39471,0.10201,0.42693,0.20048,0.00499,-0.01931,0.33425,0.21636,0.86922,0.14768,0.08591,0.0153,0.22932,0.14512,0.28518,0.1028,0.00529,0.21434,0.26145,0.27838,0.35501,0.51077,0.14609,0.3035,0.29403,0.07312,0.2416,0.22418,-0.00375,0.38899,0.38183,0.05753,0.02173,0.49147,0.53725,-0.06804,0.35168,0.18442,0.24715,0.86925,0.70493,0.37902,0.14557,0.26584,0.31661,0.24621,0.21502,0.1701,1.42128,0.34013,1.1597,0.00906,0.64317,0.22427,0.2966,0.44376,1.46369,0.15818,0.66496,0.41928,0.14868,0.32154,0.15546,0.27997,0.40884,-0.01758,0.07651,0.2425,1.31955,0.12448,0.093,0.35774,0.17012,0.01665,0.28529,0.30021,0.17838,0.07213,0.25237,0.1633,0.09097,0.0859,0.37041,0.5663,0.13159,0.35785,0.1632,0.93062,0.18398,0.38791,0.15603,0.01442,1.12509,0.50041,0.11003,0.00661,1.08543,1.60801,0.4185,0.15355,0.12579,0.11605,0.62239,0.65697,0.42872,1.16226,-0.06928,0.25655,0.03918,0.14132,0.00167,-0.00967,0.24753,0.09851,0.23791,0.27902,0.43241,0.21938,0.17553,0.1177,0.41304,-0.00473,0.50637,0.02812,1.49561,0.07014,1.08687,0.08981,0.21618,0.98029,0.41402,0.26763,0.28692,0.20393
165,train,0,Normal,0.1566,-0.00892,0.33127,0.9492,0.97492,0.65415,0.00648,0.78056,0.24118,0.72019,0.17119,0.48921,0.06826,-0.04499,0.36789,0.58632,0.17016,0.03561,0.20856,0.04635,0.33194,0.1351,0.36958,0.23242,0.39341,0.13703,0.37354,0.31211,0.07039,0.18076,0.89706,0.43268,0.05116,0.28804,0.13295,0.28312,0.75214,1.43261,0.05853,0.1624,0.72381,0.11564,0.29606,0.07675,0.25688,0.02746,0.13098,-0.07077,0.21346,0.26408,0.546,0.08639,0.37759,0.34847,0.42529,0.52372,-0.00636,0.27315,0.3241,0.0266,0.50518,0.24214,0.64054,0.37918,0.43062,0.31331,0.43092,0.10995,0.52008,0.76993,0.28443,0.17824,0.2149,0.19993,0.50382,0.0501,0.87761,0.62786,0.16972,0.13424,0.42019,0.39187,0.11185,0.80489,-0.02296,-0.01576,0.23361,0.16922,0.62209,0.44862,0.05911,0.69406,-0.03006,0.57459,0.2379,0.15731,0.63275,0.19564,0.49194,0.43734,0.52413,0.0381,0.24743,0.32614,0.01342,0.07097,0.22296,0.09443,0.25803,0.73975,0.19083,0.39515,0.36982,0.31181,0.22102,0.21462,0.53188,0.37344,0.13449,0.11083,0.85712,0.08954,0.38345,0.1708,0.2437,0.1895,0.03897,-0.05778,0.15367,0.00999,0.69444,0.02341,0.13307,0.0277,0.13658,0.08787,0.44811,0.13157,-0.0356,0.26899,0.22885,0.32161,0.4055,0.51697,0.52601,0.40813,0.59175,0.09127,0.1742,0.04866,0.10733,0.63616,0.73863,0.12497,0.01467,0.49646,0.75567,-0.09622,0.36536,0.39843,0.30032,0.82734,0.29418,0.47962,0.22402,0.16833,0.32954,0.1681,0.26356,-0.03745,0.53977,0.04676,0.80199,0.05002,0.7347,0.09931,0.48845,0.2878,0.83419,-0.00841,0.08315,0.73899,0.17244,0.6195,0.25557,-0.01651,0.6488,0.05698,-0.04669,0.24668,1.05379,0.05699,0.18759,0.19923,0.13973,0.13033,0.3344,0.3154,-0.05539,0.11684,0.33279,-0.05896,0.46502,0.27451,0.27614,0.77675,0.52812,0.30511,0.10838,0.21192,0.26335,0.26242,-0.02462,0.03663,0.69595,0.47503,0.16481,-0.00261,0.77689,1.26882,0.31519,0.31344,0.26937,0.07156,0.72224,0.33545,0.32297,0.78359,0.06015,0.48397,0.07655,0.15207,-0.02253,0.09372,0.24149,0.06033,0.34813,0.17422,0.29356,0.04879,0.21486,0.08535,0.25917,0.08435,0.58494,-0.03968,1.2603,0.49924,0.52055,0.22273,0.28668,0.7627,0.46172,0.06753,0.28825,0.06625
069,train,1,Hemorrhage,0.52687,0.37529,0.32553,0.46889,0.15098,0.45083,0.48883,0.57683,0.41763,0.31833,0.53846,0.60532,0.47695,0.55085,0.68435,0.25577,0.34755,0.54686,0.18551,0.44184,0.32434,0.17973,0.45292,0.40671,0.28078,0.6065,0.3425,0.38785,0.52594,0.726,0.14714,0.16462,0.33357,0.23796,0.31561,0.36483,0.26621,0.2024,0.25558,0.33446,0.38404,0.04707,0.34055,0.36965,0.62856,0.46358,0.13967,0.35294,0.328,0.49594,0.34717,0.84961,0.40811,0.25653,0.20404,0.30879,0.61471,0.53086,0.5732,0.34473,0.68244,0.05848,0.18356,0.22551,0.47952,0.09672,0.45562,0.46176,0.15969,0.19794,0.50259,0.36812,0.38013,0.30058,0.45368,0.0908,0.35937,0.35374,0.34035,0.38313,0.51454,0.40568,0.27339,0.33733,0.6576,0.37279,0.19617,0.61738,0.41816,0.38853,0.44967,0.47929,0.45836,0.17977,0.24906,0.55763,0.2127,0.43244,0.37039,0.1358,0.42904,0.5133,0.48522,0.27684,0.28655,0.31182,0.34032,0.22779,0.20291,0.52296,0.15392,0.51858,0.2397,0.62511,0.30024,0.77146,0.53888,0.17999,0.26145,0.64787,0.21958,0.09907,0.60939,0.36313,0.3796,0.47086,0.60543,0.50107,0.43279,0.53101,0.42525,0.37812,0.54277,0.41007,0.31791,0.56327,0.4251,0.1455,0.43997,0.33134,0.45243,0.42503,0.24447,0.42815,0.38288,0.56637,0.20248,0.38717,0.23578,0.76413,0.39349,0.15532,0.29789,0.21421,0.77285,0.66236,0.5543,0.47744,0.5564,0.15911,0.25356,0.57131,0.22648,0.393,0.07618,0.38498,0.24676,0.70355,0.5536,0.59471,0.58644,0.41258,0.47794,0.50174,0.54335,0.52642,0.16862,0.5691,0.38401,0.7488,0.46825,0.15962,0.219,0.36009,0.25685,0.10633,0.28087,0.33532,0.54383,0.58573,0.48985,0.31038,0.36534,0.49523,0.31122,0.37149,0.36565,0.33313,0.34333,0.44789,0.80193,0.6481,0.32904,0.13353,0.50282,0.43978,0.35601,0.58325,0.27522,0.35321,0.29487,0.34097,0.4939,0.32064,0.43512,0.31134,0.30554,0.4354,0.50109,0.32936,0.45897,0.23858,0.35543,0.38154,0.32039,0.28961,0.26273,0.26589,0.38792,0.12591,0.63931,0.44435,0.25292,0.18524,0.62885,0.43951,0.32696,0.26543,0.09344,0.06968,0.19408,0.43265,0.64261,0.16429,0.60516,0.68327,0.39705,0.29919,0.29324,0.22765,0.32075,0.38879,0.32554,0.42489,0.2935,0.39457
169,train,0,Normal,0.16184,0.11281,0.37823,1.12143,1.06608,0.52859,-0.02394,0.60029,0.15849,0.80863,0.21938,0.39333,-0.02004,-0.05728,0.34587,0.56648,0.06007,-0.00196,0.23442,-0.09198,0.54941,0.11503,0.36629,0.10014,0.22202,0.10289,0.35673,0.24741,0.17394,0.22578,0.95827,0.57566,0.06207,0.17682,0.11751,0.33776,0.81201,1.0421,0.11369,0.19863,0.77145,0.14449,0.32987,0.1712,0.2562,0.05062,-0.04836,-0.05071,0.18347,0.23434,0.44648,0.08927,0.25429,0.34711,0.35539,0.50072,-0.02543,0.20497,0.24709,0.02356,0.423,0.18516,0.56985,0.20459,0.5286,0.26946,0.46323,0.13044,0.70326,0.69425,0.24998,0.23717,0.26871,0.19919,0.43259,0.15879,0.89267,0.65777,0.12261,0.07067,0.28253,0.44455,0.08305,0.86479,-0.05523,0.01813,0.30269,0.08364,0.60353,0.39841,0.06573,0.71633,-0.04086,0.46859,0.1423,0.06428,0.55333,0.16765,0.53487,0.4329,0.43429,-0.06158,0.26377,0.40037,0.0295,0.05028,0.12798,0.12705,0.27352,0.82103,0.14304,0.22306,0.38658,0.33603,0.30881,0.26996,0.52166,0.3253,0.10929,0.02799,0.80289,0.08428,0.33357,0.29422,0.12186,0.25238,0.05564,-0.0844,0.06453,0.03112,0.55847,0.01462,0.10981,0.04628,0.07637,0.09043,0.39593,0.1163,-0.07541,0.2407,0.28794,0.25882,0.49116,0.56334,0.40145,0.37403,0.64788,-0.01333,0.208,0.0318,0.05136,0.64754,0.82725,0.20116,0.08085,0.38821,0.77091,-0.11752,0.34104,0.38705,0.13372,0.95326,0.36877,0.3889,0.3627,0.0533,0.35101,0.11069,0.12647,0.01332,0.6288,0.0172,0.91189,0.01231,0.63327,0.01538,0.42743,0.32041,0.9356,-0.03636,0.02697,0.77706,0.14571,0.63855,0.18551,-0.00469,0.45016,0.02956,-0.00989,0.23641,1.10182,0.00533,0.1409,0.18634,0.12333,0.03063,0.27456,0.27594,-0.06593,0.0361,0.25288,-0.07907,0.36922,0.22936,0.20911,0.69844,0.57398,0.15387,0.04549,0.29469,0.1164,0.26418,-0.00133,-0.07892,0.6745,0.42224,0.15439,-0.0635,0.76101,1.37238,0.37873,0.29972,0.21463,0.08383,0.78996,0.289,0.28538,0.54019,0.0394,0.44779,0.01987,0.06182,-0.02166,0.13268,0.13503,0.06764,0.14278,0.2103,0.54132,0.23961,0.19009,-0.00156,0.23795,0.19188,0.41285,0.01087,1.19241,0.26267,0.5458,0.15957,0.3036,0.85624,0.41734,0.00645,0.43818,0.11889
196,train,0,Normal,0.24518,0.0117,0.49031,0.85324,0.66755,0.45739,0.05113,0.77786,0.23871,0.6612,0.09987,0.31646,0.05111,0.23307,0.56737,0.2227,-0.0338,0.00928,0.21652,0.08609,0.56757,0.18164,0.50399,0.14889,0.2105,0.23181,0.32422,0.25813,0.55378,0.11665,0.94101,0.90429,0.09508,0.28691,0.18303,0.75115,0.86029,0.82844,0.04639,0.0711,0.75502,0.06067,0.25972,0.02227,0.31733,-0.00146,-0.04007,0.09768,0.21684,0.33894,0.64157,0.26381,0.13515,0.11733,0.46955,0.5202,0.06979,0.2058,0.31288,0.07704,0.63183,0.05182,0.21117,0.23784,0.40163,0.23943,0.14481,0.09403,0.83908,0.73024,0.4073,0.11303,0.38908,0.31025,0.32416,0.24789,0.84977,0.55405,0.15244,0.19624,0.34165,0.51928,0.07615,0.8827,-0.02382,0.09362,0.63493,0.25688,0.45702,0.38553,0.02948,0.97058,0.07275,0.28408,0.13434,0.2842,0.53261,0.2285,0.62404,0.37971,0.31332,0.03917,0.17203,0.23551,0.04877,0.17853,0.35956,0.03857,0.2323,1.03785,0.10174,0.1397,0.3543,0.20319,0.14884,0.30019,0.68621,0.38781,0.20641,-0.03792,0.61853,0.05365,0.35159,0.24897,0.4729,0.26919,-0.01152,-0.04599,0.30802,0.20186,0.64464,0.21445,0.16889,-0.01429,0.24554,0.13238,0.34528,0.07502,-0.01661,0.17304,0.44349,0.23263,0.43311,0.59132,0.1606,0.26528,0.522,0.00779,0.20732,0.18293,0.04311,0.36008,0.42194,0.05938,0.13891,0.57225,0.72414,-0.11338,0.31559,0.13069,0.11841,0.60465,0.52678,0.47976,0.15134,0.17131,0.38825,0.15212,0.16059,0.14907,1.14114,0.09307,0.87147,0.03503,0.46555,0.15243,0.43439,0.23212,1.16049,0.11261,0.5959,0.51623,0.14333,0.49143,0.17271,0.15858,0.40769,0.00879,-0.0356,0.34427,1.26795,0.08027,0.18999,0.2094,0.25282,0.16697,0.2497,0.18783,0.07868,0.0331,0.20013,0.04118,0.25546,0.15334,0.12591,0.54388,0.47251,0.32827,0.0881,0.72944,0.08483,0.33952,0.0169,0.01771,0.89427,0.46195,0.28135,-0.01918,0.9425,1.21448,0.36844,0.12122,0.0822,0.15334,0.66343,0.61945,0.43112,1.00983,-0.00651,0.31541,0.03605,0.10689,0.01077,0.09144,0.2526,0.09238,0.14822,0.12463,0.41909,0.18954,0.2341,0.14529,0.25581,0.00771,0.5139,0.04165,1.22408,0.1425,0.65907,0.12722,0.18433,0.82935,0.39822,0.26813,0.29877,0.17157
147,train,0,Normal,0.34527,0.07558,0.55151,0.83212,0.63006,0.32854,0.1056,0.61104,0.24963,0.63411,0.30681,0.31662,0.04535,0.22384,0.52505,0.22758,0.02626,0.12719,0.17887,0.1448,0.64896,0.15944,0.45764,0.18241,0.11305,0.42726,0.40928,0.2813,0.72863,0.05759,0.67332,0.83992,0.03025,0.27289,0.24767,0.77202,0.96508,0.61155,0.16532,0.09491,0.92507,0.09675,0.26207,0.13606,0.25254,0.07156,0.06846,0.10532,0.19225,0.41295,0.67429,0.30649,0.15013,0.21515,0.32123,0.29269,0.0983,0.33684,0.34108,0.03584,0.54395,0.03887,0.06244,0.25454,0.48074,0.14591,0.20919,0.05535,0.72722,0.75479,0.38933,0.14463,0.34903,0.45745,0.21359,0.22128,0.75954,0.24669,0.1453,0.08975,0.5119,0.65573,0.07743,0.85841,0.03982,0.08545,0.65812,0.20753,0.43738,0.31999,0.11273,1.08395,0.128,0.31819,0.2983,0.21306,0.5597,0.2155,0.63663,0.40838,0.21869,0.09653,0.33385,0.16347,0.14081,0.06467,0.15187,-0.00642,0.35654,1.00041,0.13667,0.26015,0.28767,0.38064,0.12841,0.28243,0.82779,0.38873,0.24862,0.10188,0.64886,0.15472,0.51876,0.22765,0.46721,0.14146,0.04329,0.02372,0.31791,0.19819,0.78147,0.24908,0.22478,0.02432,0.18462,0.11562,0.40201,0.16978,-0.04916,0.28273,0.29694,0.22976,0.34853,0.50265,0.1797,0.3097,0.34712,0.08313,0.24694,0.15644,0.06068,0.41667,0.26424,0.14968,0.15984,0.4418,0.53146,-0.04134,0.30657,0.28161,0.21998,0.81324,0.63477,0.43072,0.19297,0.21964,0.28518,0.18034,0.21723,0.2065,1.26309,0.11853,0.96501,0.11289,0.68665,0.10703,0.26142,0.33575,1.30063,0.0978,0.53636,0.49092,0.13116,0.30665,0.14371,0.29746,0.41929,0.00472,0.0295,0.34253,1.2004,0.21683,0.05258,0.30893,0.24548,0.08674,0.35316,0.2397,0.06579,0.03866,0.16768,0.08973,0.17887,0.29649,0.1651,0.47722,0.18707,0.30398,0.19588,0.81972,0.196,0.40606,0.13805,0.07988,0.87255,0.46608,0.18673,0.02526,0.89773,1.34497,0.37826,0.33753,0.16483,0.16125,0.58423,0.52732,0.34827,0.90197,-0.01606,0.29206,0.05065,0.11833,0.00305,0.07976,0.18469,0.06911,0.16042,0.21091,0.50999,0.18249,0.13366,0.19527,0.34506,-0.00762,0.53913,-0.00959,1.23451,0.09557,0.94695,0.15401,0.24107,0.7774,0.41896,0.26703,0.2684,0.19623
175,train,0,Normal,0.13522,0.18737,0.30533,1.03242,0.7989,0.17701,0.0059,0.49725,0.27887,0.65222,0.08393,0.30268,-0.00477,0.0111,0.21959,0.62698,0.07837,0.06244,0.28729,-0.00208,0.49964,0.05464,0.28927,0.07833,0.28258,0.08138,0.5461,0.16152,0.16748,0.08224,0.9134,0.65268,0.05699,0.22155,0.16326,0.41313,0.71438,0.95967,0.15614,0.09041,0.72177,0.24509,0.22783,0.11124,0.0276,0.10917,0.10833,0.03834,0.19985,0.13354,0.43887,0.14874,0.14017,0.29485,0.31933,0.32038,0.02061,0.23647,0.26966,0.07859,0.46584,0.07156,0.34264,0.22169,0.38004,0.23863,0.15878,0.0869,0.82879,0.49266,0.22563,0.18174,0.24633,0.18105,0.3592,0.22824,0.64091,0.46869,0.17702,0.1828,0.38652,0.54578,0.19314,0.80946,0.06635,-0.03906,0.39905,0.25793,0.58825,0.26218,0.09991,0.66938,-0.0441,0.35693,0.07732,0.18096,0.43064,0.20538,0.38378,0.55532,0.20639,0.00198,0.1902,0.49693,0.02293,0.08304,0.11071,0.05718,0.34493,0.44622,0.0652,0.18358,0.37577,0.50093,0.26798,0.40987,0.54287,0.41407,0.15581,-0.02371,0.61306,0.19045,0.35761,0.13687,0.13543,0.33459,0.03127,-0.03476,0.04098,0.08409,0.40057,-0.01449,0.12756,0.03307,0.10565,0.02752,0.40679,0.19371,0.01475,0.37054,0.18917,0.12285,0.34589,0.66958,0.26214,0.32536,0.58625,-0.01452,0.18719,0.06008,0.1551,0.74223,0.493,0.35357,0.08028,0.2627,0.40776,-0.02302,0.24013,0.52505,0.18628,0.7787,0.51485,0.30604,0.31147,0.06508,0.26251,0.11315,-0.0215,0.0483,0.66001,0.0749,0.87369,0.04011,0.37606,0.07702,0.62053,0.24978,0.75671,0.01946,0.21398,0.8546,0.24461,0.60295,0.20777,0.16286,0.4068,0.14722,-0.02081,0.27015,1.07313,0.03662,0.17979,0.28886,0.13132,0.19378,0.30693,0.08532,0.05294,0.05279,0.18731,-0.01483,0.33653,0.37194,0.1347,0.41448,0.3981,0.22157,0.13118,0.39183,0.16327,0.28207,0.05934,0.07853,0.47509,0.43323,0.17435,-0.04227,0.6204,1.05774,0.15519,0.35704,0.20378,0.05418,0.7093,0.25865,0.19396,0.53314,0.1282,0.46703,0.17894,0.04068,0.13664,0.21263,0.06197,0.02035,0.09675,0.12469,0.51976,0.18172,0.19989,-0.00811,0.19994,0.25104,0.27803,0.02637,0.92105,0.17353,0.63262,0.20445,0.25619,0.67932,0.55526,0.11369,0.38813,0.08457
037,train,1,Hemorrhage,0.49764,0.43231,0.30583,0.31072,0.07728,0.08306,0.52562,0.18685,0.38039,0.27252,0.52944,0.41204,0.59764,0.4684,0.19542,0.39291,0.48503,0.36089,0.33163,0.45619,0.17997,0.24866,0.1911,0.31293,0.2471,0.60797,0.23911,0.26345,0.48431,0.71879,0.02517,0.13061,0.05144,0.18292,0.18982,0.49688,0.1068,0.14495,0.46667,0.27604,0.2701,0.14844,0.32108,0.56095,0.21204,0.58187,0.20178,0.46085,0.26372,0.62656,0.34403,0.74663,0.23526,0.21154,0.11098,0.30133,0.38458,0.54509,0.37291,0.28221,0.57775,0.18304,0.0727,0.23992,0.33104,0.2958,0.24433,0.33741,0.09065,0.25978,0.42108,0.33695,0.13543,0.2913,0.24276,0.2719,0.35914,0.2319,0.3225,0.23126,0.34747,0.47023,0.31437,0.33982,0.60386,0.02944,0.15795,0.4108,0.24497,0.2726,0.37152,0.46875,0.53827,0.08032,0.23438,0.54442,0.18598,0.39133,0.47174,0.25638,0.39223,0.66873,0.50757,0.4284,0.18694,0.13252,0.3952,0.28996,0.05413,0.27303,0.33616,0.38875,0.04245,0.27464,0.2343,0.47379,0.40703,0.2098,0.37478,0.52481,0.20227,0.24507,0.49223,0.16086,0.41473,0.38896,0.72373,0.74733,0.19955,0.4236,0.30224,0.30201,0.47207,0.45291,0.30995,0.6005,0.38322,0.16739,0.64558,0.61029,0.17654,0.25769,0.36231,0.55617,0.35197,0.21778,0.20012,0.34948,0.15431,0.68694,0.3466,0.14493,0.26023,0.29936,0.68674,0.25977,0.36302,0.6223,0.32831,0.48337,0.18299,0.45453,0.19441,0.26896,0.37632,0.40327,0.20422,0.46418,0.3537,0.58986,0.60602,0.28509,0.44412,0.50152,0.59303,0.61937,0.27337,0.6043,0.24388,0.4937,0.50391,0.23347,0.4611,0.25416,0.13786,0.36564,0.3406,0.41443,0.44361,0.50826,0.29747,0.27204,0.34698,0.71443,0.28402,0.43774,0.25368,0.42046,0.41928,0.31957,0.5721,0.5847,0.17049,0.24606,0.30921,0.28345,0.131,0.23471,0.53746,0.22484,0.64371,0.37692,0.41775,0.55559,0.36646,0.04796,0.21355,0.46018,0.38796,0.34403,0.35504,0.27316,0.31523,0.28784,0.27227,0.32995,0.23107,0.31805,0.62715,-0.00986,0.49373,0.59296,0.43226,0.15777,0.3831,0.52971,0.19568,0.36597,0.18156,0.17089,0.13391,0.71546,0.46271,0.20799,0.40466,0.8438,0.28129,0.43352,0.37563,0.23693,0.41349,0.1843,0.18426,0.37298,0.32799,0.25799
083,train,1,Hemorrhage,0.44231,0.3405,0.36769,0.23422,0.14806,0.37738,0.49173,0.36212,0.2851,0.55147,0.61531,0.45641,0.47946,0.30652,0.68009,0.31757,0.2558,0.31812,0.1831,0.30799,0.33457,0.23368,0.4395,0.64879,0.18497,0.61081,0.31563,0.3894,0.56492,0.52429,0.29524,0.23384,0.1928,0.23862,0.22233,0.3539,0.17378,0.39576,0.29413,0.35931,0.30275,0.18107,0.14821,0.43738,0.24973,0.54084,0.25437,0.18212,0.54632,0.30193,0.2571,0.5423,0.27714,0.28173,0.35191,0.18771,0.2484,0.65699,0.58897,0.40861,0.70055,0.25303,0.28523,0.19384,0.19546,0.38567,0.18786,0.35477,0.32145,0.2227,0.50258,0.26258,0.42514,0.45807,0.22462,0.13981,0.33806,0.21679,0.51376,0.30687,0.58299,0.30131,0.43265,0.33885,0.68429,0.29812,0.25128,0.53993,0.44397,0.2026,0.38617,0.36842,0.42971,0.31396,0.41641,0.47942,0.26275,0.37295,0.3434,0.1833,0.18636,0.39353,0.45545,0.258,0.25637,0.21241,0.52608,0.32423,0.21728,0.3144,0.53005,0.41487,0.35295,0.35114,0.26548,0.37675,0.38522,0.32713,0.31835,0.42891,0.32767,0.17233,0.66624,0.16151,0.47714,0.40888,0.37977,0.49066,0.32432,0.27357,0.42497,0.2816,0.50351,0.38022,0.4189,0.41769,0.23069,0.2596,0.3836,0.3555,0.47164,0.30138,0.23616,0.34202,0.33795,0.39828,0.2078,0.43104,0.23452,0.78603,0.39275,0.12712,0.36363,0.28091,0.38692,0.49386,0.43706,0.43546,0.23798,0.16103,0.40105,0.37307,0.26056,0.29198,0.32191,0.42589,0.23973,0.60256,0.39514,0.42504,0.4766,0.39345,0.44847,0.56816,0.34466,0.55722,0.22503,0.53579,0.45814,0.37698,0.30372,0.35762,0.52221,0.36864,0.18578,0.23191,0.39263,0.23796,0.65736,0.31995,0.26378,0.26364,0.46952,0.4312,0.45384,0.43938,0.3236,0.44853,0.43433,0.21827,0.47113,0.65251,0.18711,0.29295,0.36221,0.22501,0.18086,0.57137,0.60189,0.33525,0.41055,0.48108,0.47501,0.56975,0.3114,0.34474,0.34475,0.40911,0.1758,0.27575,0.30355,0.23504,0.35993,0.1741,0.30173,0.2836,0.37266,0.41778,0.53051,0.17627,0.61436,0.50774,0.25326,0.15523,0.51301,0.44572,0.13143,0.39289,0.13992,0.176,0.29045,0.50527,0.40647,0.20089,0.58125,0.52359,0.33608,0.34091,0.32861,0.28783,0.52132,0.30491,0.35175,0.30548,0.24996,0.31348
021,train,1,Hemorrhage,0.68104,0.44742,0.40493,0.35754,0.29144,0.60782,0.5955,0.25837,0.27594,0.42644,0.27942,0.41418,0.35258,0.22045,0.59294,0.54172,0.23026,0.34182,0.34635,0.54789,0.35265,0.18018,0.58803,0.68366,0.36721,0.46764,0.67467,0.41369,0.45623,0.48105,0.28628,0.19197,0.32614,0.27802,0.22433,0.38347,0.37895,0.31507,0.45697,0.37291,0.28528,0.19548,0.20473,0.21253,0.65666,0.55335,0.18227,0.22975,0.61581,0.42287,0.30951,0.73141,0.32142,0.43923,0.35375,0.34478,0.4943,0.71679,0.55296,0.44515,0.83262,0.18952,0.51747,0.34901,0.33832,0.18714,0.34781,0.42353,0.50557,0.25886,0.3251,0.35427,0.60093,0.38057,0.48963,0.30137,0.35915,0.41022,0.72179,0.4156,0.46764,0.20966,0.15163,0.37579,0.7103,0.3689,0.2492,0.6738,0.24321,0.42496,0.42406,0.30232,0.25147,0.46876,0.32461,0.35774,0.40868,0.34231,0.30425,0.37429,0.21151,0.21302,0.38842,0.79502,0.27058,0.62586,0.52021,0.37086,0.31281,0.44991,0.15177,0.30038,0.31414,0.42023,0.64703,0.68517,0.13424,0.17971,0.22522,0.66542,0.32704,0.26793,0.65774,0.54771,0.26693,0.64483,0.54115,0.25252,0.28898,0.43535,0.32488,0.2119,0.45886,0.18488,0.27483,0.62022,0.2642,0.12151,0.42335,0.49606,0.38549,0.30147,0.23832,0.28749,0.45739,0.51489,0.36671,0.48562,0.26287,0.7034,0.57125,0.35372,0.37623,0.33614,0.47311,0.96248,0.63132,0.40698,0.50634,0.32277,0.33305,0.39863,0.07305,0.28765,0.49592,0.35548,0.32283,1.1416,0.56344,0.57847,0.39217,0.25396,0.26153,0.58474,0.26882,0.74911,0.4216,0.33446,0.29314,0.38414,0.32657,0.41182,0.41737,0.43288,0.23874,0.30628,0.41413,0.44253,0.46879,0.63605,0.25896,0.31619,0.4025,0.5068,0.16295,0.52364,0.28406,0.36327,0.51641,0.36561,0.54123,0.72317,0.56806,0.29646,0.34702,0.31052,0.52353,0.45116,0.63793,0.34275,0.52332,0.57592,0.39516,0.48639,0.30022,0.63249,0.48005,0.82209,0.29566,0.2547,0.24814,0.29275,0.29458,0.29989,0.27555,0.24954,0.19566,0.28833,0.38293,0.31497,0.37862,0.20965,0.21579,0.38553,0.40552,0.21565,0.31631,0.24538,0.35883,0.33185,0.36043,0.38057,0.44991,0.45266,0.52874,0.68057,0.27045,0.56321,0.26862,0.16245,0.44743,0.2895,0.58474,0.28116,0.40239,0.51225
022,train,1,Hemorrhage,0.66456,0.84932,0.1168,0.16103,0.12462,0.30519,0.85254,0.09891,0.32112,0.45605,0.48366,0.39477,0.38405,0.56086,0.50479,0.76195,0.50932,0.71954,0.1789,0.52123,0.28191,0.44432,0.34501,0.88296,0.49966,0.33397,0.70305,0.36284,0.15001,0.83452,0.23339,0.0508,0.24935,0.3382,0.28911,0.18229,0.0612,0.30815,0.71865,0.35803,0.18082,0.23199,0.20203,0.60902,0.89273,0.9597,0.10972,0.30613,0.46428,0.37443,0.14175,0.82266,0.49817,0.55673,0.37844,0.43897,0.39961,0.84281,0.6618,0.73782,0.7331,0.44911,0.42997,0.26904,0.25856,0.49768,0.61209,0.97772,0.4044,0.10176,0.48919,0.61147,0.45264,0.47172,0.34962,0.13125,0.50333,0.46599,0.87327,0.3317,0.21773,0.38063,0.30175,0.05263,1.13892,0.37303,-0.00788,1.04961,0.19029,0.28715,0.53166,0.26017,0.49332,0.25027,0.23478,0.38317,0.2998,0.70699,0.46839,0.17054,0.18518,0.44252,0.72709,0.47891,0.18284,0.20423,0.79242,0.5513,0.21607,0.25841,0.5156,0.84468,0.31513,0.69195,0.52905,0.5199,0.19688,0.20672,0.36374,0.98521,0.12738,0.39977,0.94816,0.45234,0.34123,0.56939,1.32912,0.9757,0.46531,0.50588,0.07311,0.29658,1.08661,0.74648,0.30439,0.90349,0.32593,0.32256,1.06828,0.55238,0.59795,0.52863,0.35463,0.4793,0.64169,0.27507,0.25983,0.97437,0.27276,0.8432,0.65523,0.17817,0.16932,0.2376,1.07237,0.89567,0.5004,1.02142,0.27831,0.60732,0.42799,0.61507,0.03081,0.36177,0.25904,0.41267,0.35019,1.09398,0.61605,1.30896,0.30252,0.34487,0.12806,0.68722,0.20835,1.16739,0.34347,0.77505,0.56038,0.88361,0.43108,0.45168,0.67202,0.27007,0.36851,0.11442,0.31001,0.58624,0.7525,0.79896,0.19959,0.50954,0.22437,0.49786,0.31742,0.62819,0.33207,0.5551,0.69935,0.53221,0.82986,1.30419,0.29998,0.28128,0.42633,0.37335,0.23817,0.52667,0.57607,0.17906,0.81538,0.61172,0.77204,1.22589,0.23182,0.27295,0.69152,0.97521,0.32147,0.06714,0.32841,0.37925,0.27127,0.29293,0.14185,0.17202,0.1373,0.1081,0.72508,0.10062,0.72887,0.50671,0.61587,0.34736,0.68067,0.47066,0.35951,0.22394,0.33585,0.34447,0.33021,0.75334,0.42434,0.40545,0.83154,1.51133,0.15668,0.71572,0.13318,0.12779,0.63942,0.03381,0.42304,0.40348,0.41111,0.60698
138,train,0,Normal,0.17577,0.15767,0.38867,0.88562,0.74647,0.3689,0.00676,0.51249,0.18844,0.60777,0.18501,0.34329,-0.01431,0.15345,0.38375,0.32797,0.02236,0.03324,0.1676,0.08772,0.51761,0.18241,0.40268,0.08002,0.1478,0.26311,0.43051,0.20784,0.45936,0.03948,1.01585,0.70797,0.00531,0.19035,0.19159,0.57441,0.89449,0.61332,0.09887,0.12162,0.789,0.1903,0.19773,0.01747,0.22223,0.04091,0.05202,0.00997,0.22507,0.32102,0.52671,0.27478,0.10162,0.17786,0.41729,0.39286,-0.02992,0.27223,0.36571,0.04321,0.52249,0.12651,0.2797,0.23962,0.53515,0.10109,0.13269,0.04973,0.88013,0.63536,0.23987,0.1738,0.17955,0.27296,0.28615,0.43206,0.78097,0.43142,0.29923,0.19937,0.54303,0.41963,0.03765,0.82375,0.07567,0.06889,0.64172,0.22875,0.56356,0.27015,0.0421,0.96087,0.06405,0.3532,0.16838,0.22839,0.43766,0.13855,0.49365,0.55594,0.26214,0.01813,0.26003,0.35353,0.14022,0.12881,0.23989,0.04278,0.17441,0.94904,0.16485,0.13036,0.50391,0.28038,0.30079,0.28123,0.50228,0.3992,0.20974,0.06431,0.7215,0.07742,0.45762,0.29337,0.24908,0.09883,0.02178,-0.07851,0.27247,0.19401,0.64178,0.13988,0.07147,-0.05652,0.13614,0.19591,0.23089,0.14691,-0.02991,0.16318,0.26651,0.1057,0.2652,0.43893,0.28385,0.33243,0.54828,-0.00451,0.36098,0.16107,-0.02711,0.58302,0.33118,0.10988,0.05736,0.51328,0.42448,-0.09231,0.18035,0.21266,0.07212,0.68198,0.47976,0.29945,0.32399,0.11611,0.28337,0.36231,0.1512,0.17935,0.90538,0.06116,0.95938,0.04917,0.53473,0.07082,0.41594,0.26838,0.99223,0.08893,0.28773,0.5945,0.13562,0.59653,0.2639,0.18769,0.41496,0.06315,-0.00941,0.25559,1.05759,0.05964,0.21278,0.18365,0.2419,0.15586,0.15518,0.1991,0.10816,-0.01382,0.05534,0.00342,0.32413,0.17184,0.11138,0.38996,0.43318,0.22842,0.19533,0.76433,0.15928,0.38268,0.13208,0.0301,0.74907,0.56202,0.20063,0.00501,0.76448,1.1926,0.22813,0.28656,0.14853,0.17139,0.53506,0.46281,0.43401,0.77668,-0.01776,0.45611,0.06596,0.05605,0.01655,0.14821,0.12408,0.08874,0.15069,0.16765,0.71535,0.36405,0.28065,0.13411,0.24101,0.08038,0.40753,0.04104,1.14033,0.07449,0.76497,0.15286,0.25593,0.71941,0.44185,0.19643,0.33913,0.17216
042,train,1,Hemorrhage,0.60926,0.55022,0.35672,0.24803,0.19917,0.29068,0.70316,0.16515,0.427,0.57592,0.31076,0.60312,0.63431,0.18325,0.46383,0.49302,0.28349,0.47212,0.41533,0.63488,0.43619,0.30309,0.23367,0.72952,0.28486,0.4024,0.38155,0.47689,0.31936,0.65745,0.19099,0.17532,0.17392,0.39332,0.10367,0.51299,0.15745,0.57242,0.66361,0.41329,0.26348,0.30508,0.17002,0.39194,0.41947,0.59108,0.31815,0.46482,0.51603,0.50204,0.24674,0.38391,0.29667,0.71436,0.40958,0.21027,0.40833,0.55575,0.56599,0.75165,0.65532,0.36158,0.49958,0.27656,0.22754,0.54845,0.30594,0.61684,0.24474,0.32796,0.47923,0.49449,0.61067,0.31472,0.42538,0.27917,0.49846,0.29053,0.75293,0.23599,0.44873,0.35289,0.42845,0.29447,0.5561,0.3853,0.23384,0.80442,0.14027,0.23533,0.54118,0.38423,0.52191,0.38772,0.35039,0.40735,0.50225,0.55738,0.57293,0.40922,0.16646,0.63622,0.65173,0.43041,0.20372,0.21613,0.34523,0.43381,0.30231,0.22939,0.51295,0.64174,0.2651,0.5007,0.45517,0.18204,0.12908,0.39762,0.56497,0.72942,0.39747,0.39307,0.62064,0.23842,0.58149,0.32348,1.09903,0.49988,0.3095,0.21533,0.33294,0.35698,0.61247,0.29616,0.31934,0.66456,0.37459,0.27527,0.65652,0.54931,0.58357,0.26763,0.34306,0.54911,0.44228,0.39366,0.31485,0.3749,0.1487,0.67628,0.55529,0.25542,0.25995,0.4693,0.7195,0.63643,0.39504,0.75602,0.37916,0.31115,0.36153,0.5533,0.13444,0.20132,0.4568,0.64594,0.23323,0.68768,0.38325,0.49019,0.42433,0.30388,0.2129,0.69687,0.41082,0.75406,0.29335,0.34498,0.30051,0.49227,0.42729,0.35151,0.64354,0.33941,0.27734,0.26184,0.40294,0.55648,0.60105,0.61801,0.25406,0.38667,0.37368,0.78386,0.3662,0.56882,0.40864,0.56668,0.57744,0.29795,0.4556,0.82454,0.40007,0.26084,0.28936,0.40404,0.28407,0.25176,0.72372,0.22487,0.87546,0.57356,0.4833,0.67538,0.32186,0.33819,0.40101,0.82242,0.32024,0.32646,0.23257,0.59472,0.5244,0.21346,0.22509,0.22531,0.3774,0.28471,0.76857,0.16937,0.70802,0.53997,0.53256,0.36286,0.41299,0.35457,0.27775,0.27474,0.29114,0.37431,0.34817,0.33118,0.47785,0.53226,0.76992,0.91519,0.2979,0.7073,0.31816,0.2773,0.51441,0.17493,0.48105,0.25608,0.33111,0.4092
176,train,0,Normal,0.14388,0.30144,0.55275,0.83279,0.79284,0.32021,-0.03115,0.46336,0.35865,0.68703,0.02765,0.38221,-0.02999,-0.07042,0.35996,0.63807,-0.05507,-0.00877,0.23526,-0.07884,0.64158,0.06975,0.41831,0.09214,0.41591,0.04445,0.58238,0.29485,0.20539,0.06692,1.2914,0.60338,0.05583,0.24849,0.14007,0.22032,0.50915,1.0532,0.11798,0.19499,0.44046,0.37879,0.1323,0.06471,0.22543,-0.0299,0.15684,-0.02019,0.21,0.22141,0.3433,0.08122,0.05563,0.5919,0.46594,0.46517,-0.00128,0.13331,0.28686,0.12356,0.52874,0.19864,0.53468,0.52864,0.402,0.35267,0.20086,0.20824,1.06831,0.48365,0.14279,0.25195,0.34247,0.14821,0.60254,0.23412,0.64174,0.73575,0.26579,0.40082,0.40291,0.28262,0.05463,0.63684,0.10113,0.05034,0.27745,0.29518,0.48842,0.37754,0.08769,0.58682,-0.08224,0.38447,0.17805,0.29001,0.45273,0.13066,0.42787,0.63451,0.35138,-0.00748,0.39478,0.93793,0.08062,0.24876,0.37482,0.23647,0.2883,0.81182,0.13439,0.11509,0.52916,0.59474,0.54121,0.23967,0.25675,0.47407,0.18443,0.02701,0.55079,0.13063,0.48088,0.36896,0.22582,0.13957,0.01215,-0.08261,0.06946,0.08944,0.39822,-0.03662,0.23795,-0.01244,-0.00819,0.03421,0.32383,0.17188,0.073,0.43328,0.52251,0.19247,0.44999,0.45883,0.6257,0.33953,0.61908,0.06046,0.31259,0.0088,0.0967,0.80966,0.56551,0.32455,0.0311,0.50485,0.45299,-0.05395,0.22894,0.42931,0.12369,0.5187,0.25754,0.22992,0.448,0.00726,0.34315,0.21924,0.06867,-0.01749,0.3125,0.02721,0.76097,0.07136,0.39268,0.18363,0.66612,0.22783,0.69095,-0.01718,0.00026,0.81018,0.29526,0.56644,0.32845,-0.00067,0.50221,0.03883,-0.00372,0.32269,0.91424,0.09638,0.28407,0.0912,0.2674,0.21394,0.19256,0.14838,-0.0594,0.02457,0.1637,0.02693,0.5887,0.50717,0.09127,0.43864,0.70828,0.12996,0.1061,0.44947,0.3587,0.3134,-0.03918,0.10603,0.50588,0.72473,0.27697,0.08633,0.49601,0.85288,0.16712,0.44492,0.20025,0.36222,0.62493,0.19647,0.28561,0.47402,0.20383,0.79099,0.1772,-0.01703,0.02354,0.26856,-0.02291,0.1218,0.31814,0.10867,0.69781,0.46955,0.2506,-0.00856,0.26967,0.37456,0.55062,0.01892,0.9605,0.25626,0.35576,0.1817,0.42515,0.64006,0.52189,-0.01417,0.46049,0.13386
110,train,0,Normal,0.17231,0.02305,0.63103,0.83922,0.49377,0.30376,0.16659,0.81192,0.20837,0.66713,0.33458,0.30722,0.04779,0.19715,0.3932,0.33911,0.10807,0.12597,0.25608,0.08538,0.54909,0.26779,0.50283,0.34226,0.14195,0.42419,0.31868,0.31861,0.58122,0.13617,0.83442,0.66017,0.02658,0.26332,0.20737,0.73832,0.82125,0.60356,0.11049,0.10504,0.92098,0.13887,0.31781,0.16343,0.14051,0.10578,0.09872,0.13423,0.16449,0.58799,0.69072,0.24263,0.09675,0.17841,0.42808,0.5428,0.07457,0.29621,0.34024,0.09087,0.6424,0.18859,0.24776,0.42831,0.50217,0.21453,0.13307,0.16894,0.74417,0.92984,0.30927,0.25235,0.31781,0.40253,0.37371,0.25399,0.87119,0.57388,0.27003,0.28443,0.55974,0.65398,0.05118,0.9772,0.06314,0.13082,0.69635,0.23713,0.40818,0.33889,0.03765,1.07053,0.08048,0.36586,0.38273,0.42625,0.58097,0.23502,0.72105,0.62012,0.19228,0.13062,0.25905,0.24334,0.15181,0.09406,0.17457,0.10431,0.33587,1.03518,0.32476,0.34776,0.28984,0.27324,0.11973,0.26701,0.81464,0.47946,0.26704,0.15533,0.68917,0.09123,0.37193,0.15822,0.58711,0.15003,0.04325,0.02037,0.33271,0.2266,0.8948,0.20149,0.11941,0.02597,0.22036,0.08189,0.41422,0.15612,0.02457,0.23972,0.27675,0.24334,0.38408,0.44169,0.33995,0.46729,0.6136,0.16445,0.39092,0.10502,0.0488,0.45268,0.39852,0.04887,0.10819,0.4598,0.57733,-0.07179,0.24778,0.23312,0.33617,0.70853,0.41762,0.30456,0.25375,0.22856,0.28073,0.22021,0.26821,0.25391,1.05074,0.13722,0.90978,0.08419,0.42267,0.08453,0.35346,0.16576,1.22935,0.11638,0.41169,0.55933,0.25521,0.49919,0.10609,0.16409,0.4914,0.17086,0.09401,0.24797,0.98497,0.25408,0.2109,0.28473,0.13655,0.0837,0.3265,0.45998,0.06405,0.0973,0.26167,0.08307,0.23574,0.19366,0.29285,0.45223,0.36172,0.50013,0.12536,0.74816,0.43986,0.31989,0.16696,0.19155,0.89981,0.59532,0.15048,0.07434,0.86715,1.24554,0.28827,0.2525,0.25209,0.23744,0.41576,0.47794,0.49047,1.13551,-0.07606,0.36487,0.14448,0.1047,0.01743,0.09143,0.21533,0.15789,0.26751,0.30105,0.47695,0.20063,0.31231,0.15392,0.48751,0.01085,0.49481,0.09282,1.26252,0.0585,0.88938,0.29319,0.29276,0.79823,0.45776,0.37159,0.34555,0.23944
108,train,0,Normal,0.12716,-0.01125,0.66602,1.03372,0.49635,0.23084,0.20833,0.82236,0.38352,0.38014,0.32005,0.40461,0.04526,0.32759,0.44562,0.32945,0.11003,0.06722,0.26859,0.07864,0.64946,0.34253,0.39677,0.2146,0.19952,0.48764,0.36072,0.26527,0.88753,0.25306,0.57481,0.76754,0.00016,0.03898,0.19602,0.8685,0.7866,0.54641,0.29946,0.12552,0.85461,0.16949,0.30721,0.18047,0.17749,0.06937,0.08317,0.17281,0.24633,0.76704,0.72994,0.3105,0.12963,0.22778,0.25091,0.61881,0.06995,0.22057,0.17358,0.05064,0.6273,0.18917,0.30395,0.41791,0.58951,0.29667,0.17139,0.17804,0.60515,1.04521,0.44108,0.21839,0.28102,0.46047,0.53788,0.21161,1.05021,0.58052,0.34099,0.45429,0.45938,0.87607,0.0828,1.17545,0.09911,0.06981,0.80743,0.15262,0.38319,0.45602,0.06817,1.34899,0.25145,0.1186,0.24224,0.54149,0.58256,0.33024,0.86247,0.6731,0.08942,0.18773,0.48306,0.44632,0.06493,0.14061,0.17096,0.30403,0.26851,1.1262,0.5554,0.29228,0.23605,0.4851,0.087,0.44701,1.08332,0.47653,0.33597,0.21493,0.73406,0.14817,0.42654,0.27353,0.73778,0.17554,-0.02205,-0.01536,0.21391,0.18826,0.90112,0.08782,0.27295,0.02729,0.31019,0.05152,0.21168,0.10375,0.03772,0.39989,0.60455,0.31171,0.47174,0.6125,0.3988,0.48112,0.41076,0.1221,0.12719,0.14537,0.10972,0.4829,0.47947,0.37988,0.00673,0.63496,0.55737,0.03625,0.60479,0.23928,0.16656,0.74468,0.53622,0.41821,0.31948,0.38819,0.21836,0.20973,0.05976,0.14706,1.40551,0.2343,1.09282,0.04921,0.7574,0.1557,0.42802,0.32438,1.51829,0.16912,0.43155,0.37593,0.26732,0.34839,0.08631,0.19984,0.42708,0.06511,0.06544,0.5187,1.3967,0.43486,0.38383,0.33115,0.23949,0.15494,0.41073,0.37682,0.08853,0.21813,0.36989,0.07328,0.46279,0.14057,0.25526,0.53321,0.49401,0.45905,0.20784,0.88983,0.45794,0.25172,0.00985,0.13049,1.23744,0.51891,0.05121,0.1259,1.05174,1.56388,0.35009,0.22363,0.1093,0.37672,0.50394,0.6883,0.30508,1.35788,0.04114,0.39927,0.19071,0.11692,0.06488,0.0956,0.20964,0.0653,0.40868,0.38721,0.41711,0.1572,0.31876,0.08817,0.46167,0.05767,0.71312,0.1685,1.48494,0.07023,1.04947,0.12877,0.31802,0.93811,0.45852,0.36208,0.2243,0.1769
028,train,1,Hemorrhage,0.66674,0.825,0.52631,0.42196,0.28174,0.366,0.88532,0.26092,0.4541,0.31657,0.66642,0.63173,0.6364,0.33198,0.43136,0.89976,0.49884,0.49196,0.15903,0.77512,0.43262,0.10386,0.4302,0.50713,0.30572,0.54249,0.60757,0.37469,0.42032,1.09972,0.1407,0.20953,0.11601,0.27926,0.20442,0.42106,0.34506,0.43641,0.8363,0.53469,0.32218,0.29211,0.20404,0.47714,0.5464,0.67634,0.18746,0.24366,0.59983,0.60627,0.22043,0.92205,0.13377,0.50851,0.21658,0.21803,1.06321,0.67056,0.56156,0.70339,0.97502,0.26206,0.36844,0.38759,0.27627,0.46477,0.41117,0.55827,0.20198,0.21644,0.61467,0.16273,0.38387,0.19762,0.41654,0.15237,0.36025,0.2525,0.72678,0.41978,0.33954,0.30136,0.24106,0.29343,1.50003,0.14837,0.22163,0.84547,0.46362,0.23411,0.604,0.38561,0.56979,0.28292,0.20525,0.80416,0.28846,0.49205,0.40356,0.51589,0.35689,0.59147,0.50339,0.47157,0.20755,0.30358,0.30968,0.34034,0.15282,0.50261,0.23458,0.65605,0.15189,0.52256,0.57386,0.8233,0.36269,0.16213,0.36744,0.89274,0.32892,0.35518,0.73299,0.15842,0.67977,0.49139,1.13373,0.65784,0.26163,0.70698,0.28085,0.32787,0.65369,0.41044,0.37968,0.91225,0.32442,0.07234,0.97826,0.57554,0.4633,0.35239,0.37284,0.57012,0.36691,0.52412,0.605,0.85331,0.37177,0.87179,0.5217,0.21669,0.23783,0.36545,1.16184,0.68835,0.56107,0.85946,0.49284,0.40687,0.29209,0.66299,0.18618,0.19359,0.56609,0.3448,0.22288,0.90337,0.8258,0.66801,0.50987,0.19897,0.54624,0.9196,0.38665,1.29492,0.47627,0.61864,0.29261,0.76234,0.43253,0.40806,0.32403,0.41706,0.49193,0.10623,0.46234,0.56762,0.76699,0.7221,0.43611,0.57089,0.36725,0.57124,0.26073,0.63231,0.26907,0.74784,0.3488,0.40675,0.68375,1.00935,0.34791,0.30849,0.5676,0.43433,0.42716,0.26165,0.77171,0.19773,0.72454,0.60003,0.76452,0.66223,0.19085,0.2749,0.5146,0.85329,0.38971,0.28737,0.47884,0.31327,0.64339,0.21385,0.32523,0.2207,0.34038,0.41218,0.80453,0.16844,0.83191,0.63574,0.62421,0.27059,0.89653,0.52808,0.46718,0.31422,0.38059,0.24922,0.26836,0.78647,0.7664,0.45049,0.5849,0.8925,0.34122,0.61834,0.40958,0.31903,0.71359,0.34211,0.45978,0.28526,0.3412,0.51866
111,train,0,Normal,0.22695,-0.02551,0.63573,0.75925,0.51833,0.33379,0.12858,0.73398,0.24603,0.67927,0.24894,0.3461,0.02383,0.11081,0.37499,0.3278,0.08023,0.06409,0.23785,0.04923,0.41501,0.19281,0.41356,0.21742,0.14731,0.35777,0.38361,0.33184,0.52591,0.15992,0.90516,0.7593,0.04703,0.34174,0.19656,0.66862,0.79841,0.67623,0.10074,0.1032,0.87698,0.18085,0.32311,0.113,0.14797,0.03704,0.13881,0.04128,0.251,0.48299,0.71869,0.20185,0.05958,0.13748,0.44263,0.58743,0.08356,0.30438,0.24814,0.10057,0.5834,0.27053,0.21305,0.52188,0.51726,0.21166,0.11036,0.11619,0.80115,0.87739,0.24137,0.2198,0.16974,0.32588,0.35821,0.22978,0.97712,0.4846,0.27138,0.33033,0.49057,0.68486,0.00785,1.00707,0.04132,0.07016,0.74011,0.22653,0.4427,0.26836,-0.04017,1.06295,0.05546,0.29094,0.36183,0.36751,0.49541,0.23169,0.68973,0.59053,0.16117,0.11407,0.29653,0.27795,0.12525,0.10712,0.19725,0.16242,0.32571,1.07208,0.39579,0.27738,0.38034,0.26504,0.17498,0.25662,0.75124,0.55843,0.29711,0.07578,0.73841,0.15794,0.33916,0.16268,0.55205,0.09886,0.04407,-0.01673,0.16904,0.18037,0.74003,0.14398,0.07279,0.01308,0.1751,0.10759,0.32712,0.11814,0.01139,0.1951,0.25667,0.2273,0.29281,0.43835,0.31308,0.40766,0.53145,0.05696,0.36236,0.10894,0.05916,0.39742,0.42933,0.1251,0.05147,0.43301,0.41034,-0.04588,0.19147,0.29115,0.42084,0.65238,0.47904,0.27313,0.27215,0.29929,0.26837,0.21912,0.16709,0.19854,1.01565,0.14698,0.91021,0.06961,0.34968,0.08105,0.44703,0.22106,1.26316,0.11192,0.36448,0.70154,0.25738,0.54325,0.15247,0.16704,0.55925,0.007,0.05197,0.24751,1.00443,0.16523,0.25319,0.30346,0.1236,0.12062,0.25765,0.447,0.07812,0.11416,0.23963,0.03971,0.27343,0.21185,0.25138,0.47765,0.24074,0.29697,0.15938,0.77577,0.33545,0.41742,0.02537,0.13246,0.97569,0.58859,0.12747,0.01826,0.84986,1.27358,0.22681,0.22427,0.24705,0.19151,0.429,0.54324,0.5368,1.10343,-0.01639,0.46925,0.11172,0.11414,0.00457,0.12323,0.14245,0.1797,0.13184,0.32421,0.41832,0.28167,0.29805,0.04111,0.46702,0.01724,0.39053,0.16363,1.28274,0.04007,0.98304,0.20096,0.26927,0.72921,0.51223,0.29388,0.37473,0.19061
137,train,0,Normal,0.20516,0.00385,0.29308,0.80991,0.77782,0.39617,-0.01357,0.53781,0.24357,0.52201,0.22411,0.28262,0.03803,0.19171,0.46334,0.34509,-0.00359,0.06608,0.11202,0.08413,0.43279,0.19849,0.4345,0.14546,0.1137,0.29792,0.4678,0.1838,0.34662,0.15135,0.97193,0.65446,0.01094,0.27259,0.25575,0.54597,0.89806,0.76287,0.06657,0.06298,0.83842,0.1035,0.29316,0.02077,0.20314,-0.01903,-0.00222,0.03269,0.21509,0.29919,0.53485,0.31918,0.16142,0.20616,0.49991,0.4098,0.02695,0.22888,0.30585,0.04238,0.40762,0.09663,0.28132,0.13064,0.45484,0.12436,0.1801,0.00616,0.74635,0.56912,0.358,0.19293,0.18307,0.23158,0.32788,0.30321,0.75535,0.52619,0.2631,0.17223,0.68349,0.35864,0.1054,0.7831,-0.10107,0.00989,0.59809,0.19386,0.53194,0.30078,0.02883,0.9366,0.03153,0.45332,0.19464,0.24661,0.47009,0.18312,0.54675,0.53184,0.19105,0.07995,0.27059,0.20088,0.05122,-0.01358,0.30096,0.02164,0.25552,0.88952,0.09253,0.31665,0.43097,0.2242,0.18343,0.33407,0.53885,0.44769,0.14337,0.09145,0.66091,0.04655,0.36153,0.21113,0.26187,0.13798,-0.0068,-0.05472,0.2414,0.22045,0.68422,0.19145,0.15133,-0.05363,0.2146,0.1612,0.3466,0.18105,-0.02363,0.11496,0.30812,0.13078,0.26636,0.53551,0.20618,0.35477,0.55035,-0.0119,0.28713,0.08814,0.00384,0.49571,0.32418,0.10189,0.00464,0.47732,0.47373,-0.08536,0.33319,0.19257,0.22755,0.73977,0.50495,0.42279,0.25033,0.3421,0.31535,0.25667,0.11628,0.17387,0.86887,0.08029,0.86521,0.03834,0.53868,0.04526,0.48921,0.21455,1.01544,0.11614,0.42353,0.62526,0.08792,0.56344,0.24667,0.1874,0.36288,0.11317,-0.04205,0.25673,1.10251,0.02411,0.20791,0.14585,0.22732,0.13206,0.36023,0.18998,0.07867,0.09334,0.11623,0.00957,0.32975,0.20051,0.11357,0.45714,0.33453,0.38139,0.14467,0.64088,0.13387,0.38489,0.07367,0.01048,0.71131,0.49625,0.29955,-0.05813,0.76306,1.07867,0.27696,0.27418,0.22241,0.15116,0.625,0.62885,0.36246,0.83084,-0.06046,0.43401,0.01171,0.11507,0.04188,0.1004,0.19619,0.08778,0.19141,0.15373,0.47971,0.21181,0.23793,0.15562,0.20996,0.03853,0.51328,-0.03921,1.03787,0.10906,0.76907,0.17169,0.26104,0.68274,0.43812,0.25243,0.31513,0.18042
155,train,0,Normal,0.20269,0.00891,0.36769,0.76962,0.47282,0.25338,0.08915,0.69563,0.34697,0.67135,0.20121,0.27285,0.00551,0.14383,0.37583,0.22731,0.15335,0.09695,0.09421,0.14517,0.63167,0.2078,0.23193,0.07821,0.22591,0.24744,0.33061,0.28298,0.5952,0.11599,0.62257,0.76311,0.06809,0.15356,0.19256,0.76887,0.76896,0.46499,0.15744,0.11871,0.86822,0.02649,0.30415,0.16486,0.11993,0.06828,0.12901,0.06102,0.24294,0.50708,0.69911,0.23922,0.25156,0.09984,0.27822,0.39307,0.13713,0.25838,0.23442,0.08105,0.41387,0.12917,0.11154,0.34547,0.56776,0.18655,0.12133,-0.0332,0.59015,0.89043,0.1981,0.15266,0.25528,0.50504,0.28368,0.16462,0.93452,0.33731,0.14165,0.25018,0.5361,0.67754,0.08418,0.79825,-0.0173,-0.01261,0.89741,0.18544,0.417,0.38779,-0.02517,1.05933,0.19823,0.19249,0.24212,0.38674,0.40191,0.23791,0.6405,0.44181,0.20492,0.11071,0.17872,0.23842,0.06404,0.13086,0.08476,0.0701,0.37798,0.74522,0.21438,0.23752,0.21175,0.305,0.21444,0.29949,0.8152,0.17504,0.28856,-0.01144,0.74154,0.13853,0.30833,0.14214,0.37175,0.21138,0.04766,-0.03852,0.16167,0.24917,0.74558,0.20468,0.06438,0.06052,0.27535,0.09805,0.33103,0.04863,0.02848,0.26311,0.37254,0.23803,0.41038,0.49187,0.27262,0.25968,0.28171,0.0321,0.21778,0.16988,0.02844,0.43358,0.37206,0.20945,0.1189,0.25236,0.29892,-0.03448,0.15062,0.21889,0.50238,0.81565,0.57333,0.23771,0.13818,0.20127,0.21107,0.13076,0.17597,0.30831,1.18262,0.19285,0.84274,0.09713,0.44719,0.07106,0.30663,0.28961,1.16602,0.08922,0.75383,0.4022,0.0933,0.32284,0.26303,0.33866,0.43266,-0.07343,0.02275,0.23961,0.96364,0.17392,0.10404,0.44205,0.1337,0.04572,0.03602,0.30607,0.10355,0.04673,0.15512,0.06545,0.1011,0.12055,0.20259,0.49284,0.18638,0.22337,0.17839,0.90829,0.07656,0.4757,0.14876,0.05696,0.96322,0.39038,0.0872,0.03468,0.93643,1.35603,0.40881,0.20083,0.11468,0.14686,0.4214,0.35296,0.45969,0.85333,-0.03073,0.38341,0.02667,0.22791,0.00179,0.0316,0.41503,0.13474,0.11376,0.21852,0.47049,0.36023,0.09312,0.08133,0.37257,0.07231,0.39197,0.04754,1.22483,0.15005,0.94007,0.11678,0.08185,0.77629,0.44237,0.25749,0.36384,0.20056
178,train,0,Normal,0.25008,-0.04549,0.59372,0.72061,0.4968,0.31658,0.1241,0.7447,0.29337,0.59238,0.35787,0.3307,0.09656,0.2273,0.5078,0.20211,0.20398,0.09569,0.19667,-0.01073,0.63805,0.35909,0.52911,0.20993,0.1389,0.40088,0.29158,0.3718,0.73571,0.27802,0.70551,0.68951,0.04582,0.17072,0.2043,0.7883,0.86434,0.58634,0.11226,0.1645,0.85838,0.07009,0.38418,0.09022,0.22033,-0.00265,0.0294,0.17292,0.25608,0.53173,0.77353,0.30313,0.22305,0.12011,0.32684,0.57184,0.09765,0.24082,0.25645,0.00476,0.62016,0.10682,0.17221,0.38292,0.51094,0.14489,0.267,0.0264,0.63925,1.01826,0.38097,0.23128,0.24447,0.44451,0.35539,0.24486,0.97498,0.44257,0.14636,0.26216,0.52397,0.74299,0.0893,1.10305,-0.00312,0.04502,0.73428,0.13309,0.28948,0.33128,0.04086,1.12515,0.13326,0.2893,0.38369,0.39603,0.52256,0.22188,0.84532,0.40318,0.20348,0.17771,0.30544,0.31702,0.04962,0.04182,0.17081,0.05651,0.23331,1.16937,0.14504,0.29321,0.24267,0.30734,0.0872,0.36101,0.92289,0.51432,0.38066,0.15848,0.60824,0.09242,0.31764,0.21493,0.54522,0.14446,0.01543,-0.02217,0.22131,0.24104,0.96753,0.30381,0.21798,-0.00304,0.2684,0.06395,0.39435,0.10544,-0.03685,0.2338,0.40043,0.2607,0.27693,0.54376,0.27089,0.36268,0.35417,0.09224,0.16286,0.1467,0.01429,0.39552,0.42801,0.11947,0.09091,0.49084,0.60396,-0.07214,0.36127,0.23218,0.24786,0.82731,0.53918,0.33713,0.13357,0.38263,0.30639,0.13111,0.19064,0.20061,1.32756,0.13546,0.98976,0.0697,0.60015,0.08231,0.27168,0.22545,1.34675,0.12619,0.60418,0.45157,0.21463,0.35188,0.08876,0.23095,0.50385,-0.01616,0.05621,0.36395,1.22767,0.17633,0.11899,0.35897,0.26818,0.00618,0.27515,0.4804,0.1128,0.13449,0.26871,0.08673,0.21153,0.13836,0.30121,0.51617,0.32423,0.47488,0.1329,0.89827,0.13839,0.42606,-0.0186,-0.06571,1.19575,0.435,0.08763,-0.03593,1.04762,1.4722,0.39545,0.17129,0.20709,0.2749,0.4509,0.75206,0.51852,1.23567,-0.0491,0.28459,0.08961,0.14229,0.02106,-0.03081,0.23808,0.16698,0.24132,0.38576,0.33764,0.2352,0.19212,0.21181,0.48415,-0.02717,0.64912,0.09179,1.42472,0.09181,0.98016,0.2609,0.21019,0.88971,0.415,0.2856,0.28959,0.19256
145,train,0,Normal,0.23525,0.02006,0.4704,0.91103,0.62707,0.39028,0.05985,0.68262,0.21804,0.48607,0.27879,0.35821,0.06366,0.27126,0.54283,0.30507,0.07856,0.14989,0.15864,0.20812,0.64379,0.18764,0.34448,0.14978,0.19321,0.30011,0.40609,0.17481,0.60549,0.091,0.68363,0.78018,0.01796,0.16542,0.24052,0.80448,0.99978,0.68792,0.10904,0.10248,0.74812,0.03744,0.22069,0.14251,0.2195,0.05962,0.06473,0.10777,0.27829,0.42284,0.68669,0.34825,0.23049,0.28019,0.27291,0.44877,0.06397,0.25557,0.32913,0.06251,0.57454,0.07159,0.10153,0.14618,0.49053,0.11217,0.29865,0.02132,0.69774,0.68296,0.37247,0.16081,0.32753,0.46888,0.25121,0.2068,0.70513,0.45009,0.15508,0.20925,0.39025,0.65837,0.10376,0.8643,0.07584,0.12457,0.65166,0.25617,0.47565,0.40457,0.16041,1.06051,0.08404,0.37542,0.20586,0.3337,0.66503,0.24981,0.73025,0.46364,0.23683,0.0662,0.45313,0.18075,0.07263,0.04566,0.18862,0.06154,0.38686,1.00484,0.15107,0.34307,0.31361,0.30576,0.07815,0.32919,0.66798,0.39821,0.30584,0.17191,0.60114,0.21106,0.45205,0.22966,0.36667,0.22754,0.04372,-0.0238,0.22091,0.24275,0.86511,0.33695,0.30287,0.0053,0.2863,0.08033,0.31793,0.10629,0.02089,0.19887,0.36082,0.27318,0.19991,0.46404,0.13095,0.40327,0.50658,0.09339,0.20253,0.13472,0.10916,0.47093,0.41469,0.15896,0.15264,0.53767,0.61783,-0.07943,0.42749,0.13494,0.26411,0.77045,0.67381,0.47434,0.10572,0.24413,0.32265,0.16408,0.20803,0.19038,1.28619,0.13193,1.06698,0.02935,0.66681,0.22134,0.31304,0.29324,1.13306,0.12872,0.69929,0.40668,0.14349,0.39017,0.16743,0.36697,0.46986,0.08293,0.06928,0.25922,1.31818,0.14523,0.08276,0.22262,0.1878,0.06495,0.33471,0.25524,0.116,0.03187,0.2028,0.08025,0.12968,0.13411,0.16133,0.54118,0.15093,0.34083,0.24078,0.86979,0.23597,0.50141,0.14988,0.08511,0.80293,0.49666,0.17291,0.00107,0.97628,1.401,0.37731,0.34052,0.12087,0.16482,0.64977,0.62635,0.43793,1.04228,0.01611,0.32467,0.0493,0.11304,-0.01083,0.02157,0.22044,0.07083,0.29437,0.22873,0.55518,0.31342,0.23981,0.33234,0.26489,0.03806,0.60096,0.05024,1.26486,0.15441,0.7966,0.15886,0.22501,0.75034,0.37578,0.19935,0.33453,0.16999
048,train,1,Hemorrhage,0.2079,0.21094,0.31995,0.42275,0.17824,0.13339,0.33453,0.39333,0.18005,0.31855,0.34526,0.30637,0.3728,0.53574,0.23525,0.49875,0.28848,0.39203,0.2109,0.3902,0.31872,0.15378,0.44169,0.4137,0.25285,0.44911,0.29786,0.22985,0.42975,0.52414,0.19595,0.2575,0.25535,0.27866,0.34264,0.494,0.2913,0.35551,0.27111,0.20555,0.49879,0.06848,0.28555,0.39506,0.24384,0.37695,0.14949,0.19397,0.3849,0.26871,0.30699,0.66054,0.22561,0.16327,0.31896,0.30409,0.40409,0.47319,0.48751,0.2782,0.63644,0.21408,0.20402,0.30301,0.30786,0.30411,0.34203,0.41713,0.11258,0.28567,0.40671,0.13891,0.37376,0.43874,0.22232,0.14707,0.38266,0.29316,0.36183,0.08258,0.40811,0.38551,0.28562,0.3302,0.47377,0.1282,0.27695,0.53663,0.39398,0.27175,0.36473,0.63133,0.42923,0.22262,0.16911,0.37681,0.34324,0.46707,0.31112,0.20994,0.26004,0.27514,0.37868,0.07723,0.26237,0.11041,0.26341,0.13456,0.2669,0.3819,0.2054,0.34732,0.20012,0.17226,0.2212,0.49142,0.57408,0.28694,0.34176,0.32424,0.38919,0.13939,0.60114,0.08435,0.57079,0.40975,0.46911,0.44115,0.47666,0.50478,0.3561,0.22261,0.30394,0.27579,0.30341,0.33204,0.45117,0.21587,0.4021,0.46153,0.23381,0.36897,0.2883,0.23842,0.19216,0.25994,0.40226,0.43293,0.14945,0.57543,0.12214,0.19765,0.42854,0.04221,0.59469,0.39395,0.32172,0.45455,0.27731,0.19185,0.33314,0.52057,0.27065,0.31614,0.25368,0.16919,0.24086,0.4905,0.53133,0.53935,0.46663,0.34561,0.51154,0.43633,0.33885,0.54577,0.26046,0.61417,0.29389,0.59716,0.45144,0.25326,0.2171,0.34612,0.22882,0.15485,0.34284,0.30056,0.38857,0.49865,0.49327,0.22264,0.16092,0.34817,0.36883,0.22367,0.29098,0.30992,0.33696,0.1909,0.63421,0.54599,0.20487,0.15369,0.31319,0.32886,0.10342,0.46153,0.47288,0.36822,0.66917,0.38383,0.47825,0.65501,0.41854,0.22549,0.28147,0.43455,0.54499,0.37354,0.46146,0.13044,0.28395,0.15845,0.47702,0.24278,0.2732,0.46113,0.28045,0.07405,0.34573,0.25619,0.17622,0.12132,0.46217,0.33054,0.22504,0.16623,0.35193,0.13672,0.10591,0.41867,0.46803,0.19281,0.54606,0.4333,0.45745,0.25924,0.37528,0.16875,0.37457,0.39681,0.38058,0.33709,0.29465,0.40378
051,train,1,Hemorrhage,0.61103,0.41673,0.44931,0.47509,0.18535,0.32368,0.78457,0.32691,0.45901,0.51634,0.29935,0.70161,0.85081,0.18467,0.50894,0.36696,0.51909,0.64686,0.34668,0.75986,0.25193,0.16205,0.33438,0.83463,0.35063,0.56756,0.48022,0.55695,0.63107,0.72258,0.20442,0.32902,0.2449,0.32217,0.21347,0.66789,0.4578,0.46846,0.44495,0.54958,0.48091,0.46848,0.21215,0.49263,0.60949,0.5118,0.32728,0.57514,0.42898,0.60847,0.2296,0.76068,0.32976,0.62956,0.52732,0.14061,0.62195,0.68235,0.5326,0.74064,0.80914,0.16796,0.27709,0.34479,0.31566,0.30599,0.33557,0.57482,0.19881,0.37778,0.56884,0.42303,0.57999,0.31393,0.42025,0.39995,0.71449,0.22139,1.02939,0.29809,0.51628,0.34934,0.4286,0.30051,0.63889,0.25398,0.20686,0.76747,0.42016,0.34062,0.30741,0.54975,0.37242,0.36422,0.49909,0.56552,0.45426,0.28969,0.60031,0.28454,0.35072,0.47754,0.45518,0.55061,0.34481,0.23222,0.28678,0.4801,0.34862,0.28759,0.33671,0.69114,0.26008,0.53778,0.52774,0.58708,0.28946,0.50304,0.76588,0.98742,0.48033,0.2067,0.43491,0.25626,0.76954,0.68696,1.17859,0.51985,0.39089,0.37056,0.40914,0.30457,0.60425,0.25731,0.28812,0.7978,0.49295,0.34794,0.74067,0.54567,0.37223,0.2902,0.23351,0.75452,0.7344,0.43778,0.46283,0.30415,0.30473,0.94585,0.91378,0.23168,0.25779,0.50456,0.88542,0.39395,0.46871,0.71858,0.28793,0.38122,0.43375,0.71045,0.24973,0.15398,0.41095,0.58624,0.27995,1.1471,0.55085,0.57156,0.48678,0.20894,0.43811,0.8836,0.46139,0.49996,0.28145,0.3452,0.25782,0.36575,0.53315,0.43409,0.38616,0.48764,0.31677,0.30685,0.4158,0.27608,0.74968,0.69858,0.31592,0.21577,0.36485,0.81975,0.40149,0.41936,0.24801,0.76864,0.34742,0.30699,0.61883,0.66111,0.40085,0.29868,0.26366,0.45541,0.3991,0.39188,0.68488,0.3713,0.43816,0.632,0.4453,0.30753,0.20521,0.33319,0.48482,1.01142,0.59015,0.35533,0.44023,0.5489,0.65821,0.15892,0.23038,0.16855,0.19257,0.35303,0.83596,0.21129,0.78908,0.73533,0.46706,0.37632,0.50416,0.39752,0.14627,0.2202,0.3724,0.2992,0.39773,0.56384,0.65366,0.6131,0.48142,0.97655,0.35232,0.82062,0.57747,0.44917,0.33964,0.42068,0.69187,0.15992,0.40134,0.60216
122,train,0,Normal,0.05636,-0.03605,0.35587,0.62666,0.42651,0.22375,0.11005,0.53922,0.15115,0.54041,0.26731,0.25997,0.13892,0.18413,0.31481,0.32429,0.2078,0.17285,0.18984,0.12018,0.38774,0.22125,0.39246,0.12435,0.16067,0.29272,0.38745,0.21786,0.44595,0.03184,0.7589,0.5655,-0.0171,0.2814,0.20231,0.72711,0.71863,0.54227,0.05459,0.08205,0.5769,0.09054,0.26968,0.1094,0.0608,0.05717,0.16323,0.04639,0.19355,0.42899,0.74794,0.25257,0.18241,0.05637,0.39449,0.41208,0.09522,0.39108,0.3291,0.06939,0.38028,0.14948,0.08941,0.39391,0.33994,0.17839,0.14628,0.08475,0.6517,0.78785,0.23695,0.21585,0.23427,0.38456,0.26852,0.21703,0.71935,0.39257,0.17868,0.176,0.4178,0.75865,0.07464,0.7696,0.06182,0.05605,0.68496,0.07445,0.45098,0.2348,-0.00593,0.88892,0.12792,0.20185,0.32345,0.29226,0.5472,0.17017,0.68521,0.37059,0.1544,0.23229,0.27725,0.18907,0.15008,0.07902,0.17882,0.03736,0.29032,0.6771,0.31279,0.20898,0.37942,0.1727,0.14632,0.2696,0.59174,0.31026,0.22934,0.08924,0.57819,0.11962,0.29843,0.08936,0.5154,0.16425,0.0472,0.05384,0.18319,0.19514,0.63209,0.30279,0.00038,0.00043,0.28168,0.06392,0.29441,0.12362,0.00352,0.1774,0.10284,0.16641,0.41304,0.33278,0.25881,0.22156,0.54693,0.04885,0.28557,0.22427,0.04988,0.39663,0.4274,0.08667,0.04681,0.21819,0.37381,-0.02003,0.11898,0.17464,0.45513,0.55752,0.49181,0.30013,0.1542,0.1672,0.25402,0.23831,0.22127,0.16174,0.9073,0.30469,0.76279,0.11059,0.37056,0.03158,0.35236,0.22424,1.01803,0.06616,0.63067,0.47758,0.17535,0.41332,0.1783,0.31006,0.42899,-0.02437,0.07745,0.16923,0.82689,0.05576,0.1992,0.47621,0.20821,0.09667,0.10814,0.25066,0.09783,0.02612,0.1292,0.04471,0.15075,0.18271,0.17971,0.36114,0.176,0.34092,0.21345,0.76797,0.13553,0.50217,0.1429,0.0652,0.73956,0.39472,0.12067,0.01293,0.71199,1.14063,0.26372,0.14269,0.10637,0.16305,0.41515,0.37749,0.54083,0.83038,0.03251,0.37956,0.06172,0.11231,0.00838,0.01094,0.29423,0.2497,0.11971,0.18328,0.45876,0.19338,0.10415,0.18121,0.32259,0.03313,0.15951,0.17244,1.10691,0.20751,0.80306,0.15258,0.15208,0.67759,0.37508,0.23573,0.26028,0.21342
103,train,0,Normal,0.27482,0.07484,0.66992,0.64904,0.41592,0.20034,0.14529,0.79328,0.20385,0.41734,0.31519,0.27452,0.03527,0.24959,0.30952,0.26746,0.16808,0.1418,0.18481,0.07318,0.55491,0.24955,0.33862,0.07178,0.20136,0.39317,0.25434,0.35195,0.71081,0.16936,0.59407,0.6917,0.0096,0.16009,0.22098,0.84652,0.84383,0.56056,0.14354,0.14034,0.657,0.09725,0.31426,0.0894,0.24059,0.01661,0.0345,0.16034,0.27556,0.56882,0.80889,0.30393,0.1693,0.06288,0.25587,0.48366,0.06968,0.28859,0.06931,0.0377,0.51466,0.1399,0.08336,0.38651,0.45023,0.27574,0.18755,0.05079,0.5123,1.08746,0.25411,0.18693,0.27643,0.51663,0.35028,0.34942,1.07795,0.45361,0.29015,0.32123,0.39525,0.76925,0.04201,0.97039,-0.02573,0.04836,0.82617,0.15697,0.36049,0.34883,-0.00147,1.03426,0.29521,0.14033,0.23223,0.33419,0.44902,0.2293,0.75723,0.35085,0.1964,0.18901,0.35977,0.27772,0.03404,0.16697,0.07607,0.09521,0.23925,1.09826,0.32268,0.28465,0.18171,0.26232,0.09512,0.30379,0.94562,0.38513,0.22408,0.15398,0.76497,0.1524,0.39151,0.17203,0.57832,0.20252,0.03572,-0.03428,0.13607,0.19738,0.77557,0.2404,0.14825,0.0168,0.2439,0.10393,0.227,0.05493,0.02409,0.32021,0.28883,0.17645,0.56213,0.44553,0.27275,0.30358,0.21771,0.03397,0.09471,0.2302,0.09227,0.39981,0.44818,0.13743,0.05731,0.40639,0.47059,-0.0624,0.33537,0.21933,0.39458,0.79058,0.41345,0.253,0.13916,0.39145,0.32045,0.17045,0.10664,0.14716,1.32356,0.14683,0.92751,0.08011,0.70405,0.04614,0.15637,0.26168,1.45493,0.11887,0.80966,0.32961,0.27847,0.30157,0.17794,0.34168,0.45393,-0.00027,0.00565,0.35182,1.06784,0.12633,0.2869,0.54067,0.2002,0.08479,0.1921,0.26335,0.10773,0.12966,0.1945,0.10288,0.19031,0.01011,0.30458,0.4342,0.36814,0.24345,0.19185,0.87384,-0.04448,0.48624,0.03973,0.00443,1.1731,0.34177,-0.01093,0.00156,1.01201,1.41123,0.35743,0.1827,0.05561,0.22473,0.43457,0.4505,0.384,0.99696,-0.03328,0.19332,0.11343,0.14071,-0.03284,0.07085,0.16663,0.11067,0.17009,0.2642,0.47757,0.1912,0.2747,0.08576,0.53332,0.07427,0.28969,0.12485,1.37473,0.1347,1.01809,0.10735,0.19173,0.84517,0.39072,0.22339,0.27497,0.242
132,train,0,Normal,0.2695,0.05752,0.62363,0.87629,0.56777,0.25512,0.07588,0.67207,0.17904,0.50755,0.1284,0.28806,0.09376,0.29961,0.36888,0.50711,-0.03331,0.12602,0.12966,0.15546,0.59846,0.22149,0.36645,0.24035,0.18412,0.56408,0.38789,0.26316,0.55288,0.08542,0.88972,0.74896,0.08397,0.23702,0.20607,0.63062,0.7778,0.92779,0.15106,0.08114,0.70694,0.11952,0.16874,0.04082,0.17328,0.07738,0.06174,0.00254,0.13006,0.34858,0.49587,0.25589,0.08159,0.26241,0.38291,0.43354,0.09449,0.2206,0.29138,0.04258,0.45438,0.12115,0.33052,0.23425,0.36256,0.34248,0.09203,0.16187,0.69865,0.75393,0.40919,0.12125,0.24179,0.29188,0.43088,0.31254,0.8222,0.56045,0.27255,0.22077,0.59045,0.49585,0.18695,0.80718,0.0402,0.03628,0.51665,0.18234,0.66112,0.31383,0.05724,0.88378,0.13589,0.31909,0.31065,0.44157,0.4901,0.18816,0.56204,0.6432,0.30354,0.08894,0.32391,0.33913,0.05402,0.13991,0.33208,0.05715,0.29707,0.92979,0.24485,0.2841,0.44779,0.19984,0.25664,0.40242,0.62583,0.39628,0.2881,0.08075,0.78622,0.21498,0.46,0.21308,0.498,0.15133,0.00735,-0.03366,0.32495,0.28323,0.81676,0.11896,0.15521,-0.02025,0.31513,0.15201,0.31098,0.1108,0.06944,0.3727,0.45226,0.28648,0.48601,0.38559,0.30045,0.34736,0.51338,0.16767,0.30892,0.18528,0.01971,0.50029,0.33784,0.12229,0.11362,0.52261,0.5687,-0.09092,0.287,0.2637,0.24675,0.58926,0.42552,0.26266,0.42971,0.22615,0.36406,0.28633,0.27556,0.22563,0.9672,0.25398,1.02086,0.07188,0.57722,0.26237,0.41551,0.35142,1.20076,0.09777,0.52441,0.52861,0.15809,0.48796,0.3059,0.21713,0.4776,0.09896,-0.04059,0.26757,1.08121,0.13274,0.20985,0.20371,0.3125,0.13692,0.24203,0.34486,0.04809,0.06258,0.08641,0.02949,0.30263,0.25709,0.08295,0.48241,0.39938,0.30557,0.17429,0.73781,0.35639,0.27281,0.19574,0.16425,0.74972,0.48277,0.15282,0.09509,0.90612,1.10621,0.3425,0.25588,0.14922,0.19281,0.5804,0.5832,0.44127,1.06301,0.08958,0.37911,0.15961,0.20831,0.03155,0.08158,0.26432,0.17502,0.30527,0.22267,0.61227,0.26058,0.2307,0.26524,0.2824,0.1644,0.60027,0.0435,1.28936,0.14274,0.76267,0.20873,0.32915,0.71519,0.44927,0.15468,0.2103,0.14329
073,train,1,Hemorrhage,0.71667,0.92711,0.36175,0.27798,0.1251,0.48416,0.74904,0.21253,0.32188,0.28491,0.43485,0.50303,0.71992,0.63034,0.48843,0.75315,0.48728,0.57859,0.19933,0.84523,0.41537,0.12472,0.41161,1.00902,0.40749,0.42731,0.60816,0.30052,0.54129,1.13482,0.11548,0.06003,0.39801,0.36268,0.26571,0.35789,0.12047,0.32354,0.96411,0.52112,0.29959,0.1076,0.19458,0.63317,0.85969,0.95532,0.1565,0.56383,0.69251,0.71707,0.29265,0.98728,0.36075,0.70452,0.31386,0.44905,0.58866,0.88629,0.53056,0.65073,0.71658,0.22805,0.43194,0.34637,0.28874,0.14882,0.4722,1.08065,0.33221,0.1823,0.44294,0.46253,0.37764,0.45346,0.35458,0.23063,0.44306,0.63233,0.74339,0.34252,0.32572,0.34027,0.35595,0.12186,1.24122,0.41992,0.10804,1.00369,0.18651,0.32991,0.61568,0.26927,0.49669,0.08,0.17251,0.57818,0.14848,0.81976,0.39328,0.36027,0.35756,0.44913,0.7766,0.41108,0.10166,0.2827,0.57467,0.51589,0.22099,0.48656,0.22982,0.90835,0.36577,0.66043,0.57908,0.66009,0.17657,0.29603,0.50671,1.00813,0.16919,0.37649,0.92183,0.61643,0.29156,0.50664,1.2167,0.79252,0.64212,0.6763,0.19609,0.20033,0.81806,0.76164,0.40031,1.14888,0.36062,0.3115,1.01128,0.61277,0.57488,0.91151,0.33051,0.39185,0.66045,0.53644,0.3515,0.93337,0.23575,0.98608,0.62188,0.16065,0.05821,0.25727,1.12224,0.89439,0.54305,0.95626,0.53488,0.29644,0.53902,0.44525,0.15102,0.42602,0.60328,0.33025,0.32363,0.97516,0.92692,1.19176,0.21979,0.47081,0.24427,0.9164,0.35216,1.23485,0.31397,0.65733,0.34171,0.88798,0.64692,0.40796,0.43813,0.43163,0.42039,0.13557,0.3492,1.01074,0.70799,1.18198,0.26157,0.61435,0.39795,0.52712,0.38608,0.57224,0.52616,0.7909,0.74452,0.43764,0.92496,1.25921,0.38515,0.26906,0.54144,0.47439,0.38503,0.57832,0.62439,0.21144,0.75071,0.68706,0.91468,1.22754,0.24491,0.28747,0.84839,1.09138,0.3569,0.17811,0.43387,0.68248,0.39029,0.28983,0.15156,0.16798,0.26063,0.32115,0.90155,-0.00752,0.75062,0.67047,0.38622,0.57408,0.96309,0.61063,0.4172,0.32371,0.50653,0.4163,0.33803,0.91583,0.502,0.47214,0.87839,1.34481,0.16819,0.74409,0.21891,0.21772,0.89172,0.09991,0.47778,0.45668,0.33622,0.56644
107,train,0,Normal,0.19214,0.05357,0.7223,0.83995,0.43979,0.17816,0.224,0.74821,0.34743,0.3849,0.38033,0.293,0.00387,0.33124,0.408,0.42908,0.08659,0.04368,0.28313,0.01182,0.59029,0.2968,0.38684,0.14986,0.20582,0.44944,0.2807,0.25734,0.96616,0.24217,0.50969,0.71674,0.00063,0.04588,0.17336,0.85519,0.75633,0.50769,0.21215,0.1554,0.77678,0.19434,0.32401,0.19291,0.17386,0.10792,0.0848,0.19265,0.27994,0.73753,0.78388,0.32154,0.12574,0.18162,0.23677,0.57869,0.02059,0.21168,0.16578,0.03193,0.69092,0.19072,0.24471,0.544,0.52076,0.31195,0.19854,0.17075,0.62115,1.10345,0.47837,0.22372,0.37227,0.53236,0.52269,0.21985,1.03641,0.54034,0.36135,0.43869,0.40227,0.83911,0.04289,1.07061,0.07371,0.05615,0.89533,0.10108,0.31278,0.49537,0.08367,1.29793,0.2929,0.05879,0.22384,0.49659,0.54995,0.27384,0.87195,0.53744,0.12963,0.25317,0.46624,0.47327,0.04792,0.20756,0.13559,0.24953,0.29283,1.10146,0.52732,0.22755,0.18913,0.43123,0.05219,0.41886,0.90465,0.3752,0.21886,0.19238,0.70374,0.1473,0.51943,0.27397,0.90851,0.17935,0.01028,0.00898,0.17533,0.14598,0.88473,0.13779,0.28446,0.0984,0.24603,0.0092,0.19455,0.10689,0.07381,0.46164,0.50273,0.23448,0.49524,0.52619,0.40314,0.46705,0.32896,0.19053,0.10189,0.13984,0.06908,0.4751,0.51202,0.31476,0.03486,0.57847,0.51131,0.03162,0.57104,0.19476,0.19906,0.66853,0.53885,0.45762,0.41257,0.34217,0.2333,0.1812,-0.0065,0.17563,1.35225,0.21,1.00424,0.0611,0.71109,0.09233,0.41052,0.31018,1.52338,0.15779,0.41914,0.34306,0.33821,0.28984,0.08015,0.26126,0.39888,0.05572,0.07498,0.5,1.29617,0.37344,0.43914,0.37271,0.20028,0.11557,0.37822,0.4026,0.07615,0.22023,0.30318,0.12396,0.45315,0.129,0.29201,0.485,0.49371,0.44819,0.21654,0.88121,0.42426,0.35543,0.06172,0.19073,1.16623,0.52142,0.04761,0.18528,0.94531,1.43948,0.33412,0.21078,0.06884,0.33139,0.37999,0.62184,0.29675,1.15582,0.00297,0.38505,0.18642,0.11649,0.02156,0.13361,0.14708,0.06869,0.34651,0.39669,0.39661,0.22168,0.28832,0.0685,0.494,0.12419,0.61404,0.1649,1.47007,0.09185,1.02407,0.07704,0.28984,0.80555,0.43578,0.33816,0.17893,0.15912
183,train,0,Normal,0.28959,-0.01239,0.65113,0.83472,0.56792,0.38227,0.31935,0.85673,0.31051,0.45726,0.38772,0.3757,0.05646,0.24611,0.42755,0.22135,0.05864,0.1026,0.21128,0.20415,0.71396,0.22554,0.34321,0.23205,0.17752,0.35726,0.39811,0.25362,0.71458,0.15859,0.58598,0.95122,0.09155,0.22139,0.24617,0.89492,1.02029,0.85961,0.09557,0.02591,1.26592,-0.0088,0.28603,0.08949,0.31148,-0.00411,0.16611,0.08588,0.24253,0.62221,0.83666,0.28925,0.27025,0.27898,0.3112,0.57622,0.09309,0.21334,0.27916,-0.01841,0.46009,0.13488,0.24084,0.34855,0.60001,0.14506,0.2708,0.02687,0.63598,1.15212,0.45863,0.11446,0.27454,0.46358,0.37824,0.33676,1.00598,0.55777,0.18464,0.29379,0.51436,0.80554,0.04088,1.12754,-0.02448,0.1151,0.84708,0.20921,0.34621,0.39733,0.04071,1.29003,0.16886,0.22166,0.19388,0.41015,0.56835,0.32286,0.85544,0.64423,0.1641,0.10146,0.4024,0.25838,-0.00963,0.12635,0.21888,0.0509,0.32178,1.26377,0.30789,0.4046,0.24181,0.20004,0.09668,0.26752,1.02892,0.52871,0.32867,0.19276,0.87109,0.17326,0.34738,0.18151,0.63296,0.22773,-0.02078,-0.0128,0.28371,0.3718,1.02942,0.29427,0.25319,-0.02966,0.31401,0.17563,0.26517,0.03289,0.04226,0.24762,0.42423,0.34262,0.41476,0.50335,0.18866,0.40738,0.30833,0.0343,0.16005,0.1041,0.16595,0.42888,0.39674,0.15588,0.13028,0.64225,0.59124,-0.05329,0.52664,0.11634,0.37557,0.84612,0.65511,0.41599,0.07131,0.39165,0.34488,0.26343,0.30505,0.3105,1.51171,0.35065,1.06561,0.02395,0.66096,0.31435,0.32149,0.28429,1.48533,0.14341,0.94654,0.50524,0.28488,0.20682,0.14173,0.24018,0.52421,0.09902,0.09196,0.28909,1.40022,0.33896,0.14664,0.45363,0.1297,0.12939,0.39151,0.30909,0.17623,0.16073,0.33418,0.07059,0.10616,0.14283,0.36969,0.68366,0.24888,0.28462,0.23671,0.99573,0.10627,0.54916,0.15729,0.05777,1.1356,0.51,0.14464,0.07464,1.16523,1.70889,0.38919,0.21638,0.25583,0.2542,0.52129,0.67181,0.43951,1.37831,-0.04825,0.36979,-0.00552,0.15868,0.01366,0.09662,0.37101,0.01137,0.4372,0.25697,0.46857,0.19932,0.27158,0.09769,0.48747,0.01542,0.71273,0.03533,1.50024,0.15199,1.1059,0.03668,0.24188,0.98779,0.47154,0.3401,0.32002,0.21331
074,train,1,Hemorrhage,0.44496,0.36987,0.20481,0.19905,0.19741,0.30436,0.52156,0.22357,0.22526,0.48876,0.44046,0.48056,0.47857,0.34579,0.59563,0.52739,0.5593,0.57766,0.20698,0.33031,0.22682,0.33288,0.49586,0.45128,0.30814,0.36602,0.40624,0.32578,0.47337,0.68205,0.20158,0.11569,0.20426,0.3399,0.26136,0.37281,0.14596,0.2506,0.29982,0.37653,0.25158,0.12455,0.25329,0.54782,0.55911,0.60686,0.06109,0.38316,0.48306,0.41909,0.28784,0.9034,0.31074,0.26101,0.37191,0.24368,0.52412,0.73652,0.84071,0.40954,0.89956,0.21057,0.32144,0.24809,0.21766,0.219,0.22032,0.39694,0.23162,0.08491,0.37721,0.18957,0.42153,0.29483,0.31383,0.03113,0.33149,0.35274,0.46781,0.30656,0.39895,0.13272,0.22502,0.15417,0.73752,0.4068,0.22474,0.66314,0.36757,0.33823,0.31538,0.34916,0.31562,0.27059,0.28413,0.49474,0.26693,0.4429,0.35431,0.23859,0.40146,0.57863,0.32238,0.36543,0.31907,0.30871,0.52917,0.27329,0.25048,0.39555,0.27031,0.52668,0.36779,0.43644,0.25845,0.53888,0.26908,0.20613,0.39757,0.61343,0.10846,0.18145,0.69585,0.36373,0.37655,0.55536,0.73708,0.62566,0.33701,0.53262,0.22286,0.34473,0.57301,0.38173,0.27214,0.65046,0.38904,0.28092,0.40543,0.3396,0.29789,0.51922,0.22943,0.3229,0.35411,0.57683,0.41484,0.46746,0.3212,0.73463,0.45992,0.08411,0.13121,0.13291,0.56803,0.63397,0.48905,0.53106,0.34192,0.24068,0.35442,0.47902,0.17189,0.36046,0.18354,0.33686,0.17546,0.87694,0.71649,0.66945,0.29905,0.2602,0.2248,0.63108,0.33045,0.57235,0.1505,0.35705,0.23088,0.53493,0.35123,0.26604,0.25632,0.34381,0.14166,0.20931,0.44248,0.37142,0.52347,0.32879,0.20517,0.24582,0.37645,0.42913,0.27465,0.47643,0.26695,0.44427,0.55818,0.38223,0.67448,0.78784,0.21546,0.28732,0.33285,0.31575,0.18638,0.50408,0.72142,0.14126,0.35912,0.38024,0.48411,0.34642,0.30824,0.33852,0.35471,0.5636,0.20182,0.22913,0.31691,0.27533,0.49605,0.25577,0.1188,0.2095,0.42236,0.26872,0.51978,0.14484,0.41902,0.37078,0.23406,0.19259,0.68708,0.42774,0.32811,0.32039,0.14571,0.13482,0.18836,0.56408,0.56603,0.1988,0.62858,0.73395,0.2039,0.26768,0.24432,0.28112,0.3083,0.15886,0.31503,0.30075,0.32964,0.52097
143,train,0,Normal,0.1811,0.02377,0.62822,0.9735,0.64435,0.26678,0.13365,0.8915,0.27971,0.53353,0.31614,0.34635,0.02074,0.20646,0.29285,0.32265,0.04698,0.11655,0.22799,0.12411,0.784,0.22803,0.4117,0.1598,0.14182,0.24779,0.42891,0.23256,0.80181,0.10093,0.68592,0.88122,-0.01371,0.16256,0.27402,0.75801,0.99524,0.69199,0.19829,0.07828,0.91126,0.14871,0.25872,0.11938,0.24009,0.06134,0.05677,0.09422,0.21454,0.46706,0.69218,0.31677,0.19531,0.22836,0.24765,0.49317,0.08548,0.30252,0.24434,0.01887,0.6446,0.13934,0.21683,0.33388,0.55223,0.20494,0.16944,-0.00988,0.6467,0.88296,0.34643,0.25242,0.32512,0.48725,0.28326,0.15573,0.97664,0.47347,0.17081,0.21858,0.52821,0.71282,0.00202,1.08268,0.05783,0.00446,0.84174,0.21922,0.329,0.37075,0.08526,1.18618,0.18843,0.19132,0.15843,0.33493,0.52194,0.22365,0.73223,0.62464,0.14204,8e-05,0.27013,0.40414,0.06868,0.12624,0.13757,0.13183,0.2871,1.09269,0.25491,0.20633,0.22287,0.49158,0.13524,0.3711,0.94958,0.37875,0.23048,0.0393,0.81194,0.18495,0.42013,0.31651,0.4528,0.16992,-0.02369,0.00281,0.17399,0.20755,0.76505,0.10126,0.18211,0.02042,0.18074,0.08861,0.35458,0.14124,-0.02576,0.39283,0.49474,0.25633,0.38354,0.53252,0.36119,0.37728,0.45123,0.08529,0.22944,0.14669,0.07859,0.6165,0.43503,0.23247,0.08503,0.5833,0.5569,-0.071,0.45737,0.24492,0.13757,0.85258,0.73651,0.37894,0.26892,0.14315,0.22718,0.27603,0.03674,0.19127,1.28232,0.13773,1.09575,0.0358,0.75146,0.14201,0.48974,0.31701,1.42691,0.14021,0.61223,0.46246,0.1582,0.33973,0.16284,0.22678,0.51045,0.11246,-0.01853,0.34116,1.26312,0.25457,0.07816,0.37905,0.10126,0.10682,0.29336,0.17226,0.0672,0.13808,0.2934,0.04834,0.3072,0.25183,0.2338,0.51181,0.30663,0.22882,0.19403,0.91517,0.33403,0.41579,0.08841,0.01743,1.10012,0.60645,0.1175,0.03788,1.04545,1.6652,0.37745,0.25321,0.05707,0.18251,0.57687,0.54629,0.44132,0.91171,-0.00791,0.46285,0.06361,0.01015,0.01279,0.1034,0.21435,0.01271,0.30297,0.33522,0.43073,0.23447,0.20604,0.12167,0.4275,-0.00641,0.52548,0.02737,1.41108,0.04986,1.02815,0.08787,0.17355,1.01948,0.53246,0.30248,0.29119,0.19566
094,train,1,Hemorrhage,0.61754,0.62005,0.20367,0.37039,0.20151,0.46072,0.69759,0.22492,0.23947,0.38037,0.539,0.40317,0.56087,0.34447,0.57035,0.75867,0.46157,0.70847,0.16639,0.42834,0.32304,0.15966,0.49945,0.5666,0.1972,0.3637,0.3751,0.24027,0.58947,0.65427,0.18294,0.16382,0.24167,0.36616,0.18142,0.33685,0.08924,0.35688,0.66689,0.39878,0.27072,0.11865,0.27194,0.52538,0.56333,0.77,0.05042,0.44633,0.42345,0.54383,0.25264,0.91122,0.26612,0.31135,0.22164,0.41211,0.51632,0.66747,0.6086,0.46842,1.00938,0.28633,0.20663,0.22493,0.32609,0.2523,0.30176,0.41349,0.20697,0.15942,0.60571,0.19445,0.46413,0.25396,0.20119,0.08635,0.3491,0.45121,0.59211,0.13435,0.21212,0.14563,0.19427,0.18317,1.11516,0.1896,0.07095,0.80647,0.2234,0.35845,0.53592,0.29353,0.46398,0.2164,0.25343,0.64882,0.26948,0.36967,0.32493,0.34472,0.41309,0.61804,0.32042,0.2014,0.22733,0.16115,0.34839,0.39767,0.31516,0.35111,0.39897,0.6703,0.2749,0.55409,0.22069,0.64045,0.29518,0.23704,0.48823,0.61165,0.19488,0.27125,0.76675,0.32266,0.46073,0.48361,0.87899,0.73909,0.31139,0.57154,0.30177,0.32871,0.64634,0.51962,0.37312,0.65587,0.4503,0.11449,0.61639,0.53934,0.43043,0.53373,0.30458,0.38783,0.45229,0.62676,0.41352,0.71457,0.42954,0.7845,0.29244,0.14325,0.18245,0.08206,1.01674,0.82857,0.59447,0.64686,0.52113,0.22943,0.37692,0.46703,0.2151,0.44695,0.5193,0.28433,0.25724,0.75637,0.86708,0.85301,0.35594,0.30514,0.32188,0.69208,0.29991,0.88951,0.37817,0.40221,0.25066,0.71119,0.47081,0.47726,0.27514,0.37252,0.34289,0.18207,0.46231,0.69539,0.46291,0.54505,0.22247,0.32979,0.31102,0.35556,0.39657,0.40676,0.54056,0.45234,0.64187,0.55744,0.71561,0.88663,0.30291,0.18992,0.51156,0.45571,0.2319,0.50553,0.51792,0.22535,0.61981,0.32343,0.49449,0.75963,0.26641,0.34382,0.52832,0.67481,0.37331,0.24506,0.36728,0.27798,0.41003,0.24708,0.19805,0.26997,0.34104,0.47217,0.55407,0.04634,0.56089,0.46813,0.43776,0.16129,0.78662,0.46038,0.41304,0.38831,0.16505,0.09488,0.23361,0.56653,0.59927,0.2417,0.62299,1.04475,0.2477,0.37525,0.18247,0.27437,0.56738,0.21989,0.41948,0.31997,0.43035,0.27678
012,train,1,Hemorrhage,0.75738,0.69208,0.50946,0.23724,0.16676,0.31739,0.71088,0.32414,0.4413,0.47135,0.6062,0.4937,0.78152,0.08622,0.37771,0.60725,0.22881,0.28015,0.24407,0.54713,0.2924,0.24927,0.30867,0.37651,0.37066,0.63671,0.57509,0.29735,0.31565,0.75031,0.18143,0.29047,0.11739,0.42553,0.06814,0.26307,0.16765,0.44846,0.66268,0.45973,0.32163,0.32693,0.12519,0.30404,0.43116,0.53675,0.24195,0.24204,0.28983,0.5843,0.33246,0.49626,0.20435,0.68309,0.31678,0.15047,0.60586,0.60651,0.50924,0.64477,0.68579,0.26824,0.52012,0.31457,0.23436,0.56189,0.12181,0.43037,0.30075,0.28325,0.50191,0.45933,0.59345,0.19954,0.46982,0.35833,0.37901,0.30376,0.42708,0.48805,0.43092,0.30184,0.2417,0.30486,1.04654,0.29007,0.21227,0.83432,0.28248,0.12436,0.44015,0.2421,0.4102,0.17211,0.15087,0.43225,0.36152,0.51691,0.28521,0.42518,0.26348,0.5192,0.5436,0.79199,0.21026,0.20261,0.46852,0.43188,0.2452,0.46037,0.34994,0.5218,0.31199,0.60876,0.61421,0.4175,0.08757,0.28018,0.4087,0.79932,0.29189,0.47561,0.62853,0.21525,0.61346,0.14338,0.76388,0.56334,0.10959,0.36608,0.25852,0.19711,0.66761,0.30079,0.30979,0.63773,0.27077,0.0714,0.76701,0.69436,0.66274,0.26867,0.3777,0.46687,0.37108,0.45743,0.45111,0.49493,0.1584,0.54596,0.57695,0.39446,0.19174,0.44095,0.6904,0.62683,0.31758,0.58322,0.41272,0.32058,0.38292,0.37392,0.23924,0.19429,0.65606,0.33125,0.1725,0.79217,0.3604,0.29535,0.47309,0.1402,0.34709,0.68184,0.36932,0.65961,0.46059,0.36462,0.33763,0.39569,0.24673,0.56027,0.62472,0.50623,0.29331,0.2291,0.4966,0.50057,0.7299,0.56661,0.23276,0.42028,0.4791,0.63161,0.32973,0.58172,0.30301,0.65982,0.24083,0.38264,0.42267,0.80913,0.56048,0.46114,0.20451,0.35727,0.43541,0.14886,0.58374,0.16468,0.50281,0.55628,0.36491,0.43242,0.20593,0.33734,0.36896,0.68581,0.33386,0.28968,0.23953,0.53703,0.70954,0.36691,0.17056,0.26553,0.30902,0.29692,0.84672,0.24852,0.94716,0.65601,0.503,0.32665,0.44165,0.30253,0.34154,0.51059,0.44174,0.53021,0.48349,0.4334,0.62137,0.40242,0.54722,0.7331,0.26091,0.58113,0.27905,0.18933,0.60987,0.2436,0.32841,0.28297,0.39295,0.34384
064,train,1,Hemorrhage,0.75368,0.69959,0.255,0.36196,0.17558,0.35505,0.48835,0.28543,0.18196,0.35589,0.65068,0.33914,0.51377,0.46599,0.43303,0.74762,0.34934,0.63826,0.17261,0.53888,0.50228,0.28339,0.42778,0.64364,0.38212,0.44152,0.4206,0.25682,0.62508,0.93268,0.12195,0.18105,0.37573,0.30501,0.22326,0.39296,0.14477,0.23764,0.51109,0.51162,0.24056,0.09104,0.25344,0.56283,0.52,0.82921,0.1773,0.32333,0.51682,0.40865,0.2546,0.89442,0.42652,0.3648,0.36595,0.38594,0.4887,1.03763,0.66238,0.71489,0.55804,0.26164,0.17379,0.29975,0.27163,0.21613,0.39399,0.62939,0.15743,0.22973,0.36096,0.38871,0.32968,0.31525,0.11988,0.09842,0.51598,0.35276,0.58562,0.18,0.66094,0.28408,0.20047,0.17316,0.98856,0.23615,0.115,0.89371,0.13205,0.46291,0.64665,0.35621,0.56799,0.27857,0.27622,0.46324,0.28549,0.59713,0.39032,0.1519,0.49737,0.61512,0.43957,0.29734,0.18181,0.2288,0.61854,0.45583,0.16848,0.46416,0.36665,0.69154,0.23649,0.42135,0.43928,0.58314,0.37332,0.22641,0.35911,0.66475,0.21818,0.27078,0.8427,0.34143,0.2283,0.59195,0.96107,0.73396,0.31287,0.64913,0.31338,0.32286,0.7319,0.58687,0.24138,1.00349,0.459,0.12268,0.73614,0.50178,0.5124,0.67096,0.335,0.302,0.73403,0.31429,0.31847,0.76774,0.3075,1.03607,0.49803,0.1625,0.26251,0.30526,0.89695,0.62546,0.71614,0.62633,0.31591,0.34748,0.32512,0.61937,0.14692,0.27642,0.36553,0.23064,0.29378,1.03609,0.90035,1.11926,0.42028,0.39244,0.22986,0.61205,0.45565,0.96525,0.24309,0.6224,0.31068,0.70171,0.50459,0.31234,0.32885,0.22486,0.40365,0.21494,0.45839,0.5118,0.55896,0.64258,0.29205,0.36854,0.11557,0.50323,0.30473,0.3889,0.34038,0.57695,0.61502,0.54631,0.72213,1.12953,0.15013,0.28483,0.49936,0.55159,0.16115,0.47861,0.69313,0.2613,0.70966,0.75634,0.79362,0.96689,0.33597,0.10446,0.49627,0.85936,0.5359,0.29635,0.49267,0.43622,0.34547,0.30269,0.33914,0.24139,0.38509,0.1613,0.53929,0.02234,0.67003,0.45006,0.32453,0.14636,0.62986,0.58184,0.22271,0.3325,0.26078,0.11792,0.1813,0.78348,0.47921,0.1839,0.66607,1.23192,0.32719,0.81971,0.25892,0.24743,0.57648,0.23494,0.33292,0.29508,0.29869,0.5142
059,train,1,Hemorrhage,0.49496,0.31219,0.3355,0.34688,0.23247,0.44812,0.92434,0.22474,0.61461,0.59858,0.50352,0.87342,0.83977,0.33672,0.68725,0.41212,0.46199,0.5582,0.28917,0.91403,0.31063,0.15437,0.58667,0.77272,0.19837,0.59518,0.47897,0.53994,0.44678,1.02988,0.17962,0.17967,0.11628,0.27496,0.24028,0.40888,0.34353,0.43683,0.56964,0.42384,0.51438,0.54906,0.27279,0.46211,0.76015,0.53355,0.4201,0.27461,0.44388,0.55302,0.37966,0.85259,0.29677,0.67169,0.53003,0.17728,0.92737,0.80336,0.65333,0.88507,1.01116,0.34787,0.37563,0.4198,0.39664,0.21237,0.55694,0.82415,0.28638,0.17923,0.57452,0.44346,0.47504,0.29281,0.43233,0.04109,0.54202,0.26421,0.80461,0.40134,0.38869,0.30535,0.4451,0.21439,0.93826,0.29004,0.1214,0.88387,0.38829,0.368,0.36764,0.39402,0.4193,0.23873,0.28987,0.74375,0.29818,0.57573,0.52515,0.40661,0.43858,0.57518,0.5496,0.46145,0.21366,0.3557,0.46557,0.46683,0.23376,0.37524,0.58851,0.70889,0.37519,0.61928,0.50948,0.69285,0.3013,0.48358,0.63854,0.89166,0.21788,0.26761,0.5954,0.18585,0.69878,0.8593,1.09484,0.55443,0.33218,0.48602,0.30375,0.10201,0.85599,0.38606,0.30982,0.92337,0.31664,0.33099,0.71903,0.54384,0.48936,0.45181,0.28903,0.8275,0.57175,0.78578,0.44096,0.43952,0.3568,0.99777,0.83365,0.15352,0.21737,0.47111,0.82511,0.73218,0.63173,0.75523,0.49746,0.38863,0.37722,0.7462,0.26047,0.50381,0.36905,0.47836,0.2424,1.1837,0.5206,0.72742,0.4692,0.37124,0.36406,0.7894,0.6042,0.64791,0.32726,0.46948,0.26679,0.65363,0.44518,0.40846,0.45804,0.49557,0.20407,0.08688,0.24941,0.45988,0.84725,0.72499,0.26161,0.41854,0.30256,0.68233,0.22827,0.74722,0.44571,0.73878,0.39802,0.35865,0.80494,0.93178,0.3021,0.34129,0.52017,0.32931,0.20043,0.44142,0.6435,0.18321,0.80715,0.53882,0.75458,0.58449,0.31313,0.41327,0.51748,0.78039,0.34249,0.18439,0.43904,0.54812,0.66008,0.24724,0.14624,0.40793,0.25243,0.33678,0.5329,0.14166,0.89433,0.61893,0.6423,0.54373,0.828,0.41692,0.19332,0.33341,0.08386,0.19278,0.37325,0.50161,0.73495,0.43373,0.66482,1.07037,0.28859,0.41353,0.34235,0.39505,0.54661,0.31298,0.52269,0.36399,0.3456,0.56493
015,train,1,Hemorrhage,0.82067,0.85472,0.17835,0.36182,0.1056,0.52457,0.71993,0.26208,0.53319,0.46503,0.45989,0.57706,0.69847,0.47105,0.56032,0.74202,0.61232,0.71448,0.21612,0.79856,0.59397,0.23603,0.54728,1.07805,0.25889,0.38175,0.63838,0.37053,0.421,0.80414,0.27447,0.14423,0.52293,0.23487,0.29285,0.19927,0.11137,0.29595,0.81638,0.32032,0.18147,0.37831,0.2177,0.64151,0.60985,1.08499,0.11153,0.54369,0.68076,0.44962,0.24308,1.09511,0.40586,0.52615,0.44458,0.51774,0.60775,1.01757,0.55063,0.66729,0.83747,0.28259,0.40038,0.22754,0.2306,0.25473,0.57469,0.76169,0.29487,0.02745,0.64644,0.33145,0.42633,0.49371,0.2823,0.02544,0.51841,0.33731,0.76279,0.27269,0.38669,0.15059,0.32003,0.04063,1.41019,0.31073,0.01041,1.02011,0.35007,0.4484,0.58264,0.20488,0.43043,0.40773,0.32465,0.52784,0.32558,0.50719,0.45634,0.31846,0.31199,0.40413,0.38743,0.37856,0.22803,0.36375,0.6399,0.57166,0.2625,0.5502,0.21123,0.70202,0.36566,0.5626,0.48074,0.72985,0.25866,0.19193,0.58409,0.63421,0.1886,0.20955,1.10587,0.1184,0.23245,0.72472,1.09769,0.97768,0.48865,0.76756,0.14975,0.37413,0.83451,0.64857,0.41377,0.90393,0.48679,0.22042,0.68985,0.70799,0.50201,0.83347,0.39716,0.5968,0.60704,0.37143,0.29594,0.77217,0.40148,1.1919,0.58695,0.35783,0.09993,0.50397,1.31082,0.99997,0.61302,0.69952,0.51042,0.37327,0.48755,0.39364,0.15187,0.38677,0.3686,0.547,0.26848,1.2419,0.77244,1.07293,0.25396,0.43925,0.16298,0.73638,0.29202,1.18764,0.43883,0.68749,0.3174,0.83397,0.49444,0.24744,0.17738,0.43794,0.39996,0.12704,0.33742,0.53486,0.77023,1.14827,0.1147,0.42291,0.21432,0.38357,0.31897,0.5983,0.46093,0.6217,0.52033,0.5301,0.70648,1.20233,0.23902,0.31435,0.71514,0.48458,0.23233,0.68179,0.56306,0.15309,0.63213,0.42865,0.8676,1.37079,0.05493,0.36746,0.66073,0.98065,0.48381,0.11539,0.42701,0.41852,0.27572,0.2472,0.23034,0.17787,0.37725,0.31538,0.9991,0.03732,0.8695,0.55321,0.57433,0.32236,0.99358,0.79427,0.41217,0.224,0.34407,0.25712,0.28259,0.81674,0.41438,0.39593,0.83786,1.26756,0.14375,0.5065,0.15112,0.64142,0.54563,0.14249,0.5096,0.3541,0.53316,0.42074
075,train,1,Hemorrhage,0.50312,0.7534,0.46822,0.25517,0.10855,0.142,0.38363,0.30049,0.3694,0.23594,0.52494,0.30349,0.38513,0.30537,0.34995,0.87387,0.37952,0.27399,0.16937,0.50024,0.38239,0.17691,0.15723,0.55787,0.27158,0.50219,0.37126,0.31132,0.51739,0.57912,0.04194,0.20067,0.16433,0.2399,0.19982,0.3807,0.1241,0.25346,0.6345,0.43162,0.51868,0.25226,0.24081,0.58132,0.30588,0.38777,0.25958,0.17719,0.35375,0.33826,0.35342,0.4476,0.2323,0.45025,0.11151,0.09768,0.27003,0.55439,0.37052,0.23669,0.54001,0.20404,0.34595,0.26706,0.3396,0.51217,0.34264,0.45964,0.10715,0.2605,0.35314,0.46791,0.38969,0.22168,0.29198,0.29786,0.28586,0.2694,0.63519,0.4368,0.43437,0.23916,0.34842,0.40119,0.67428,0.17263,0.31972,0.78436,0.13093,0.26543,0.70166,0.43676,0.44702,0.19685,0.29515,0.50561,0.4327,0.43367,0.3953,0.32974,0.22919,0.44686,0.55471,0.59538,0.23793,0.06948,0.46721,0.35658,0.14119,0.49348,0.53976,0.44931,0.12569,0.45286,0.1577,0.26515,0.20238,0.19018,0.15632,0.49475,0.30248,0.55594,0.92296,0.26601,0.41949,0.2401,0.46193,0.63518,0.24209,0.38255,0.39302,0.24715,0.76372,0.46221,0.23935,0.48745,0.28028,0.19252,0.69958,0.75356,0.79114,0.21781,0.25639,0.21008,0.36066,0.30725,0.22052,0.69246,0.1069,0.50756,0.31243,0.24765,0.29263,0.39619,0.46258,0.63609,0.29348,0.636,0.52426,0.35077,0.25914,0.34088,0.22603,0.32783,0.52798,0.33832,0.15741,0.33669,0.36019,0.63505,0.58467,0.31956,0.32383,0.44449,0.53946,0.67635,0.25625,0.62475,0.46995,0.43376,0.45758,0.34941,0.64337,0.36349,0.22505,0.2988,0.48774,0.37006,0.26226,0.59098,0.3374,0.49235,0.34537,0.38688,0.29892,0.4341,0.30982,0.44983,0.39872,0.38883,0.49968,0.68216,0.44146,0.52383,0.16867,0.30654,0.18052,0.31218,0.66405,0.32599,0.8937,0.56442,0.36895,0.83333,0.41313,0.17491,0.34776,0.54383,0.35275,0.32653,0.24704,0.45947,0.26807,0.42578,0.29567,0.2487,0.22182,0.17984,0.39719,0.0977,0.66721,0.56239,0.35469,0.20131,0.26107,0.26488,0.45665,0.6052,0.31688,0.23596,0.30833,0.4867,0.37001,0.29515,0.80673,0.63479,0.24347,0.5782,0.44009,0.1565,0.62599,0.23091,0.25188,0.27962,0.37474,0.24006
098,train,1,Hemorrhage,0.33394,0.83172,0.33271,0.15836,0.042,0.12987,0.49663,0.20329,0.32296,0.27301,0.40671,0.24238,0.54391,0.3905,0.25995,0.76763,0.32259,0.45032,-0.03133,0.39448,0.38266,0.51574,0.30452,0.53371,0.24498,0.37105,0.25561,0.36432,0.43184,0.44253,0.03508,0.0329,0.18165,0.25496,0.20457,0.20452,-0.02463,0.37206,0.73713,0.38176,0.17675,0.29325,0.2576,0.86038,0.49194,0.70867,0.15077,0.31899,0.34255,0.43609,0.2125,0.44703,0.36763,0.40045,0.23618,0.23501,0.29541,0.62304,0.33946,0.3766,0.66972,0.43471,0.52096,0.21214,0.23493,0.71682,0.47727,0.59963,0.11298,0.07745,0.38591,0.68502,0.42044,0.26781,0.39779,0.20824,0.24941,0.32857,0.41688,0.34708,0.35872,0.26436,0.46393,0.01789,0.83752,0.08769,0.11819,0.56772,0.22025,0.39643,0.40252,0.25496,0.70039,0.19616,0.20407,0.61065,0.35834,0.15857,0.57495,0.32738,0.24659,0.32647,0.41625,0.64417,0.35615,0.18745,0.33995,0.59331,0.12952,0.26094,0.88353,0.50265,0.14653,0.47624,0.20974,0.14728,0.15785,0.13385,0.32104,0.61265,0.24024,0.71558,0.88093,0.33189,0.30989,0.39941,0.76534,0.98908,0.1627,0.15958,0.15993,0.2817,0.78099,0.8485,0.5125,0.4711,0.23706,0.20195,0.65884,0.97988,0.87527,0.34023,0.68486,0.34688,0.63652,0.25554,0.16548,0.71852,0.13411,0.58197,0.45448,0.40126,0.06428,0.45766,0.75547,0.48123,0.34104,0.66323,0.62545,0.18926,0.2156,0.19868,0.13948,0.32507,0.55811,0.15587,0.167,0.41933,0.24924,0.87906,0.24596,0.24143,0.26568,0.5115,0.35997,0.87302,0.42275,0.50402,0.47835,0.54458,0.40104,0.17878,0.65102,0.24016,0.33986,0.20392,0.69986,0.79748,0.26886,0.5091,0.09083,0.52997,0.28214,0.28928,0.30461,0.64498,0.36877,0.33489,0.53215,0.40206,0.3733,0.87701,0.422,0.32551,0.21119,0.1287,0.31534,0.506,0.43423,0.04616,0.64458,0.43371,0.54472,0.66245,0.08611,0.16023,0.33264,0.65734,0.25909,0.08736,0.19277,0.40371,0.20677,0.38205,0.31098,0.16523,0.13815,0.29419,0.66275,0.1027,0.55307,0.51427,0.53952,0.40495,0.32809,0.29673,0.5261,0.43591,0.28226,0.14196,0.42403,0.62312,0.12651,0.34202,0.49316,0.95843,0.13393,0.50767,0.1294,0.20883,0.76586,0.11576,0.2644,0.29516,0.33574,0.19694
046,train,1,Hemorrhage,0.48962,0.44957,0.28757,0.43596,0.26268,0.38149,0.57192,0.2051,0.11076,0.37385,0.27665,0.29098,0.39782,0.31317,0.69124,0.64277,0.30564,0.55363,0.32947,0.32265,0.27791,0.18381,0.55352,0.55506,0.2413,0.49227,0.45281,0.3143,0.48642,0.64026,0.29666,0.20146,0.37914,0.33573,0.27932,0.25483,0.26895,0.36892,0.42713,0.5289,0.24685,0.17929,0.29779,0.41985,0.64059,0.666,0.06563,0.18454,0.64678,0.41099,0.25505,0.77008,0.33234,0.22927,0.346,0.37696,0.42697,0.81292,0.6808,0.50183,0.67632,0.21314,0.1993,0.27999,0.39562,0.20947,0.4457,0.37859,0.44753,0.19704,0.31659,0.22134,0.51082,0.35292,0.241,0.22878,0.37802,0.33654,0.67043,0.22871,0.47324,0.25699,0.13951,0.2945,0.90985,0.19796,0.15564,0.82017,0.29322,0.31609,0.53342,0.21975,0.38497,0.39893,0.37029,0.45641,0.25936,0.34352,0.43247,0.34431,0.30768,0.32178,0.31476,0.40139,0.25117,0.26805,0.51547,0.2921,0.2548,0.37288,-0.01801,0.41777,0.35219,0.51758,0.6168,0.69058,0.26611,0.19449,0.22646,0.64106,0.29449,0.19304,0.58213,0.38572,0.22348,0.52187,0.63058,0.45693,0.30616,0.46554,0.23637,0.23705,0.52258,0.33737,0.18387,0.69362,0.2869,0.16859,0.63497,0.33352,0.33413,0.49195,0.18048,0.36523,0.50963,0.46967,0.47167,0.41815,0.31862,0.87621,0.39793,0.24668,0.23626,0.16218,0.66094,0.76654,0.67067,0.49551,0.40809,0.38285,0.51426,0.52107,0.11541,0.24139,0.49543,0.33251,0.3051,1.10578,0.78685,0.79715,0.2157,0.33297,0.31762,0.55016,0.27245,0.73314,0.38564,0.49154,0.38972,0.46964,0.27152,0.57926,0.3834,0.45105,0.29379,0.25565,0.50307,0.55576,0.60615,0.58164,0.19674,0.2025,0.32197,0.43713,0.227,0.38589,0.29075,0.50096,0.56186,0.36785,0.6217,0.83884,0.28028,0.27982,0.42822,0.39957,0.3336,0.45892,0.70369,0.31099,0.37571,0.55584,0.51413,0.60614,0.26829,0.44951,0.62059,0.78736,0.32979,0.16465,0.27357,0.31896,0.42549,0.31421,0.30479,0.1964,0.28287,0.18898,0.52856,0.14686,0.41052,0.32871,0.30735,0.20432,0.47098,0.47382,0.2127,0.20614,0.34816,0.28584,0.39654,0.52516,0.50882,0.26936,0.35979,0.75887,0.25815,0.60239,0.27895,0.19931,0.45526,0.26828,0.67379,0.19533,0.38072,0.6363
109,train,0,Normal,0.18726,0.05521,0.59373,0.76856,0.63967,0.31178,0.13569,0.61586,0.12055,0.67977,0.24441,0.34193,0.09855,0.20393,0.3647,0.35695,0.15462,0.02189,0.2358,0.14203,0.56283,0.20095,0.35031,0.12777,0.13143,0.37018,0.32484,0.23173,0.60871,0.11092,0.92651,0.64933,0.06062,0.25434,0.15876,0.67379,0.77888,0.8498,0.09159,0.10483,0.93938,0.15381,0.18504,0.16164,0.14157,0.10129,0.09443,-0.01796,0.18123,0.51964,0.61876,0.15453,0.05976,0.20347,0.48298,0.60272,0.06247,0.31641,0.29629,0.05321,0.63113,0.19966,0.29756,0.41043,0.40788,0.21907,0.16297,0.13864,0.91182,0.81687,0.48136,0.13572,0.20991,0.45587,0.44262,0.26038,0.85066,0.64556,0.23122,0.25964,0.41651,0.62637,6e-05,0.88046,0.10141,0.01523,0.76747,0.17567,0.39399,0.31161,0.0822,1.01516,0.0826,0.22635,0.19592,0.40717,0.53118,0.25982,0.57378,0.60424,0.22698,0.1155,0.30722,0.43878,0.09417,0.12828,0.25195,0.18915,0.38014,0.88287,0.24106,0.31279,0.44557,0.40621,0.23201,0.27697,0.77335,0.49202,0.28339,0.11571,0.68854,0.13787,0.44357,0.21713,0.66198,0.09931,-0.03729,-0.00312,0.26792,0.20245,0.75447,0.10789,0.05771,0.02101,0.31304,0.07738,0.24363,0.15196,0.09807,0.36875,0.36781,0.22494,0.39542,0.36372,0.36977,0.41662,0.70369,0.06539,0.33617,0.13327,-0.02817,0.65985,0.45917,0.02782,0.0972,0.47627,0.50237,-0.04614,0.37878,0.24161,0.33791,0.57329,0.49935,0.34045,0.38276,0.26789,0.25662,0.18387,0.21954,0.23897,0.97119,0.118,0.92208,0.0754,0.28347,0.12706,0.53066,0.21769,1.23677,0.13561,0.55197,0.7056,0.26444,0.66755,0.13888,0.2113,0.53593,0.22731,0.04452,0.38494,0.93592,0.09653,0.28937,0.22156,0.14731,0.12791,0.4177,0.53366,0.07649,0.05738,0.2549,0.03386,0.36573,0.22711,0.16637,0.51476,0.46575,0.36397,0.1076,0.8003,0.37497,0.41664,0.09391,0.13508,0.89129,0.76974,0.12929,0.0593,0.83426,1.29682,0.25815,0.1312,0.14981,0.19192,0.4021,0.60075,0.45751,1.15267,-0.01313,0.40736,0.17435,0.14539,0.04097,0.18181,0.16315,0.12491,0.17908,0.26326,0.64161,0.42904,0.4341,0.10965,0.38828,0.14492,0.49729,0.06668,1.24491,0.08747,1.0099,0.10204,0.40815,0.72307,0.46168,0.24742,0.26523,0.14464
167,train,0,Normal,0.19851,-0.01389,0.10748,1.07328,0.83413,0.41178,-0.00327,0.49789,0.09961,0.69912,0.17128,0.3833,-0.00233,0.03186,0.31065,0.43256,0.03649,0.04262,0.19031,-0.0232,0.3797,0.11557,0.32931,0.02676,0.14995,0.11839,0.42798,0.13776,0.13382,0.08911,0.89125,0.75489,0.08691,0.18611,0.21606,0.54971,0.89957,0.75848,0.05173,0.07727,0.64104,0.03525,0.29862,0.0213,0.12799,0.04688,-0.07169,-0.00352,0.23835,0.19881,0.49328,0.18449,0.18432,0.18365,0.29753,0.41958,0.0193,0.26218,0.36805,0.03315,0.40469,0.05496,0.23548,0.05702,0.4249,0.16632,0.15227,0.01041,0.73807,0.49717,0.27876,0.07444,0.19128,0.26059,0.25592,0.25878,0.68785,0.47386,0.10676,0.03383,0.37516,0.39977,0.11155,0.88834,-0.06469,0.01186,0.45116,0.07363,0.62394,0.35774,0.03023,0.8042,-0.05713,0.38785,0.08002,0.14011,0.37187,0.16829,0.52458,0.3743,0.25559,-0.06898,0.17311,0.25573,0.04163,0.10581,0.10901,0.02305,0.27412,0.53782,0.06166,0.18654,0.31279,0.34359,0.21355,0.42213,0.67597,0.28912,0.07539,0.00546,0.67761,0.01798,0.26376,0.20183,0.09916,0.3565,-0.01362,-0.07973,0.09696,0.09638,0.45902,0.05048,0.11687,0.00074,0.1472,0.08686,0.42898,0.093,-0.07855,0.13188,0.13925,0.18876,0.30122,0.70983,0.17797,0.28071,0.51463,-0.04641,0.23476,-0.01164,0.05387,0.56051,0.43156,0.15167,0.11958,0.31901,0.48863,-0.11649,0.28518,0.22757,0.09721,0.99613,0.52997,0.38644,0.16148,0.19916,0.31709,0.19629,0.06729,0.13805,0.8112,5e-05,0.96214,-0.00856,0.42931,0.06412,0.49557,0.2586,0.77259,0.1373,0.50483,0.63124,0.0729,0.58653,0.17463,0.1348,0.34319,0.02044,-0.04178,0.23725,1.25668,0.02359,0.18367,0.20663,0.20042,0.02856,0.26957,0.05647,0.07526,-0.01298,0.11745,-0.05498,0.26328,0.22047,0.13617,0.56319,0.34267,0.2025,0.04407,0.42741,-0.00793,0.27328,0.02037,-0.03793,0.60821,0.35056,0.21095,-0.08994,0.77684,1.25774,0.27757,0.17655,0.07895,0.07312,0.83168,0.35348,0.2381,0.66013,0.00293,0.41714,-0.03225,0.02519,0.04334,0.08583,0.11845,0.04577,0.04966,0.10767,0.38665,0.16445,0.21381,-0.00373,0.14759,0.12436,0.34443,-0.04203,1.01428,0.16554,0.56535,0.08874,0.09071,0.81293,0.54266,0.10667,0.44262,0.12169
199,train,0,Normal,0.22922,-0.00936,0.17207,0.63626,0.64633,0.64821,-0.00252,0.4368,0.38261,0.75124,0.17523,0.45691,0.13758,0.07254,0.57605,0.26517,0.1072,0.06237,0.15822,0.15298,0.35394,0.2439,0.46972,0.32013,0.07193,0.16164,0.44831,0.2964,0.27504,0.12492,1.17639,0.44147,0.17134,0.28965,0.31912,0.30818,0.6855,0.80867,-0.02581,0.23429,0.62371,0.08858,0.22144,-0.00248,0.20538,0.05283,0.0241,0.05743,0.22886,0.21876,0.42308,0.29845,0.11599,0.34568,0.63503,0.32299,0.04543,0.32933,0.43891,0.23105,0.50714,0.11598,0.38088,0.22444,0.35463,0.07554,0.19668,0.06683,0.69542,0.38625,0.34579,0.17016,0.27008,0.24436,0.25012,0.10461,0.55029,0.51684,0.21597,0.17977,0.50249,0.20327,0.17831,0.43829,0.00198,0.12227,0.37915,0.12763,0.38084,0.32123,0.00969,0.60407,-0.05257,0.55588,0.33848,0.2851,0.42764,0.09348,0.20703,0.44368,0.22048,0.02969,0.18757,0.27186,0.10306,0.19638,0.36067,0.04685,0.34428,0.61887,0.12419,0.30221,0.51445,0.19411,0.26777,0.41926,0.2493,0.42006,0.06743,0.1143,0.42512,0.10666,0.42301,0.25424,0.15473,0.28435,0.04602,-0.02624,0.24838,0.13048,0.4965,0.16651,0.16349,-0.0007,0.24248,0.29431,0.35511,0.13181,-0.05867,0.18172,0.23193,0.14109,0.13765,0.35896,0.22711,0.44568,0.55619,0.09182,0.50403,0.13662,0.20958,0.29309,0.42983,0.21089,0.1203,0.3463,0.45989,-0.09394,0.14446,0.32836,0.30516,0.48763,0.25951,0.36387,0.20649,0.26568,0.27878,0.27357,0.12989,0.21903,0.55424,-0.01603,0.60712,0.13235,0.25102,0.2219,0.50502,0.19668,0.42106,0.06423,0.32749,0.68606,0.06409,0.53785,0.20703,0.16152,0.34952,-0.00295,0.04588,0.16628,0.73878,0.09508,0.08962,0.17198,0.20742,0.05514,0.1547,0.21789,0.05269,-0.0785,0.07687,-0.01745,0.27378,0.26892,0.05546,0.34625,0.174,0.34979,0.1775,0.35073,0.12525,0.28535,0.02262,0.02832,0.52462,0.50432,0.20137,0.03017,0.33712,0.6554,0.23031,0.21194,0.31462,0.17799,0.45095,0.58502,0.41411,0.60344,0.00599,0.45709,0.1345,0.19239,-0.00699,0.07948,0.15805,0.13035,0.15798,0.22768,0.57609,0.21401,0.26293,0.07104,0.22369,0.09235,0.44582,0.01786,0.56265,0.00027,0.48141,0.36671,0.14933,0.44747,0.40261,0.18063,0.40227,0.26098
019,train,1,Hemorrhage,0.34395,0.72563,0.25239,0.23307,0.12912,0.17443,0.47493,0.14774,0.27292,0.41689,0.34628,0.4006,0.62072,0.5701,0.32393,0.78018,0.49302,0.43075,0.12626,0.50679,0.36064,0.21688,0.45109,0.5857,0.25423,0.29143,0.39354,0.24558,0.39714,0.68511,0.14952,0.23264,0.33359,0.282,0.28134,0.36535,0.17143,0.50471,0.49574,0.17351,0.22728,0.16244,0.13908,0.59547,0.37509,0.73917,0.21541,0.22223,0.37024,0.45543,0.26068,0.74108,0.14055,0.37617,0.60096,0.26948,0.33568,0.73121,0.75071,0.53305,0.79466,0.25218,0.20722,0.13326,0.20672,0.30904,0.29082,0.68415,0.21433,0.07393,0.54102,0.22866,0.33838,0.47857,0.38497,0.13817,0.27239,0.35535,0.4053,0.14822,0.45164,0.28982,0.18372,0.13658,0.8748,0.25852,0.17242,0.67382,0.34399,0.25406,0.57672,0.47584,0.44059,0.41502,0.20019,0.63145,0.26573,0.38481,0.37737,0.42367,0.196,0.29679,0.35936,0.25029,0.31303,0.19021,0.56099,0.24213,0.19128,0.26919,0.21716,0.5762,0.25396,0.42697,0.27376,0.5687,0.28931,0.11591,0.38932,0.5702,0.20799,0.27467,0.71777,0.12225,0.47581,0.50495,0.72058,0.65305,0.35437,0.43868,0.20288,0.23076,0.61308,0.54285,0.38447,0.69536,0.34467,0.24444,0.68849,0.47623,0.3234,0.44095,0.4446,0.3267,0.37137,0.34151,0.45972,0.59765,0.37393,0.7643,0.3602,0.20911,0.08194,0.20497,0.81812,0.53299,0.55137,0.43507,0.4261,0.12986,0.37345,0.39378,0.14251,0.22871,0.59724,0.15183,0.29692,0.88706,0.64474,0.81053,0.35013,0.34752,0.33943,0.73725,0.3768,1.07348,0.45004,0.6584,0.19347,0.70573,0.50857,0.36581,0.16068,0.3676,0.27404,0.13212,0.42828,0.87608,0.39413,0.46561,0.28635,0.42695,0.32601,0.24844,0.216,0.28127,0.46857,0.35781,0.53311,0.0793,0.61684,0.84035,0.26746,0.19661,0.36226,0.34314,0.16182,0.47362,0.57038,0.17202,0.74198,0.36853,0.9693,1.03746,0.22752,0.31512,0.44789,0.67399,0.29539,0.14604,0.33043,0.43815,0.19909,0.14701,0.36065,0.22133,0.29395,0.32689,0.58227,0.10437,0.46926,0.53346,0.33155,0.24378,0.58321,0.47368,0.39706,0.09479,0.37052,0.16586,0.10761,0.65667,0.27929,0.22,0.52073,0.92,0.2686,0.52045,0.19477,0.17918,0.4943,0.22573,0.34281,0.23469,0.33043,0.38231
129,train,0,Normal,0.12772,0.11179,0.49219,0.68231,0.45341,0.27517,0.0992,0.54636,0.10224,0.41488,0.2199,0.25167,0.01748,0.29185,0.1592,0.31158,-0.01278,0.03162,0.1435,0.1874,0.49339,0.11956,0.34922,0.06098,0.22901,0.27441,0.38654,0.2773,0.50618,0.07242,0.73199,0.65261,0.08768,0.21985,0.24152,0.72784,0.6591,0.47017,0.07446,0.071,0.73008,0.13224,0.20742,0.07194,0.16242,0.03875,0.01218,0.05727,0.11872,0.28327,0.42869,0.35127,0.10622,0.14797,0.27788,0.26949,0.10713,0.31975,0.22114,0.10425,0.33585,0.13126,0.31643,0.29757,0.42432,0.24875,0.22893,0.22362,0.61641,0.52966,0.23837,0.14438,0.15306,0.38407,0.40147,0.33444,0.74754,0.62527,0.28564,0.15288,0.51351,0.45207,0.06142,0.77214,0.0434,0.0311,0.43868,0.11497,0.5851,0.40053,0.09384,0.91025,0.19573,0.24385,0.14078,0.31148,0.46089,0.2263,0.44254,0.38123,0.25533,0.04523,0.28882,0.23207,0.21667,0.15575,0.21551,0.07176,0.26742,0.77666,0.35009,0.23062,0.27392,0.09402,0.26847,0.33836,0.59488,0.29875,0.22224,0.02072,0.68954,0.04747,0.3803,0.23784,0.29629,0.26147,0.03422,-0.04785,0.37415,0.24505,0.56131,0.14638,0.0104,0.0245,0.20288,0.25227,0.25541,0.15015,-0.01536,0.2556,0.21068,0.1081,0.43318,0.44224,0.1704,0.24389,0.48372,0.05211,0.29785,0.15084,-0.00715,0.32852,0.42662,0.12021,0.07519,0.27734,0.40715,-0.08408,0.16249,0.14815,0.16946,0.63833,0.38126,0.31461,0.27376,0.10964,0.37029,0.46463,0.12335,0.15925,0.78478,0.15953,0.88912,0.13885,0.42507,0.13312,0.24212,0.30757,0.90031,0.18366,0.44331,0.38871,0.15167,0.36172,0.2275,0.21965,0.36318,0.03294,-0.02252,0.15265,0.98053,0.01088,0.21217,0.31464,0.29796,0.16639,0.13001,0.15611,0.10915,-0.02322,0.21706,0.11461,0.22158,0.10432,0.1875,0.30643,0.48082,0.16927,0.1862,0.67381,0.19029,0.32821,0.23042,0.07715,0.71146,0.41043,0.10865,0.12642,0.7616,1.05437,0.29393,0.07421,0.13647,0.24638,0.57555,0.37586,0.20497,0.61196,0.11749,0.30464,0.10681,0.1668,0.00473,0.09126,0.16853,0.09397,0.10744,0.08733,0.60874,0.1811,0.28961,0.08652,0.25904,0.19087,0.29847,0.09333,0.96146,0.17518,0.68715,0.16576,0.18468,0.69513,0.35391,0.1927,0.19565,0.18329
100,train,0,Normal,0.28154,-0.01568,0.40188,0.89747,0.5498,0.28577,0.06981,0.73133,0.36755,0.68135,0.31757,0.25551,0.08931,0.19678,0.37271,0.13241,0.20114,0.06225,0.17813,0.16227,0.7356,0.15632,0.32802,0.12484,0.14186,0.28908,0.32457,0.35944,0.56983,0.16617,0.62817,0.66862,0.08256,0.25928,0.32,0.77771,0.79241,0.50173,0.15257,0.12077,1.1079,0.03836,0.39808,0.16942,0.20832,0.06018,0.0601,0.09452,0.14681,0.48835,0.64601,0.31752,0.19362,0.06089,0.31862,0.4034,0.14684,0.29228,0.18804,0.08958,0.48809,0.13179,0.07541,0.29181,0.58403,0.14267,0.21835,0.00508,0.58309,0.84336,0.23904,0.19934,0.19628,0.40595,0.22736,0.19329,0.87976,0.30366,0.1907,0.23268,0.53108,0.81622,0.11556,0.89584,0.0692,0.05292,0.77892,0.11439,0.50937,0.28621,-0.03069,1.08509,0.17827,0.15886,0.23164,0.28137,0.29702,0.36793,0.59058,0.43792,0.20671,0.06887,0.23649,0.11293,0.07857,0.08561,0.05499,0.04408,0.31502,0.8219,0.23817,0.27541,0.30073,0.32285,0.16999,0.36192,1.07264,0.34888,0.18487,-0.02193,0.6291,0.19119,0.32584,0.09712,0.49234,0.23851,-0.04938,-0.05186,0.34156,0.27474,0.70672,0.19447,0.12007,0.04769,0.21265,0.23056,0.37962,0.07699,-0.00665,0.24117,0.29669,0.28566,0.34011,0.56408,0.13581,0.31507,0.39165,0.03004,0.25167,0.30595,0.09486,0.2517,0.45067,0.25166,0.07109,0.38222,0.42559,-0.04148,0.24083,0.29819,0.23081,0.89854,0.53507,0.35768,0.09333,0.14095,0.2541,0.20146,0.26882,0.33564,1.27623,0.12861,0.9256,0.02738,0.41994,0.01964,0.26211,0.30967,1.17117,0.17707,0.64683,0.45627,0.10562,0.29089,0.14187,0.21285,0.26451,-0.06342,0.04626,0.36046,1.1417,0.23952,0.14403,0.29801,0.14613,0.03458,0.17611,0.33394,0.09511,0.13919,0.42207,0.08125,0.14616,0.14844,0.23321,0.50114,0.22515,0.36581,0.10437,0.7204,0.0668,0.39097,0.10681,-0.00638,0.97423,0.36239,0.06247,0.07388,0.94043,1.38511,0.4134,0.19872,0.19633,0.12068,0.56281,0.47264,0.35469,1.01639,-0.09743,0.32534,0.11512,0.2586,0.0797,0.05468,0.43123,0.07949,0.05628,0.32704,0.39522,0.13276,0.26604,0.08366,0.46319,0.03537,0.4764,0.0592,1.21617,-0.00164,1.03067,0.17494,0.15656,0.90185,0.39433,0.29754,0.27964,0.23771
084,train,1,Hemorrhage,0.6219,0.76533,0.49226,0.2998,0.23237,0.28464,0.37766,0.45189,0.17075,0.35214,0.37725,0.36596,0.3187,0.32105,0.45988,0.75796,0.15274,0.38215,0.17465,0.28753,0.49209,0.40992,0.19342,0.33289,0.38835,0.30612,0.33402,0.15616,0.45271,0.57761,0.0874,0.37804,0.14413,0.33532,0.14127,0.2778,0.24175,0.38692,0.36481,0.6217,0.2275,0.20096,0.02874,0.47086,0.50425,0.48756,0.1503,0.13271,0.22123,0.33747,0.27524,0.2974,0.39202,0.36516,0.12185,0.04119,0.20914,0.55865,0.49502,0.22694,0.51255,0.19923,0.56245,0.32683,0.20143,0.40752,0.18753,0.27214,0.26813,0.28955,0.40605,0.44633,0.51951,0.21567,0.38125,0.27662,0.20991,0.25357,0.25843,0.42269,0.61844,0.20976,0.28308,0.2558,0.72956,0.30165,0.34709,0.71638,0.17707,0.2814,0.72022,0.33881,0.30186,0.28071,0.19702,0.35794,0.51009,0.14295,0.24002,0.35749,0.35256,0.25948,0.31467,0.52706,0.27848,0.21546,0.29142,0.50905,0.20189,0.63729,0.28093,0.30411,0.16687,0.50206,0.35415,0.33047,0.18634,0.07673,0.19455,0.60006,0.36069,0.45198,0.92247,0.5683,0.40779,0.14806,0.40946,0.44871,0.08756,0.28704,0.26362,0.31316,0.60088,0.50914,0.20605,0.37427,0.18589,0.0923,0.71056,0.8897,0.98402,0.37026,0.2339,0.10838,0.50805,0.35287,0.3099,0.61002,0.07705,0.50409,0.27321,0.32167,0.20325,0.14817,0.62833,0.64281,0.53132,0.38956,0.60399,0.18286,0.35074,0.30581,0.2002,0.28074,0.57032,0.11578,0.16224,0.32357,0.2082,0.54859,0.51189,0.18299,0.47973,0.43097,0.57929,0.79272,0.44503,0.55622,0.31702,0.45062,0.3752,0.26637,0.59428,0.51455,0.25242,0.3361,0.69522,0.62678,0.2712,0.49139,0.25623,0.4214,0.32695,0.29952,0.21936,0.39228,0.37809,0.50724,0.34671,0.22282,0.26254,0.7821,0.58066,0.59484,0.12078,0.28974,0.34394,0.2627,0.52834,0.31339,0.53732,0.62768,0.37902,0.73275,0.20162,0.37942,0.44709,0.50936,0.4268,0.28561,0.32508,0.43423,0.31083,0.25805,0.21822,0.16026,0.34274,0.25589,0.7057,0.31034,0.37961,0.2499,0.22608,0.17809,0.39663,0.23975,0.4635,0.54846,0.35025,0.40602,0.41588,0.30399,0.20193,0.25729,0.69195,0.51324,0.20514,0.66993,0.21168,0.08777,0.67269,0.23122,0.22146,0.27968,0.41103,0.33808
035,train,1,Hemorrhage,0.49115,0.83292,0.40934,0.0794,-0.04334,0.18133,0.65345,0.09092,0.23832,0.13041,0.77229,0.05902,0.46305,0.51075,0.12538,0.85868,0.60905,0.47426,0.04653,0.28285,0.23624,0.60963,0.21735,0.2737,0.15647,0.3496,0.05495,0.41053,0.56947,0.78065,-0.02946,0.02867,0.16921,0.16982,0.19629,0.27387,-0.01909,0.1467,0.534,0.67261,0.11851,0.18804,0.28688,0.95255,0.28759,0.79902,0.16274,0.24322,0.45464,0.28081,0.24908,0.45107,0.34693,0.22123,-0.02321,0.50923,0.15627,0.53973,0.2747,0.36657,0.62945,0.70901,0.41326,0.13104,0.34134,0.87785,0.19258,0.63856,0.04644,0.15038,0.45476,0.56032,0.56099,0.28435,0.23783,0.23283,0.27199,0.2052,0.4703,0.31123,0.38685,0.4732,0.28621,0.06247,0.8781,-0.07067,0.0586,0.47008,0.02215,0.35243,0.55897,0.29387,0.82918,0.0669,0.14565,0.82335,0.18582,0.29312,0.69156,0.11905,0.18969,0.65551,0.5726,0.55096,0.25193,0.07644,0.74409,0.41171,-0.00352,0.24694,0.92616,0.4338,0.02784,0.4197,0.05631,0.24066,0.28201,-0.01764,0.20354,0.3645,0.05534,0.60473,0.70207,0.11516,0.57441,0.55777,0.84057,1.1489,0.19206,0.05109,0.2134,0.24438,0.82126,0.99664,0.59564,0.51614,0.27975,0.24468,0.60036,1.01084,0.61595,0.12054,0.53923,0.35978,0.40569,0.12089,0.0707,0.80456,0.04606,0.41787,0.26725,0.1658,0.18679,0.26149,0.75343,0.18862,0.18021,0.78615,0.41082,0.14152,0.16021,0.37222,0.15984,0.2058,0.35808,0.27155,0.1743,0.32805,0.17461,0.83176,0.44542,0.19798,0.23967,0.56914,0.46321,0.66913,0.37437,0.58696,0.65261,0.63321,0.58203,0.03898,0.90033,0.01829,0.18686,0.36271,0.53761,0.74575,0.37294,0.40988,0.16785,0.21899,0.55614,0.6683,0.62277,0.8043,0.30521,0.31956,0.95038,0.68031,0.41731,0.9364,0.29827,0.18209,0.19921,0.08913,0.06333,0.3907,0.34192,0.05692,0.66724,0.58617,0.4268,0.52218,0.28784,-0.00562,0.29109,0.74008,0.32574,0.13862,0.22225,0.34795,0.08354,0.29976,0.23441,0.20627,0.08142,0.15378,0.93689,0.05574,0.75862,0.68925,0.76991,0.19793,0.13651,0.36232,0.19841,0.72294,0.20083,0.10825,0.4128,0.64955,0.43412,0.26276,0.45018,1.0964,0.07252,0.81238,0.19744,0.14487,0.78772,0.06008,0.17435,0.48113,0.36368,0.11776
045,train,1,Hemorrhage,0.36924,0.24546,0.32621,0.49648,0.26274,0.38465,0.32704,0.2546,0.22514,0.43157,0.54829,0.4887,0.47188,0.37511,0.64653,0.13227,0.27063,0.49237,0.29996,0.41927,0.29033,0.21587,0.34174,0.41068,0.1796,0.50499,0.36005,0.27706,0.55353,0.44603,0.20595,0.23586,0.28085,0.22064,0.29815,0.5616,0.3172,0.40619,0.09556,0.1497,0.67186,0.00991,0.34191,0.39093,0.30535,0.3775,0.14395,0.37998,0.25205,0.39932,0.42052,0.633,0.38463,0.33045,0.35288,0.25753,0.3559,0.74631,0.5948,0.30281,0.48875,0.13166,0.4085,0.3675,0.4514,0.18559,0.49817,0.30148,0.24936,0.29122,0.43171,0.31852,0.459,0.39779,0.26423,0.16655,0.44628,0.31776,0.36452,0.18165,0.52581,0.45183,0.3065,0.44038,0.32255,0.3445,0.33469,0.48991,0.2866,0.37569,0.28774,0.56743,0.27603,0.3534,0.25909,0.35249,0.21095,0.48696,0.38551,0.11047,0.36162,0.34554,0.35328,0.16313,0.15717,0.18342,0.34915,0.14317,0.3099,0.437,0.2631,0.52638,0.21522,0.38401,0.2098,0.70101,0.46038,0.39707,0.28698,0.31837,0.33517,0.14732,0.50306,0.32204,0.3658,0.46081,0.32802,0.35544,0.50891,0.41271,0.49269,0.17525,0.41129,0.29934,0.26279,0.51907,0.35001,0.18553,0.25834,0.12593,0.29684,0.38922,0.13782,0.30199,0.21432,0.49389,0.24319,0.2899,0.11705,0.76687,0.25172,0.07721,0.3572,0.13902,0.48249,0.58895,0.47142,0.33584,0.395,0.1814,0.30034,0.66367,0.17511,0.38943,0.07164,0.4499,0.21291,0.59524,0.3868,0.54735,0.64625,0.39114,0.41688,0.44658,0.44321,0.46709,0.11055,0.45917,0.37298,0.47201,0.45082,0.26403,0.27897,0.35864,0.13904,0.19647,0.27354,0.17572,0.45778,0.47489,0.44264,0.22287,0.19179,0.67148,0.32068,0.27984,0.29146,0.37,0.41426,0.29717,0.70613,0.44487,0.16602,0.2795,0.44921,0.48555,0.05389,0.49107,0.50925,0.50061,0.42328,0.41576,0.29046,0.39065,0.41927,0.24665,0.25911,0.5111,0.46286,0.41961,0.31446,0.26007,0.29857,0.25665,0.30698,0.20391,0.23674,0.3497,0.23699,0.11313,0.3209,0.37196,0.24937,0.11969,0.51753,0.54467,0.12436,0.27854,0.15867,0.03833,0.24388,0.46438,0.59062,0.152,0.56898,0.54018,0.33687,0.11175,0.45749,0.16151,0.17363,0.46492,0.38721,0.43974,0.21089,0.46228
003,train,1,Hemorrhage,0.5239,0.1697,0.16066,0.70164,0.53073,0.6991,0.02719,0.30399,0.37674,0.75215,0.31219,0.4926,0.05363,0.19456,0.7927,0.25201,0.29987,0.17163,0.09165,0.25052,0.37667,0.06095,0.41139,0.48552,0.23175,0.40822,0.66868,0.53025,0.09064,0.21946,0.6831,0.38383,0.10355,0.45123,0.21784,0.30751,0.52762,0.67259,0.28436,0.22438,0.4192,0.14006,0.15833,0.21845,0.41196,0.07283,0.13346,0.0889,0.24924,0.26391,0.38871,0.31791,0.19854,0.52222,0.39,0.16218,0.36792,0.48302,0.54338,0.21075,0.72534,0.04154,0.28815,0.16042,0.27727,0.17888,0.22691,0.21743,0.50223,0.06921,0.37423,0.22092,0.53607,0.34378,0.37468,0.14184,0.30259,0.3598,0.31055,0.3189,0.53531,0.10374,0.33321,0.38079,0.21857,0.28749,0.31039,0.32623,0.50183,0.35673,0.19402,0.54013,-0.0178,0.5034,0.42487,0.24157,0.49013,0.27827,0.18184,0.39506,0.31094,0.20972,0.41897,0.21065,0.1824,0.23961,0.29817,0.32747,0.39311,0.34656,0.09915,0.55979,0.49905,0.34554,0.27856,0.36816,0.2187,0.50736,0.342,0.39762,0.27533,0.20695,0.56978,0.42438,0.3316,0.24749,0.10662,0.0477,0.43367,0.34102,0.52073,0.39431,0.47907,0.07771,0.2934,0.41506,0.409,0.15736,0.26941,0.27988,0.4664,0.28637,0.28097,0.26213,0.17927,0.42646,0.52814,0.17584,0.30543,0.29605,0.35181,0.36125,0.34694,0.14142,0.36484,0.63565,0.42812,0.06765,0.58956,0.31545,0.29553,0.467,0.41207,0.32569,0.20432,0.27209,0.24831,0.27107,0.49811,0.169,0.52384,0.12633,0.61872,0.15803,0.402,0.44792,0.42707,0.13416,0.41395,0.29308,0.38378,0.46913,0.19883,0.76022,0.22455,0.07822,0.447,0.15794,0.18443,0.44646,0.68246,0.21368,0.21552,0.09952,0.33845,0.29849,0.42562,0.48359,0.03263,0.03907,0.10231,0.29075,0.35417,0.51002,0.08999,0.32634,0.30834,0.51806,0.28776,0.26616,0.17157,0.39171,0.1679,0.25808,0.2431,0.63051,0.35827,0.12098,0.41023,0.42061,0.21113,0.49654,0.26194,0.26611,0.46053,0.35699,0.36942,0.55234,0.29948,0.47084,0.30061,0.30984,0.0753,0.16148,0.34151,0.24667,0.36363,0.18184,0.57469,0.38663,0.36252,0.40224,0.17998,0.1817,0.66124,0.1181,0.44251,0.12772,0.29061,0.31378,0.42212,0.35251,0.33232,0.18296,0.46079,0.52189
173,train,0,Normal,0.22853,0.1093,0.53942,1.03585,0.91134,0.37704,-0.03131,0.64528,0.33136,0.65712,0.14659,0.35492,-0.04354,-0.05923,0.2257,0.5807,-0.001,0.00605,0.25514,-0.09897,0.58628,0.05078,0.41519,0.11309,0.27475,0.04512,0.51747,0.24488,0.17867,0.1279,1.04898,0.54967,0.04635,0.25582,0.16081,0.24883,0.62336,1.17986,0.05707,0.16399,0.65442,0.19418,0.22299,0.10329,0.24113,-0.00255,0.11497,0.02407,0.18126,0.17122,0.45661,0.12372,0.11909,0.39995,0.40259,0.56281,-0.02088,0.19948,0.2424,0.10367,0.47622,0.21761,0.49619,0.37476,0.37543,0.29606,0.35502,0.12393,0.76484,0.73334,0.18248,0.25987,0.24803,0.1239,0.45396,0.16105,0.84798,0.64676,0.26348,0.18406,0.37971,0.46629,0.09305,0.8151,0.01979,0.01374,0.31427,0.12142,0.53164,0.41346,0.04263,0.72503,-0.04112,0.4769,0.13844,0.15502,0.62243,0.20597,0.47345,0.47418,0.40798,-0.05432,0.2915,0.48249,0.10484,0.16665,0.1978,0.12498,0.32742,0.86627,0.1996,0.25278,0.40886,0.50899,0.43212,0.32371,0.45458,0.41885,0.16803,-0.02285,0.78598,0.12145,0.46127,0.32438,0.09216,0.29154,0.04406,-0.07652,-0.00487,0.04597,0.47802,-0.02662,0.15348,0.02246,0.02154,0.0891,0.3844,0.08758,-0.05399,0.35402,0.34821,0.20993,0.40608,0.52335,0.40802,0.3812,0.70342,0.04137,0.18714,0.06517,0.14045,0.59436,0.73501,0.29637,0.0289,0.4638,0.59435,-0.08189,0.25236,0.4047,0.13488,0.728,0.30514,0.32623,0.3581,0.00264,0.30837,0.17845,0.11963,0.01587,0.54672,0.022,0.85793,0.01575,0.58466,0.20292,0.555,0.33706,0.82322,-0.02989,0.00677,0.80343,0.21466,0.57734,0.22296,-0.02109,0.60484,0.05207,-0.03085,0.21991,1.07029,0.08218,0.13521,0.17908,0.1676,0.1553,0.25621,0.15719,-0.03772,0.0545,0.32472,-0.04003,0.38879,0.36741,0.18332,0.57892,0.61466,0.1202,0.10797,0.28141,0.27487,0.31365,-0.00536,0.01354,0.6186,0.53643,0.17038,-0.02234,0.65256,1.19625,0.29648,0.31677,0.14996,0.25304,0.71429,0.21379,0.30332,0.57642,0.17789,0.56009,0.11112,-0.01696,0.01329,0.11865,0.12035,0.13766,0.10376,0.17333,0.4895,0.23609,0.19793,-0.01092,0.25872,0.20268,0.39259,-0.00793,1.10869,0.18909,0.51705,0.16653,0.32336,0.82243,0.46651,-0.03954,0.35915,0.15461
093,train,1,Hemorrhage,0.36386,0.51017,0.32827,0.3629,0.13246,0.39565,0.40294,0.3319,0.37342,0.46203,0.38305,0.49775,0.24881,0.38236,0.63936,0.56194,0.30731,0.38465,0.27808,0.40349,0.48036,0.34586,0.34055,0.52491,0.22969,0.5352,0.37237,0.35414,0.55554,0.61486,0.1968,0.08877,0.13526,0.27803,0.08759,0.29283,0.09068,0.27888,0.37546,0.50264,0.31413,0.25146,0.27112,0.39485,0.44177,0.48799,0.17426,0.41087,0.47634,0.48124,0.21331,0.36743,0.30486,0.46038,0.31521,0.27348,0.35795,0.5832,0.36575,0.43251,1.03552,0.38415,0.32156,0.35908,0.34513,0.39564,0.30093,0.44575,0.33132,0.27633,0.37419,0.50902,0.53505,0.3935,0.46581,0.12277,0.36679,0.45007,0.4823,0.33382,0.36066,0.2278,0.27589,0.22572,0.65282,0.11211,0.25547,0.52875,0.26295,0.26574,0.56834,0.29281,0.3675,0.19878,0.24658,0.53956,0.44219,0.30251,0.43376,0.47262,0.43757,0.39359,0.53536,0.53411,0.17889,0.40487,0.23398,0.52312,0.15726,0.39234,0.39946,0.44976,0.28413,0.52915,0.37097,0.31548,0.26646,0.20936,0.31244,0.62456,0.26933,0.31784,0.68297,0.54217,0.43645,0.37173,0.45793,0.43007,0.22104,0.27259,0.33885,0.3284,0.64308,0.35877,0.37333,0.46169,0.24253,0.21975,0.51884,0.62001,0.73771,0.3721,0.4916,0.37224,0.5237,0.46465,0.25328,0.34597,0.28355,0.56825,0.38931,0.24519,0.27012,0.23684,0.41644,0.7784,0.59206,0.34982,0.50191,0.21649,0.35875,0.28741,0.14569,0.40422,0.61267,0.38694,0.21366,0.44847,0.40097,0.43286,0.41116,0.27299,0.29353,0.48218,0.40856,0.54964,0.36273,0.25808,0.25423,0.39715,0.31088,0.28262,0.6074,0.44427,0.21855,0.14545,0.53384,0.55594,0.44813,0.70614,0.22493,0.33121,0.3804,0.38253,0.36169,0.50855,0.50575,0.51243,0.39115,0.42007,0.49409,0.49492,0.48334,0.31036,0.2459,0.353,0.45673,0.58671,0.37701,0.2486,0.65135,0.34944,0.32881,0.52148,0.39032,0.39735,0.32625,0.42913,0.25015,0.25543,0.34186,0.6077,0.27298,0.51041,0.28484,0.22702,0.31148,0.32848,0.61192,0.21444,0.58887,0.41565,0.2642,0.32103,0.28455,0.24358,0.48971,0.36906,0.35535,0.33975,0.41721,0.39101,0.29707,0.26517,0.84128,0.65718,0.23943,0.38459,0.2415,0.24217,0.56832,0.14952,0.34335,0.33457,0.39708,0.18555
166,train,0,Normal,0.12985,-0.00908,0.38496,0.98775,0.97933,0.56726,-0.00674,0.8586,0.28549,0.60928,0.15846,0.46484,0.04885,-0.06833,0.28401,0.52249,0.08496,0.06293,0.22768,-0.01512,0.35645,0.13415,0.37597,0.19018,0.30763,0.13593,0.36314,0.36452,0.07846,0.21922,0.88664,0.49866,0.02003,0.13771,0.12491,0.32237,0.81722,1.27687,0.0748,0.11283,0.90544,0.08939,0.30116,0.0808,0.30443,0.03254,0.14713,-0.04797,0.22112,0.25556,0.61223,0.10225,0.35439,0.39706,0.40206,0.57623,-0.01242,0.22635,0.31004,0.03056,0.49965,0.28526,0.63947,0.32388,0.44621,0.33853,0.46903,0.11541,0.5984,0.94287,0.27307,0.17749,0.27323,0.16926,0.48582,0.07405,0.98402,0.67854,0.1526,0.15955,0.43423,0.50541,0.12766,0.9345,-0.00906,0.01082,0.36198,0.17964,0.65259,0.43619,0.04632,0.75913,-0.01892,0.55272,0.23783,0.17388,0.69768,0.25713,0.65019,0.44287,0.41734,0.00227,0.19371,0.43585,-0.00469,0.0567,0.25068,0.08399,0.35584,0.74682,0.12608,0.27407,0.30239,0.26332,0.30134,0.196,0.58495,0.39175,0.18048,0.11101,0.95375,0.09516,0.31724,0.18705,0.25435,0.23568,0.07899,-0.0723,0.07608,0.08662,0.78023,0.03523,0.1661,-0.02559,0.10649,0.07031,0.41484,0.07603,-0.09048,0.22185,0.35451,0.29197,0.45641,0.62505,0.54644,0.3676,0.56407,0.05173,0.1344,0.08579,0.07119,0.59099,0.75524,0.21449,-0.00134,0.40958,0.82016,-0.0985,0.32134,0.38084,0.19808,0.91012,0.35211,0.44041,0.22827,0.14058,0.36164,0.16454,0.14634,-0.06505,0.6716,0.04349,0.834,-0.00769,0.78153,0.0898,0.45391,0.30113,0.95233,-0.03326,0.09857,0.74064,0.18706,0.5347,0.22934,-0.05551,0.56484,0.0124,-0.01163,0.22714,1.18104,0.03366,0.18021,0.28988,0.14535,0.11609,0.25507,0.34922,-0.06851,0.05877,0.35603,-0.04301,0.44991,0.26478,0.39196,0.72174,0.53457,0.24866,0.1183,0.26468,0.18202,0.26886,-0.00484,0.01338,0.81343,0.42591,0.07366,-0.05332,0.8343,1.39539,0.32331,0.30841,0.3399,0.14854,0.73017,0.33556,0.32831,0.77235,0.06235,0.51701,0.07874,0.05817,-0.01364,0.05192,0.21685,0.06326,0.26562,0.20782,0.31888,0.07201,0.1419,0.06649,0.36497,0.08112,0.58592,-0.00302,1.42556,0.41518,0.61228,0.22878,0.21451,0.92907,0.43582,0.06287,0.34339,0.09876
112,train,0,Normal,0.19013,-0.03761,0.40771,0.59806,0.45936,0.47036,0.08152,0.55633,0.26466,0.55595,0.21155,0.37299,0.0365,0.15237,0.52644,0.21846,-0.00374,0.10439,0.20635,0.1286,0.29283,0.16813,0.50811,0.18876,0.17538,0.19539,0.39393,0.25552,0.44898,0.1222,0.84525,0.45469,0.06288,0.2966,0.2148,0.5201,0.66503,0.64109,0.14986,0.11744,0.68634,0.1241,0.27286,0.07177,0.2358,-0.00705,0.06231,0.09377,0.14002,0.45152,0.51037,0.29573,0.10529,0.21406,0.34404,0.48166,0.10641,0.33928,0.42785,0.13838,0.5969,0.17401,0.37719,0.39196,0.39773,0.10141,0.19713,0.11418,0.65551,0.63051,0.30609,0.18498,0.26642,0.30163,0.41342,0.24308,0.72041,0.57705,0.2462,0.34638,0.41229,0.47701,0.09303,0.70985,0.00737,0.14865,0.46884,0.25047,0.52176,0.33019,0.02442,0.82964,0.1005,0.26168,0.18624,0.33402,0.40384,0.19983,0.51713,0.48005,0.33085,0.15762,0.24784,0.28999,0.09041,0.22202,0.27303,0.10861,0.23177,0.68092,0.31652,0.37558,0.35046,0.2527,0.19282,0.31126,0.48381,0.43302,0.29153,0.11004,0.52183,0.1271,0.397,0.23971,0.34171,0.20145,0.03824,0.02237,0.24239,0.32152,0.57173,0.11064,0.12798,0.00633,0.2469,0.16993,0.30673,0.0931,-0.02678,0.20377,0.34219,0.17281,0.20787,0.37801,0.26268,0.52519,0.47044,0.09153,0.26303,0.10218,0.17246,0.25924,0.35818,0.07072,0.11406,0.56027,0.46654,-0.05706,0.33317,0.18352,0.25206,0.61701,0.31862,0.32892,0.19731,0.21456,0.32077,0.34801,0.23867,0.12787,0.77344,0.09539,0.67753,0.08419,0.35224,0.178,0.36995,0.14654,0.7505,0.13,0.39898,0.50134,0.21496,0.43554,0.16296,0.15422,0.34854,0.09803,0.02308,0.27088,0.80712,0.10728,0.40829,0.34607,0.24323,0.19864,0.27116,0.25972,0.08393,0.08855,0.24002,0.07328,0.31272,0.16593,0.21949,0.39706,0.38376,0.38298,0.16658,0.53556,0.21556,0.2595,0.01185,0.08009,0.84679,0.59807,0.24831,0.09165,0.68745,0.93815,0.27358,0.14489,0.28822,0.27183,0.36662,0.54424,0.29607,1.01658,0.06672,0.39443,0.10099,0.08855,0.04327,0.24016,0.1341,0.0982,0.2296,0.24579,0.35912,0.24445,0.17236,0.07607,0.42315,0.11487,0.44495,0.12595,0.86369,0.0712,0.68905,0.20852,0.21757,0.62626,0.4793,0.17116,0.2607,0.20184
031,train,1,Hemorrhage,0.48036,0.45114,0.28071,0.18161,0.0611,0.31919,0.48288,0.18032,0.31741,0.36814,0.52887,0.29551,0.52546,0.3391,0.43334,0.49549,0.50701,0.32156,0.22942,0.39829,0.19078,0.3481,0.33985,0.56099,0.15813,0.481,0.27639,0.41033,0.41562,0.61918,0.14744,0.02023,0.18866,0.14541,0.17258,0.37038,0.11001,0.30765,0.35359,0.38453,0.23955,0.26316,0.26023,0.44271,0.28888,0.4674,0.18972,0.31273,0.4927,0.34864,0.22038,0.38834,0.26151,0.24353,0.22383,0.20178,0.20028,0.6365,0.2945,0.3647,0.55595,0.26337,0.32368,0.26033,0.24474,0.37365,0.26068,0.3185,0.24111,0.27221,0.26684,0.49907,0.43721,0.41847,0.36523,0.29881,0.32244,0.26376,0.6002,0.26709,0.62097,0.38555,0.3819,0.29191,0.63345,0.15258,0.15811,0.36034,0.19358,0.17018,0.27184,0.18708,0.53412,0.26374,0.357,0.44953,0.13051,0.35163,0.48351,0.15855,0.23966,0.67845,0.46993,0.62585,0.18953,0.12898,0.51217,0.17813,0.22322,0.26224,0.40526,0.31736,0.2007,0.38501,0.25233,0.38698,0.38032,0.20784,0.24467,0.59246,0.24615,0.10624,0.70213,0.234,0.36974,0.41033,0.42425,0.49384,0.23898,0.26954,0.39703,0.30306,0.5213,0.4912,0.35716,0.47499,0.28357,0.20548,0.33634,0.42654,0.42406,0.22781,0.36759,0.39098,0.36684,0.34644,0.18435,0.30068,0.07592,0.71717,0.29112,0.26592,0.25797,0.29176,0.35494,0.39262,0.22038,0.51143,0.27819,0.24935,0.26159,0.32168,0.18745,0.12102,0.25202,0.44177,0.19739,0.53393,0.45994,0.5648,0.37021,0.30487,0.30224,0.59857,0.34963,0.34658,0.25858,0.34869,0.346,0.41716,0.44672,0.24497,0.47838,0.32938,0.20193,0.18906,0.25512,0.37836,0.39697,0.42192,0.21206,0.06939,0.40804,0.64967,0.50505,0.40443,0.18754,0.36756,0.51824,0.36036,0.3482,0.51226,0.31762,0.10501,0.35549,0.19196,0.29167,0.60228,0.24848,0.21164,0.53439,0.45019,0.19048,0.30693,0.33064,0.14688,0.39136,0.47181,0.20932,0.2591,0.24468,0.32441,0.27804,0.31088,0.28144,0.20809,0.20443,0.24004,0.43537,0.12581,0.63551,0.54326,0.32337,0.1741,0.24144,0.47061,0.16091,0.38675,0.37552,0.23942,0.30767,0.51313,0.43886,0.34486,0.51809,0.62248,0.2213,0.33669,0.27506,0.22198,0.4347,0.23876,0.21943,0.33741,0.29011,0.22835
179,train,0,Normal,0.25807,-0.06465,0.64201,0.78465,0.51867,0.32004,0.11702,0.8602,0.26673,0.46507,0.41733,0.39611,0.02156,0.20974,0.49621,0.32061,0.1393,0.19686,0.23185,0.03917,0.62524,0.38318,0.43385,0.23193,0.13502,0.40499,0.3901,0.3025,0.73548,0.23538,0.61909,0.76202,0.03995,0.12846,0.21151,0.86896,0.94914,0.65491,0.10267,0.13787,1.01436,0.04442,0.34692,0.12742,0.18546,-0.01177,0.09482,0.0955,0.24299,0.56142,0.79756,0.28666,0.22901,0.19372,0.29829,0.66847,0.10852,0.35726,0.27161,0.004,0.71634,0.13543,0.12007,0.45123,0.59797,0.2254,0.27165,0.00318,0.58972,1.13684,0.42943,0.16014,0.26856,0.43826,0.24446,0.27577,1.05103,0.42483,0.19205,0.32794,0.47611,0.74932,-0.04444,1.1556,0.00808,0.05438,0.79171,0.11187,0.29775,0.30822,0.05533,1.17894,0.17755,0.1551,0.2958,0.50674,0.57531,0.30862,0.80474,0.46607,0.25536,0.1656,0.24869,0.30619,0.03301,0.07494,0.1657,0.00385,0.23555,1.22511,0.20782,0.1564,0.21937,0.29359,0.04962,0.3363,0.8313,0.39759,0.25954,0.15023,0.73523,0.15953,0.3247,0.1845,0.58113,0.12731,0.00388,-0.02347,0.17393,0.27321,0.92703,0.35966,0.15586,0.06722,0.2174,0.10465,0.36473,0.07054,0.02776,0.29014,0.47415,0.27544,0.2487,0.46992,0.21657,0.33717,0.34739,0.09126,0.14643,0.1143,0.05672,0.31676,0.54403,0.1297,0.12287,0.53755,0.63106,-0.03388,0.36715,0.1791,0.2925,0.7466,0.53055,0.40332,0.12762,0.23785,0.3124,0.12323,0.25656,0.20234,1.32164,0.14729,0.97725,0.03419,0.67312,0.15664,0.24258,0.2416,1.41623,0.10761,0.63442,0.39372,0.23532,0.35172,0.16157,0.24365,0.45469,-0.0034,0.05285,0.26387,1.18501,0.25767,0.07431,0.41886,0.12083,0.06483,0.2868,0.47784,0.13402,0.16592,0.23006,0.09711,0.18572,0.13657,0.4198,0.53074,0.22846,0.39248,0.14145,0.88377,0.02782,0.48822,0.08129,-0.03409,1.21343,0.43218,0.06866,-0.00021,1.01659,1.56049,0.40815,0.15605,0.18587,0.24405,0.41703,0.81766,0.5083,1.09484,-0.07462,0.19999,0.06353,0.15925,0.06137,0.13354,0.22386,0.10134,0.33258,0.37943,0.34958,0.20379,0.23635,0.12701,0.56539,-0.07578,0.60956,0.14425,1.47678,0.17735,1.01564,0.13476,0.19011,0.88298,0.4741,0.31946,0.35911,0.18753
116,train,0,Normal,0.19413,-0.03231,0.51625,0.54806,0.43147,0.16918,0.1155,0.76052,0.37194,0.67677,0.35645,0.34064,0.11724,0.22721,0.34853,0.29665,0.2808,0.10646,0.27094,0.08422,0.44174,0.26949,0.36486,0.24609,0.18394,0.27406,0.33644,0.31227,0.56807,0.15945,0.6853,0.51237,0.04768,0.26632,0.21787,0.72777,0.6531,0.5096,0.14601,0.07738,0.67134,0.07508,0.31049,0.17992,0.10737,0.16888,0.13246,0.15929,0.15864,0.522,0.74893,0.27564,0.17656,0.11784,0.32033,0.51875,0.06445,0.34367,0.25688,0.05818,0.46792,0.14237,0.15922,0.46504,0.42309,0.19637,0.12572,0.01294,0.5726,0.86495,0.30461,0.19617,0.22379,0.42151,0.33157,0.21725,0.85902,0.34327,0.14271,0.36837,0.41178,0.66779,0.0985,0.80247,0.07735,0.02996,0.74349,0.15726,0.32173,0.23666,-0.02544,1.02366,0.16137,0.24148,0.39317,0.42035,0.54294,0.18198,0.76389,0.59735,0.09525,0.30389,0.36517,0.31623,0.10313,0.00791,0.15592,0.1634,0.21155,0.96936,0.2787,0.34119,0.15135,0.31539,0.13459,0.32498,0.71989,0.32289,0.37211,0.06486,0.63238,0.16542,0.32878,0.11881,0.49597,0.12132,0.06229,0.04003,0.15121,0.16685,0.76324,0.22519,0.16952,0.05652,0.32388,0.09745,0.22383,0.08363,0.10569,0.34377,0.25445,0.1559,0.22236,0.36913,0.27398,0.37321,0.40638,0.07357,0.17131,0.22445,0.14928,0.43416,0.36699,0.22714,0.08104,0.3552,0.29903,-0.01493,0.20667,0.35804,0.48061,0.64733,0.37463,0.27493,0.11502,0.26837,0.23958,0.17659,0.17797,0.19441,1.08128,0.18168,0.82234,0.13097,0.47531,0.07865,0.30067,0.30195,1.14851,0.11343,0.60708,0.5152,0.20467,0.516,0.19871,0.34542,0.48951,0.04915,0.01857,0.24465,0.89981,0.21614,0.28852,0.4334,0.22152,0.0661,0.15356,0.35212,0.11127,0.1248,0.16624,0.09155,0.2274,0.17207,0.2127,0.45349,0.24999,0.37488,0.25399,0.70289,0.27323,0.54952,0.07899,0.05021,0.89392,0.40191,0.05948,0.02601,0.77228,1.22109,0.27814,0.3035,0.22132,0.22515,0.42783,0.51088,0.42544,1.0178,0.05225,0.24344,0.26101,0.22057,0.03429,0.05823,0.2921,0.16202,0.14038,0.37744,0.37661,0.10579,0.19598,0.25893,0.37197,-0.01451,0.37119,0.15098,1.17126,0.18923,0.87103,0.24909,0.273,0.61017,0.36251,0.32175,0.30068,0.20452
158,train,0,Normal,0.16246,0.24704,0.48713,0.48002,0.38232,0.32255,0.21317,0.48407,0.2211,0.62672,0.34738,0.26611,0.06027,0.16969,0.27215,0.35792,0.24866,0.11291,0.17958,0.1215,0.35045,0.43053,0.28749,0.1825,0.18568,0.30543,0.34801,0.30945,0.54813,0.19604,0.76072,0.45997,0.04562,0.18437,0.14512,0.48941,0.52928,0.54669,0.1867,0.20596,0.51011,0.15797,0.30934,0.13296,0.15877,0.18345,0.24735,0.11072,0.25278,0.34511,0.63549,0.16315,0.14905,0.15072,0.24976,0.31622,0.07844,0.27256,0.23525,0.17546,0.47322,0.26584,0.24252,0.28645,0.37458,0.22957,0.09363,0.05967,0.62708,0.86815,0.25006,0.30772,0.26481,0.38128,0.36993,0.34174,0.80015,0.32938,0.2695,0.25291,0.552,0.59946,0.13511,0.7048,0.12683,0.02307,0.64624,0.12589,0.39772,0.23894,0.03204,0.68928,0.22621,0.24063,0.33576,0.32807,0.40307,0.07358,0.50281,0.29762,0.13227,0.36305,0.34371,0.37563,0.16082,0.17347,0.13934,0.09675,0.31044,0.59467,0.39372,0.10104,0.29482,0.33078,0.18848,0.22183,0.44598,0.23911,0.28973,0.15309,0.4574,0.17951,0.41532,0.19623,0.3936,0.21425,0.13243,0.08337,0.1202,0.07267,0.73493,0.20855,0.08218,0.07383,0.22014,0.09483,0.21143,0.15235,0.03229,0.40324,0.29578,0.06552,0.40463,0.32733,0.35139,0.25781,0.36774,0.12265,0.28825,0.17761,0.11374,0.48984,0.45641,0.1904,0.06218,0.28114,0.23901,-0.01106,0.14605,0.27591,0.30557,0.52736,0.38835,0.1631,0.35382,0.29138,0.21194,0.28692,0.14792,0.09037,0.8119,0.1215,0.67125,0.18051,0.33561,0.03004,0.41139,0.2134,0.96655,0.03909,0.30303,0.44936,0.30759,0.36093,0.13464,0.43093,0.32168,0.03571,0.1545,0.2497,0.65697,0.07231,0.34512,0.56291,0.28425,0.13048,0.13232,0.24236,0.21093,0.13495,0.02567,0.09291,0.28088,0.12844,0.11868,0.26085,0.36476,0.29496,0.18261,0.5377,0.31704,0.40625,0.03838,0.10748,0.72219,0.40062,0.16051,0.11361,0.5104,0.92243,0.1722,0.32248,0.11676,0.17129,0.25591,0.31883,0.38228,0.70382,0.17062,0.4075,0.41645,0.2631,0.08702,0.08977,0.0864,0.11794,0.10698,0.32963,0.43029,0.27979,0.28333,0.15851,0.30693,0.09286,0.26604,0.11959,0.93653,0.19364,0.75445,0.22532,0.23622,0.47857,0.27296,0.26251,0.30186,0.20631
181,train,0,Normal,0.0536,0.02561,0.58693,0.81739,0.58624,0.29336,0.15952,0.69945,0.13055,0.49466,0.31369,0.32199,0.09654,0.27548,0.37623,0.38399,0.05309,0.07521,0.25143,0.09665,0.52325,0.30579,0.4975,0.12669,0.21471,0.38221,0.31103,0.26933,0.64073,0.20317,0.84171,0.66057,0.01821,0.25771,0.22939,0.70557,0.74685,0.7449,0.14199,0.10292,0.78265,0.09784,0.3263,0.12195,0.17841,0.08328,0.01889,0.04845,0.20478,0.49524,0.63332,0.33903,0.13758,0.15296,0.43684,0.57794,0.01311,0.29286,0.25205,0.04915,0.53209,0.12278,0.24188,0.25879,0.53734,0.13203,0.28388,0.10981,0.81599,0.7888,0.45891,0.11232,0.23381,0.40344,0.26197,0.22933,0.90452,0.59739,0.19366,0.22067,0.51069,0.7009,0.01054,0.97463,0.04659,0.06686,0.68343,0.18225,0.50353,0.29584,0.03412,1.07337,0.14446,0.19069,0.18631,0.42811,0.4667,0.24258,0.68726,0.43087,0.25114,0.11699,0.34333,0.26076,-0.01413,-0.01568,0.21534,0.10914,0.20303,1.20335,0.2624,0.34275,0.35099,0.19538,0.12648,0.3223,0.8768,0.47633,0.2502,0.09403,0.66722,0.039,0.47138,0.15154,0.61331,0.19374,-0.05584,-0.00978,0.32529,0.16252,0.81163,0.1113,0.06098,-0.0027,0.24413,0.13968,0.30627,0.16092,-0.04428,0.23031,0.33384,0.21108,0.23008,0.56039,0.29251,0.46409,0.5323,0.0849,0.2199,0.12003,-4e-05,0.33423,0.3892,0.03095,0.08339,0.45655,0.51726,-0.08063,0.28582,0.13807,0.2634,0.67908,0.47189,0.34046,0.2122,0.29253,0.30036,0.22948,0.28648,0.12182,1.03817,0.23015,1.01371,-0.00322,0.51986,0.15836,0.35932,0.39064,1.28645,0.16226,0.53364,0.56066,0.1718,0.40486,0.14628,0.1861,0.49437,0.13873,-0.00174,0.19236,1.14883,0.13073,0.2517,0.21955,0.21508,0.16195,0.30114,0.38877,0.18739,0.04555,0.36135,0.15449,0.22373,0.14428,0.20206,0.54057,0.26576,0.33098,0.11493,0.74828,0.24319,0.4367,0.08145,0.00556,0.96568,0.64367,0.16993,0.05274,0.88902,1.29865,0.38398,0.10294,0.17073,0.0695,0.61579,0.63186,0.42613,1.23386,-0.05122,0.3159,0.06621,0.10346,0.07963,0.09377,0.28494,0.04766,0.18706,0.25622,0.43346,0.21091,0.25962,0.14947,0.37292,0.09022,0.42543,0.06139,1.32913,0.0614,0.83066,0.10668,0.33572,0.75926,0.44238,0.28116,0.24356,0.1452
101,train,0,Normal,0.05657,-0.03976,0.47584,0.77305,0.49869,0.31458,0.18616,0.59844,0.17705,0.45593,0.2107,0.2455,0.04217,0.20043,0.40008,0.20762,0.08759,0.13261,0.26813,0.12281,0.26039,0.2535,0.48717,0.35843,0.16173,0.35307,0.33677,0.33055,0.43527,0.18766,0.86062,0.5365,0.05418,0.2957,0.28561,0.68972,0.77567,0.65329,0.07358,0.05706,0.83907,0.06301,0.37717,0.08798,0.09357,0.1039,0.07801,0.11125,0.24598,0.33756,0.61014,0.32411,0.19754,0.10961,0.45779,0.43266,0.12019,0.30698,0.24702,0.11662,0.49612,0.12336,0.17847,0.31795,0.45529,0.19035,0.22651,0.13066,0.69436,0.84152,0.25025,0.13453,0.30485,0.36927,0.35469,0.1995,0.87813,0.45936,0.23884,0.17077,0.49153,0.59794,0.04908,0.89168,0.02927,0.04302,0.77121,0.18217,0.41323,0.22161,-0.0044,1.00347,0.20061,0.23705,0.29641,0.31566,0.37387,0.34246,0.62949,0.31077,0.18611,0.13256,0.22758,0.23452,0.0589,0.06165,0.27825,0.06786,0.32139,0.76672,0.20762,0.18096,0.31451,0.25249,0.19153,0.33474,0.94121,0.4805,0.21708,0.10676,0.79366,0.02768,0.35769,0.09594,0.60329,0.24536,0.02546,0.0044,0.46705,0.29408,0.84672,0.19908,0.02243,0.00664,0.32881,0.15233,0.38113,0.15644,-0.06489,0.15842,0.16677,0.28405,0.32113,0.53497,0.24458,0.26715,0.49446,0.09961,0.27227,0.23621,0.07956,0.35164,0.53301,0.01135,0.02617,0.3011,0.44859,-0.06917,0.18242,0.22628,0.28382,0.58804,0.43284,0.35503,0.08672,0.22179,0.28386,0.23897,0.17368,0.1339,0.95726,0.25293,0.8948,0.05329,0.45302,0.03857,0.27482,0.232,1.01564,0.20663,0.47978,0.50319,0.16167,0.36907,0.15289,0.15495,0.40469,-0.00517,0.04502,0.19109,1.04481,0.06112,0.22295,0.39336,0.34209,0.12726,0.1589,0.37914,0.1092,0.11799,0.3718,0.04993,0.22838,0.22765,0.26225,0.43869,0.23856,0.5429,0.13123,0.7279,0.20808,0.29268,0.19297,0.09212,0.9681,0.46499,0.20944,0.05695,0.87677,1.18629,0.38928,0.16064,0.18364,0.20339,0.59522,0.52234,0.43531,0.98674,-0.03417,0.3396,0.10691,0.10134,0.01318,0.02214,0.19717,0.12969,0.12838,0.15638,0.43364,0.21251,0.17718,0.14396,0.4653,0.00608,0.3532,0.13256,1.26034,0.12126,0.93792,0.17102,0.20743,0.77487,0.53512,0.40621,0.23197,0.20536
124,train,0,Normal,0.11153,0.05114,0.34859,0.61304,0.3698,0.15375,0.11355,0.71747,0.24822,0.5772,0.26604,0.22867,0.05619,0.22549,0.24233,0.28042,0.23281,0.12686,0.25422,0.04876,0.40464,0.32926,0.33187,0.04853,0.1078,0.25861,0.28175,0.25841,0.59173,0.17498,0.64986,0.45889,0.02038,0.07164,0.24835,0.72625,0.64871,0.44156,0.09702,0.10027,0.62596,0.05744,0.35802,0.11938,0.1073,0.10381,0.0591,0.13409,0.13754,0.42052,0.6592,0.26923,0.28761,0.09353,0.27299,0.49616,0.07724,0.27303,0.26218,0.06827,0.40282,0.16241,0.09154,0.34423,0.47683,0.27038,0.20334,0.01319,0.5375,0.891,0.17025,0.2818,0.26223,0.40393,0.23242,0.13446,0.85005,0.4188,0.21041,0.19796,0.43326,0.69259,0.07695,0.84407,0.176,-0.01215,0.71206,0.06009,0.34734,0.41972,0.07135,0.91111,0.29036,0.18353,0.20946,0.41564,0.36323,0.18246,0.70342,0.29265,0.21376,0.28688,0.24329,0.27078,0.07262,0.12294,0.1672,0.04427,0.23074,0.856,0.29099,0.18343,0.24343,0.33085,0.13603,0.28788,0.81794,0.22188,0.23698,-0.00769,0.65614,0.07107,0.31391,0.1044,0.47343,0.2184,0.02451,0.01667,0.12614,0.2083,0.71068,0.17066,0.09831,0.00495,0.22351,0.05673,0.32912,0.09776,-0.04872,0.24097,0.31666,0.11591,0.43916,0.43407,0.32367,0.21637,0.32346,0.02211,0.20457,0.23168,0.01062,0.33593,0.43017,0.14038,0.06767,0.30059,0.33687,-0.02703,0.14224,0.30313,0.35769,0.60332,0.44055,0.22107,0.20697,0.27417,0.22317,0.21803,0.10739,0.15992,1.05805,0.20406,0.78707,0.12958,0.51698,0.00454,0.23829,0.32388,0.99885,0.16323,0.61322,0.38618,0.1669,0.36614,0.15794,0.29702,0.27038,-0.0911,0.0035,0.23758,0.88737,0.14004,0.2816,0.4965,0.2576,0.10369,0.08276,0.32274,0.10873,0.14233,0.15276,0.11013,0.19888,0.15377,0.20274,0.35714,0.29125,0.29923,0.19854,0.70343,0.09467,0.39807,0.02313,-0.02563,0.96145,0.26787,0.11443,0.0256,0.80189,1.20011,0.35207,0.16275,0.09573,0.22124,0.44822,0.34204,0.32714,0.80557,0.01795,0.36594,0.09533,0.13984,0.04872,0.01149,0.19917,0.14079,0.0949,0.28335,0.34498,0.19439,0.13391,0.08072,0.43476,0.00583,0.28981,0.16676,1.19198,0.10355,0.81088,0.14111,0.11545,0.72668,0.3626,0.26772,0.20238,0.21221
148,train,0,Normal,0.2458,0.00607,0.39627,0.89877,0.6362,0.31363,0.07982,0.47949,0.20004,0.79201,0.2188,0.34873,0.10789,0.26865,0.61925,0.19587,0.05813,0.00588,0.09061,0.26673,0.49894,0.21536,0.3876,0.24805,0.20778,0.37582,0.33012,0.15056,0.43411,0.0127,0.85317,0.84489,0.08794,0.30938,0.22433,0.73495,1.00214,0.65202,0.11349,0.08665,0.92741,0.01048,0.19557,0.11781,0.264,0.12545,0.01673,-0.00125,0.24038,0.44888,0.6303,0.28506,0.20169,0.15249,0.45369,0.37841,0.07002,0.26225,0.40458,0.03441,0.52974,0.06152,0.25212,0.12772,0.41471,0.12012,0.19167,0.0338,0.65164,0.59413,0.48841,0.06624,0.25715,0.40508,0.22097,0.24432,0.60005,0.35693,0.13307,0.03834,0.45082,0.4863,0.19228,0.79463,0.05633,0.0513,0.629,0.13554,0.46216,0.38325,0.06483,1.0903,0.01915,0.39146,0.21866,0.3013,0.55111,0.19267,0.56893,0.32037,0.20738,0.08291,0.26683,0.13598,0.10273,0.06302,0.31306,0.06864,0.31488,0.78839,0.07811,0.30134,0.52469,0.22827,0.1459,0.29068,0.52434,0.35212,0.35048,0.12542,0.58174,0.0893,0.4429,0.17753,0.41589,0.1399,0.0716,-0.02297,0.38251,0.14063,0.82276,0.32793,0.11095,-0.03058,0.42534,0.17971,0.37894,0.1337,-0.0039,0.19495,0.28843,0.22323,0.2868,0.42214,0.15945,0.25847,0.52573,0.08614,0.15419,0.16345,-0.00883,0.32554,0.39254,0.15022,0.13916,0.36981,0.57731,-0.07626,0.29218,0.18015,0.29856,0.70803,0.70857,0.50923,0.27766,0.26721,0.28051,0.12483,0.34999,0.07114,1.10688,0.1393,0.95415,0.07059,0.48923,0.112,0.37927,0.2327,1.04617,0.14084,0.63283,0.54731,0.13335,0.51511,0.13483,0.30177,0.45389,0.03465,0.02691,0.28212,1.1685,0.12954,0.06818,0.22274,0.34975,0.08005,0.34338,0.33589,0.07565,-0.0357,0.04675,0.02168,0.19266,0.25686,0.05966,0.51258,0.20717,0.41932,0.19098,0.76593,0.11368,0.45862,0.21531,0.05767,0.75067,0.39286,0.25818,-0.04259,0.92113,1.26125,0.38486,0.1881,0.13518,0.12487,0.63667,0.67537,0.35331,1.04296,0.01772,0.3238,0.06501,0.30514,0.02458,0.06073,0.285,0.09241,0.1808,0.10887,0.50651,0.40094,0.1966,0.24976,0.14663,0.00377,0.52767,0.00641,1.18674,0.09419,0.7994,0.21325,0.19875,0.68586,0.32233,0.22797,0.26858,0.10104
150,train,0,Normal,0.15337,0.0172,0.39005,0.96938,0.66166,0.3713,0.03543,0.50171,0.1588,0.71634,0.21206,0.29824,0.00476,0.22828,0.45274,0.21406,0.06237,0.0221,0.19533,0.20257,0.42884,0.1028,0.42521,0.10885,0.05232,0.24823,0.46591,0.13257,0.38402,0.04992,1.0162,0.78486,0.07588,0.25853,0.18128,0.6075,0.93957,0.71474,0.04291,0.04186,0.82914,0.10543,0.21566,0.12896,0.1534,0.03698,0.06285,-0.02491,0.18271,0.32266,0.50458,0.22181,0.19421,0.16634,0.40505,0.3589,0.09521,0.33384,0.38647,0.08967,0.39852,0.08391,0.18437,0.19686,0.41722,0.20905,0.23692,0.04636,0.79705,0.46754,0.35788,0.0911,0.18083,0.42178,0.31244,0.21427,0.6093,0.42025,0.21547,0.10669,0.44902,0.33097,0.08912,0.6714,0.05319,0.09272,0.4903,0.10249,0.54717,0.26365,0.08663,0.93192,-0.00629,0.38217,0.15534,0.195,0.50932,0.22496,0.42686,0.41179,0.23585,0.11736,0.28761,0.12128,0.17194,0.15703,0.23421,0.06681,0.32649,0.66647,0.16234,0.25789,0.56045,0.23036,0.24686,0.30378,0.50503,0.47271,0.15978,0.1109,0.57975,0.07095,0.40367,0.16974,0.29651,0.15046,-0.00276,-0.01782,0.25241,0.24267,0.48768,0.20148,0.11899,0.02717,0.24714,0.18075,0.30531,0.15458,-0.00981,0.14936,0.21808,0.15283,0.20847,0.42864,0.194,0.2309,0.53224,-0.01047,0.28919,0.14607,0.06184,0.41109,0.36939,0.10853,0.17105,0.48596,0.47073,-0.09079,0.24381,0.15438,0.27145,0.63393,0.47923,0.44961,0.35886,0.26027,0.35928,0.2726,0.1962,0.17708,0.77378,0.13806,0.88391,0.08783,0.3807,0.11128,0.43826,0.1438,0.84951,0.09023,0.43192,0.59666,0.08709,0.42762,0.20962,0.18042,0.38999,0.02429,0.00411,0.2174,1.01551,0.08246,0.14538,0.19043,0.26373,0.07927,0.27456,0.24568,0.07332,-0.05591,0.08152,0.01765,0.26572,0.31503,0.08472,0.34891,0.21095,0.20198,0.1218,0.67263,0.19961,0.29057,0.11751,0.04643,0.67428,0.44648,0.30154,0.05058,0.72184,1.00331,0.26466,0.18092,0.18719,0.12552,0.53103,0.57996,0.26158,0.79754,0.01969,0.36613,0.02984,0.13311,-0.00701,0.07975,0.15153,0.09699,0.13809,0.11892,0.54698,0.3201,0.24813,0.14508,0.19429,0.03273,0.41098,-0.04159,0.90572,0.04437,0.68981,0.13057,0.20311,0.67549,0.41701,0.19514,0.34171,0.21472
077,train,1,Hemorrhage,0.40285,0.31337,0.29576,0.455,0.22664,0.38123,0.40452,0.40181,0.32919,0.46065,0.37426,0.41283,0.34651,0.23577,0.5809,0.15734,0.23107,0.23527,0.25251,0.35177,0.39496,0.19885,0.33986,0.47229,0.21692,0.50398,0.34714,0.34494,0.24326,0.38551,0.31723,0.55259,0.04825,0.15187,0.22395,0.51118,0.58829,0.29264,0.32461,0.23026,0.44286,0.08578,0.17266,0.13599,0.34608,0.30556,0.15357,0.2195,0.33963,0.29842,0.24558,0.51038,0.31141,0.32104,0.19617,0.17287,0.56217,0.51136,0.54826,0.38545,0.59477,0.12448,0.29804,0.20136,0.40302,0.25064,0.33778,0.24738,0.37845,0.4263,0.47427,0.27881,0.3625,0.44092,0.33498,0.24129,0.36163,0.21356,0.38862,0.15201,0.51442,0.22506,0.26676,0.48583,0.49092,0.26529,0.37984,0.30033,0.4658,0.35442,0.25036,0.48703,0.17363,0.20755,0.25211,0.35963,0.30532,0.30503,0.20522,0.20732,0.44821,0.38548,0.47329,0.25159,0.27422,0.45869,0.20163,0.27219,0.27795,0.35411,0.03316,0.28513,0.18998,0.31109,0.45039,0.53817,0.41844,0.18213,0.4004,0.4414,0.48278,0.01638,0.42529,0.26376,0.46523,0.2926,0.41899,0.19202,0.26119,0.5041,0.506,0.363,0.26849,0.13876,0.33892,0.61753,0.38626,0.04486,0.33106,0.27326,0.28665,0.29374,0.25366,0.23568,0.35086,0.53707,0.41461,0.27318,0.13694,0.61872,0.30223,0.15589,0.55222,0.20451,0.50223,0.46788,0.40477,0.25074,0.30683,0.14151,0.24562,0.55377,0.31131,0.27433,0.20057,0.2647,0.25323,0.63788,0.43153,0.37466,0.62592,0.10096,0.5611,0.38633,0.43831,0.45741,0.26234,0.25735,0.20168,0.37005,0.23414,0.31099,0.39918,0.42777,0.32293,0.24789,0.30164,0.03862,0.40872,0.34018,0.61055,0.17337,0.31576,0.67192,0.43605,0.15804,0.12366,0.38122,0.09888,0.17092,0.35329,0.51067,0.19442,0.19763,0.25415,0.31769,0.37888,0.56235,0.25053,0.4451,0.14974,0.47407,0.21644,0.30935,0.44208,0.30288,0.22414,0.39431,0.45544,0.73104,0.37495,0.25312,0.34016,0.22364,0.34245,0.28065,0.25693,0.50452,0.44654,0.24147,0.40914,0.43759,0.21225,0.13711,0.35755,0.36621,0.28477,0.155,0.30955,0.2241,0.21411,0.4516,0.46386,0.1977,0.44037,0.28102,0.30317,0.30371,0.42968,0.28312,0.18449,0.50712,0.35407,0.17912,0.37551,0.6208
005,train,1,Hemorrhage,0.75872,0.78144,0.06286,0.16052,0.13682,0.29306,0.74314,0.17983,0.28708,0.43797,0.50324,0.31741,0.59301,0.54233,0.7842,0.77835,0.44932,0.83132,0.15233,0.56728,0.41386,0.34578,0.36308,0.7127,0.40865,0.28143,0.56555,0.36869,0.34175,0.62625,0.19621,0.06365,0.35934,0.36841,0.26049,0.17119,0.07264,0.25229,0.53594,0.39486,0.27686,0.14736,0.18253,0.59762,0.68731,0.70688,0.02923,0.30458,0.38189,0.28509,0.14125,0.78652,0.63305,0.36059,0.5111,0.4096,0.40972,0.76382,0.74797,0.51827,0.54588,0.14887,0.49078,0.24409,0.27734,0.33897,0.48608,0.65861,0.26664,0.11829,0.52087,0.48944,0.40444,0.38277,0.22933,0.098,0.36644,0.37611,0.81972,0.25555,0.48826,0.27684,0.3555,0.05544,1.17996,0.43583,-0.00164,1.00719,0.23074,0.33053,0.56056,0.26992,0.41511,0.3437,0.27574,0.29974,0.18108,0.50938,0.34685,0.1891,0.24418,0.35057,0.43053,0.25823,0.199,0.13112,0.76705,0.46523,0.2594,0.53137,0.17473,0.63165,0.33093,0.54261,0.42421,0.43257,0.21213,0.22102,0.26236,0.84385,0.17543,0.3125,0.90844,0.61731,0.20285,0.46366,1.01447,0.79262,0.46133,0.59803,0.17182,0.28644,0.88338,0.73727,0.22839,0.7456,0.38062,0.05004,0.72032,0.36348,0.79124,0.50619,0.20218,0.3143,0.70307,0.33374,0.17914,0.89859,0.12881,0.82059,0.38433,0.19494,0.19335,0.19363,1.0045,0.85284,0.65287,0.66363,0.34937,0.27297,0.39136,0.49916,0.10148,0.31401,0.23384,0.4656,0.27124,0.90395,0.7579,1.09972,0.32477,0.43533,0.1531,0.56776,0.21853,0.92743,0.20757,0.8001,0.35516,0.80288,0.42966,0.4085,0.49712,0.45641,0.44781,0.10115,0.46519,0.49766,0.51931,0.77397,0.27813,0.54736,0.13186,0.47109,0.23347,0.47918,0.33353,0.45169,0.49058,0.43976,0.72848,1.22903,0.34955,0.26542,0.48213,0.54403,0.21874,0.64081,0.56137,0.14931,0.50517,0.58556,0.65649,1.07541,0.20043,0.28381,0.64627,0.75265,0.36134,0.10953,0.32448,0.32841,0.53215,0.28353,0.27189,0.22018,0.34306,0.21066,0.52799,-0.03893,0.46992,0.44452,0.41792,0.1688,0.85376,0.53544,0.31902,0.34113,0.23045,0.20776,0.28608,0.45311,0.3711,0.30936,0.92347,1.11084,0.19252,0.60685,0.09098,0.24801,0.45253,0.03654,0.36312,0.35671,0.35008,0.53988
009,train,1,Hemorrhage,0.86719,1.20171,0.14401,0.29208,0.08559,0.14581,1.2313,0.32237,0.47693,0.3234,0.56451,0.5724,1.09167,0.58164,0.20509,1.24206,0.48698,0.74151,0.03514,0.9823,0.50379,0.38621,0.28856,1.13674,0.41679,0.37706,0.4497,0.39738,0.37929,1.17485,0.03006,-0.00448,0.35788,0.27711,0.16085,0.26018,0.02414,0.28533,1.26845,0.53716,0.22773,0.4261,0.30639,1.17561,0.96998,1.49185,0.0403,0.90894,0.48743,0.92883,0.08705,0.86278,0.43571,0.60237,0.43543,0.78173,0.77525,0.82119,0.85807,0.92037,1.11527,0.44169,0.51368,0.25289,0.30455,0.46504,0.72825,0.99169,0.15034,0.09615,0.64657,0.63139,0.51342,0.42285,0.2856,0.1769,0.59938,0.43811,0.70627,0.35554,0.31294,0.28777,0.3011,0.05033,1.7906,0.22618,-0.00345,1.34126,0.19322,0.44894,0.62091,0.30448,0.7494,0.27814,0.11007,0.66298,0.33525,0.78004,0.36396,0.66824,0.27889,0.7331,0.52496,0.53175,0.2033,0.31647,0.76021,0.89455,0.02489,0.46673,0.38974,1.08693,0.07349,0.9412,0.3933,0.46525,0.29039,0.20941,0.68005,1.01905,0.21463,0.6534,0.86115,0.19662,0.47413,0.63757,1.82677,1.36001,0.32587,0.70274,0.11908,0.33108,1.0202,0.93634,0.34522,1.14559,0.43573,0.38108,1.16881,0.7188,0.826,0.87297,0.65795,0.90857,1.0355,0.24473,0.31559,0.87838,0.10936,1.07954,0.71285,0.37181,0.09884,0.54229,1.57923,0.61652,0.72277,0.84189,0.61028,0.57951,0.27659,0.522,0.04473,0.17686,0.60075,0.40956,0.11739,1.07256,0.73993,1.39384,0.38283,0.32273,0.19128,0.84409,0.44902,1.50649,0.40965,0.71931,0.20846,1.02455,0.59614,0.12505,0.43132,0.40544,0.46037,0.13003,0.60141,1.64914,0.7407,1.43042,0.07923,0.80029,0.28224,0.40193,0.28509,0.94314,0.58928,0.75232,0.80547,0.77281,0.85218,1.56265,0.42591,0.43091,0.65172,0.48007,0.19458,0.61862,0.68377,0.18778,1.1358,0.43554,0.92854,1.70713,0.17771,0.16198,0.55541,1.29642,0.46417,0.15664,0.32347,0.78417,0.71686,0.2373,0.21714,0.08973,0.17625,0.36101,1.11896,0.01409,0.99272,0.84824,1.00821,0.61335,0.92398,0.76781,0.64781,0.42964,0.34343,0.16609,0.28104,0.92979,0.34452,0.53668,0.95994,2.43526,0.2021,1.04119,0.50754,0.42735,0.57307,0.04148,0.61295,0.35076,0.20667,0.34367
119,train,0,Normal,0.1406,0.02478,0.39592,0.6115,0.33485,0.24328,0.18413,0.63443,0.20108,0.48273,0.39353,0.20169,0.128,0.21391,0.2681,0.43116,0.22622,0.2256,0.30484,0.14043,0.41799,0.2819,0.31042,0.23013,0.1429,0.3413,0.26515,0.27772,0.52422,0.21654,0.53556,0.40603,0.01708,0.28142,0.23155,0.6904,0.5544,0.55732,0.133,0.12306,0.65821,0.08011,0.33138,0.19142,0.16643,0.16529,0.10259,0.13422,0.17626,0.51639,0.58186,0.2556,0.20398,-0.00282,0.20146,0.49912,0.11447,0.33057,0.21373,0.04149,0.46528,0.19364,0.13458,0.36879,0.41001,0.2157,0.14622,0.10876,0.45084,0.80635,0.253,0.18392,0.34549,0.37476,0.28438,0.23427,0.76412,0.39231,0.12831,0.2396,0.41639,0.67969,0.02662,0.83557,0.08004,-0.0109,0.61063,0.12601,0.34707,0.3006,0.05638,0.88812,0.15213,0.20076,0.31504,0.5987,0.47139,0.25517,0.6639,0.39538,0.17499,0.32828,0.29355,0.18524,0.08097,0.07525,0.11034,0.08766,0.25224,0.62122,0.34752,0.33682,0.19606,0.15327,0.15533,0.23078,0.70105,0.30695,0.39179,0.08169,0.53813,0.1807,0.23628,0.13577,0.58917,0.1567,0.05966,0.04805,0.18008,0.16163,0.78276,0.33068,0.10454,0.06834,0.36144,0.19492,0.35359,0.14161,0.15992,0.30175,0.2265,0.21052,0.38492,0.4307,0.29609,0.30152,0.35671,0.16805,0.23984,0.17689,0.08393,0.42438,0.42558,0.05509,0.1341,0.27255,0.2719,-0.01229,0.27752,0.20705,0.34834,0.63341,0.40595,0.18451,0.19707,0.27337,0.22145,0.18457,0.2348,0.13094,0.96372,0.28707,0.74392,0.17616,0.42631,0.14256,0.39905,0.26683,0.98509,0.11497,0.48334,0.47362,0.207,0.36198,0.1481,0.32961,0.47492,0.12529,0.01916,0.25809,0.78422,0.1867,0.23578,0.41126,0.27652,0.11029,0.30746,0.39946,0.19018,0.10122,0.15077,0.0964,0.21629,0.14378,0.25049,0.41338,0.24941,0.35713,0.19789,0.70762,0.35553,0.38044,0.11452,0.1254,0.81205,0.40915,0.17281,0.11125,0.70876,1.10629,0.31079,0.09461,0.205,0.17729,0.50158,0.391,0.43705,0.96115,0.03626,0.21115,0.16468,0.2383,0.1243,0.13037,0.20924,0.12511,0.25367,0.31757,0.3342,0.11357,0.25272,0.22595,0.34069,0.03114,0.37674,0.16756,1.09697,0.19339,0.80802,0.20119,0.22198,0.52827,0.4218,0.28317,0.24831,0.2001
115,train,0,Normal,0.28543,0.3416,0.42934,0.26615,0.17513,0.1856,0.34674,0.53759,0.31075,0.22385,0.57261,0.15679,0.29801,0.36857,0.37719,0.56704,0.15703,0.17851,0.21067,0.12784,0.44622,0.28697,0.33398,0.22901,0.11813,0.55265,0.24386,0.3409,0.70025,0.52306,0.13732,0.13427,0.10677,0.10746,0.18813,0.37547,0.17407,0.45349,0.31948,0.57535,0.22354,0.17982,0.37875,0.53211,0.29591,0.22159,0.22486,0.17043,0.42511,0.53405,0.3698,0.35089,0.24634,0.15885,0.13194,0.17954,0.19367,0.24514,0.2139,0.06023,0.57386,0.32115,0.31975,0.22263,0.35448,0.53902,0.23683,0.13976,0.15207,0.56938,0.30714,0.39547,0.24927,0.23037,0.36593,0.37245,0.40871,0.2231,0.39177,0.49587,0.52926,0.37761,0.31835,0.49793,0.25004,0.05262,0.31792,0.22921,0.23021,0.33464,0.30443,0.41006,0.52586,0.13469,0.2248,0.60947,0.22334,0.24174,0.42142,0.3137,0.22491,0.46878,0.58259,0.53035,0.2122,0.05156,0.24071,0.27312,0.16087,0.56168,0.3852,0.29831,0.14384,0.30732,0.03721,0.28636,0.32346,0.17803,0.17111,0.43562,0.40057,0.36285,0.46176,0.26741,0.45574,0.25829,0.24952,0.45053,0.03323,0.16287,0.48744,0.18939,0.38312,0.4122,0.26539,0.25948,0.10784,0.09021,0.30809,0.5584,0.51123,0.15361,0.28711,0.19976,0.34945,0.47691,0.25638,0.3507,0.11284,0.2398,0.24898,0.35722,0.44537,0.33691,0.26427,0.49354,0.25042,0.25491,0.43546,0.27979,0.22714,0.29636,0.16378,0.24007,0.57775,0.36277,0.17324,0.25558,0.16473,0.42054,0.57028,0.28292,0.63032,0.29359,0.61185,0.29487,0.40253,0.33867,0.56248,0.34792,0.5244,0.22854,0.67664,0.38485,0.15077,0.38326,0.62989,0.5357,0.28624,0.32667,0.46488,0.26677,0.57711,0.33206,0.2476,0.35793,0.29099,0.36287,0.48224,0.47266,0.3017,0.52821,0.46068,0.18624,0.32486,0.25413,0.37709,0.45704,0.30893,0.25387,0.47507,0.50742,0.00449,0.24588,0.4653,0.22222,0.15209,0.41237,0.34835,0.41016,0.17337,0.33234,0.20759,0.31017,0.53582,0.29566,0.23804,0.4436,0.39721,0.19794,0.46689,0.38493,0.21151,0.17486,0.16282,0.16733,0.35479,0.64847,0.28004,0.158,0.4928,0.28808,0.47643,0.24245,0.38651,0.48303,0.52986,0.49587,0.40511,0.19576,0.56167,0.27162,0.27778,0.24643,0.32779,0.20633
086,train,1,Hemorrhage,0.60656,0.63137,0.15864,0.21652,0.24856,0.26858,0.45127,0.18771,0.3234,0.36785,0.4897,0.43394,0.55316,0.52742,0.49328,0.51082,0.47312,0.44564,0.09864,0.67297,0.3605,0.20642,0.22122,0.58377,0.17555,0.14632,0.42371,0.22623,0.31999,0.55203,0.10544,0.11593,0.38776,0.33764,0.28725,0.34468,0.12237,0.16892,0.56005,0.34892,0.31437,0.08582,0.19503,0.75733,0.55055,0.70261,0.10138,0.32306,0.47633,0.38827,0.17428,0.64186,0.35692,0.38195,0.3109,0.19071,0.49636,0.717,0.51857,0.46367,0.74066,0.19667,0.30746,0.15769,0.44847,0.22494,0.44729,0.61467,0.16275,0.02611,0.48042,0.31725,0.20313,0.36657,0.20031,0.15776,0.2252,0.36254,0.61718,0.1629,0.39388,0.17976,0.32494,0.0545,0.75206,0.18399,0.09532,0.56376,0.20602,0.43656,0.46779,0.44008,0.3793,0.29975,0.13222,0.48079,0.1437,0.34785,0.42928,0.20265,0.2864,0.3917,0.37543,0.18371,0.30114,0.11589,0.46162,0.41426,0.14124,0.36839,0.21147,0.56834,0.22993,0.569,0.36562,0.37233,0.24241,0.13226,0.30025,0.47827,0.08321,0.24519,0.84232,0.44474,0.21826,0.52472,0.74287,0.62663,0.40769,0.50809,0.08778,0.2291,0.7236,0.74248,0.33432,0.9771,0.43121,0.23244,0.40574,0.38224,0.42607,0.54666,0.22462,0.37422,0.36453,0.20666,0.21659,0.63714,0.25117,0.9112,0.34323,0.05063,0.04747,0.24877,0.82319,0.68537,0.49496,0.63733,0.45709,0.25722,0.20076,0.48346,0.15819,0.33936,0.0965,0.2564,0.21122,0.68265,0.6394,1.10841,0.39428,0.21659,0.18267,0.56746,0.23165,0.7913,0.252,0.57262,0.18447,0.77041,0.62902,0.25121,0.26188,0.29029,0.15174,0.23155,0.31264,0.42125,0.36787,0.69175,0.28403,0.62217,0.14088,0.31867,0.23871,0.36707,0.41397,0.39148,0.60525,0.44624,0.70548,0.711,0.19811,0.21182,0.30447,0.42629,0.17355,0.57425,0.46861,0.22522,0.46768,0.48978,0.69025,0.73096,0.14385,0.2428,0.44054,0.82591,0.39898,0.1982,0.29116,0.33352,0.28956,0.29325,0.27669,0.362,0.14464,0.19706,0.36971,-0.00135,0.44172,0.50253,0.39719,0.2608,0.77328,0.4238,0.21584,0.28356,0.30845,0.15065,0.30994,0.51682,0.32721,0.32286,0.77247,0.93957,0.12578,0.38239,0.19774,0.14044,0.33655,0.13343,0.23059,0.32865,0.35628,0.37995
054,train,1,Hemorrhage,0.60815,0.59435,0.35679,0.22403,0.12494,0.26094,0.37053,0.29658,0.30951,0.36972,0.40241,0.24541,0.42643,0.244,0.46803,0.47605,0.42905,0.30056,0.18534,0.1806,0.2702,0.55932,0.17827,0.36603,0.22952,0.31133,0.41941,0.24902,0.37903,0.41805,0.28506,0.10068,0.20087,0.34797,0.1531,0.23369,0.08147,0.26399,0.51771,0.56434,0.13707,0.14308,0.11012,0.59072,0.46682,0.47832,0.25027,0.20443,0.43756,0.30828,0.29103,0.24026,0.38961,0.38477,0.2514,0.21513,0.19563,0.45112,0.28574,0.30033,0.53324,0.28945,0.36218,0.27766,0.21388,0.52745,0.20993,0.20521,0.24788,0.15566,0.3374,0.48935,0.46456,0.2693,0.34059,0.17374,0.25792,0.30654,0.40053,0.33434,0.52214,0.27015,0.21676,0.0611,0.59111,0.19973,0.26569,0.32149,0.17337,0.21181,0.32755,0.216,0.4691,0.23375,0.22801,0.37967,0.30939,0.07178,0.41572,0.12087,0.15772,0.38423,0.4911,0.53856,0.32958,0.20841,0.4716,0.28701,0.32752,0.20433,0.45558,0.28262,0.16311,0.50464,0.1313,0.18084,0.06766,0.075,0.18407,0.56032,0.26888,0.43586,0.58679,0.4443,0.30993,0.24178,0.44101,0.60786,0.10009,0.11593,0.27852,0.53662,0.64023,0.5297,0.40273,0.33213,0.13336,0.10624,0.5226,0.72852,0.64527,0.27748,0.26627,0.17481,0.3822,0.23866,0.1222,0.5458,0.13962,0.45459,0.28413,0.28428,0.20047,0.26032,0.51259,0.39931,0.16943,0.42292,0.41017,0.14518,0.25197,0.2563,0.16679,0.19544,0.33111,0.31427,0.17473,0.40583,0.32721,0.61326,0.31113,0.17965,0.23456,0.5443,0.35294,0.45257,0.30493,0.44389,0.47982,0.47766,0.39135,0.3037,0.62188,0.4296,0.31676,0.49866,0.49835,0.59913,0.31601,0.37523,0.12527,0.21696,0.4164,0.39388,0.2488,0.37659,0.29777,0.25468,0.55364,0.30512,0.23718,0.39765,0.50313,0.17863,0.08107,0.24763,0.31656,0.51551,0.26383,0.20161,0.25525,0.56345,0.20237,0.41102,0.13446,0.23723,0.26392,0.3527,0.23533,0.27182,0.17259,0.40627,0.19061,0.3219,0.187,0.20243,0.27583,0.1451,0.61265,0.26006,0.40498,0.41469,0.30784,0.22744,0.20942,0.30833,0.22644,0.42893,0.27484,0.31293,0.43054,0.41738,0.24483,0.20713,0.50625,0.64414,0.23733,0.61102,0.21187,0.13456,0.43006,0.0913,0.2364,0.25257,0.46262,0.20533
052,train,1,Hemorrhage,0.41951,0.25629,0.25996,0.34968,0.2697,0.49624,0.2852,0.40598,0.18966,0.40785,0.41312,0.3487,0.26507,0.44353,0.67647,0.42782,0.44701,0.66906,0.23513,0.16658,0.42116,0.19966,0.38377,0.50641,0.19265,0.63377,0.35336,0.38405,0.50609,0.42422,0.24107,0.16693,0.09917,0.24001,0.19515,0.35198,0.18322,0.21594,0.2204,0.39982,0.32374,0.05788,0.33605,0.43497,0.384,0.37524,0.0277,0.13781,0.47515,0.44283,0.3088,0.56971,0.43137,0.2678,0.26479,0.29916,0.32973,0.49898,0.57577,0.13928,0.73744,0.0925,0.27726,0.25272,0.38332,0.16154,0.1789,0.15227,0.18096,0.18511,0.33609,0.25657,0.32363,0.39154,0.32232,0.19601,0.2585,0.2811,0.35194,0.27156,0.52232,0.13217,0.26421,0.2812,0.70299,0.20475,0.25258,0.31458,0.29089,0.25425,0.29339,0.29811,0.32304,0.31743,0.42854,0.32726,0.24148,0.21675,0.34462,0.30613,0.37654,0.42352,0.44552,0.24309,0.26898,0.1866,0.19522,0.17252,0.19597,0.51447,0.11822,0.33855,0.32943,0.36745,0.17242,0.56812,0.40765,0.23773,0.18854,0.63098,0.27093,0.05727,0.56479,0.51195,0.3123,0.30146,0.33666,0.37816,0.40568,0.4925,0.42742,0.44036,0.30874,0.33033,0.36565,0.51457,0.3731,0.13294,0.2353,0.27667,0.48095,0.44724,0.12839,0.12376,0.37217,0.46685,0.17119,0.30163,0.34642,0.61355,0.19359,0.2055,0.22154,0.08557,0.43369,0.52063,0.33868,0.16477,0.35726,0.21925,0.29042,0.36931,0.24323,0.2769,0.21249,0.34546,0.14258,0.43581,0.74967,0.52084,0.39396,0.2629,0.32584,0.37826,0.32557,0.33298,0.26042,0.44323,0.24535,0.42467,0.33191,0.207,0.35772,0.46208,0.23363,0.17021,0.46114,0.22094,0.34358,0.38476,0.1867,0.17477,0.27728,0.28414,0.28968,0.22903,0.2493,0.46747,0.45908,0.30215,0.44321,0.44767,0.31349,0.20993,0.35926,0.35093,0.27064,0.59308,0.34118,0.25596,0.2263,0.36463,0.20363,0.25558,0.311,0.3089,0.31098,0.30405,0.38223,0.32496,0.43794,0.37127,0.30316,0.18066,0.26892,0.2591,0.52968,0.41944,0.37636,0.17464,0.24256,0.33568,0.03329,0.04861,0.68051,0.29945,0.33047,0.4133,0.28399,0.15927,0.27381,0.5738,0.25993,0.1598,0.62041,0.34414,0.31932,0.23446,0.19949,0.28517,0.34318,0.28425,0.29044,0.39132,0.39658,0.28637
089,train,1,Hemorrhage,0.7641,0.79136,0.19577,0.35962,0.14585,0.30009,0.8458,0.19726,0.61409,0.22258,0.67983,0.61003,0.93021,0.61313,0.27333,0.70102,0.50411,0.56608,0.20677,0.75383,0.34177,0.47038,0.68087,1.03133,0.26574,0.67017,0.45734,0.57951,0.66666,1.34402,0.06226,0.01073,0.43877,0.1323,0.35712,0.51276,0.12374,0.11486,0.74996,0.58445,0.2777,0.24181,0.51189,0.87051,0.69959,1.01286,0.0953,0.47805,0.63071,0.66008,0.1854,1.26924,0.29679,0.31569,0.29654,0.79742,0.80171,0.88229,0.62609,0.76183,1.0692,0.29297,0.26411,0.3209,0.3266,0.30019,0.43299,0.71162,-0.00799,0.17253,0.70785,0.3177,0.36833,0.45159,0.20541,0.13963,0.54154,0.42591,0.71211,0.34956,0.43943,0.43486,0.21298,0.26564,1.43081,0.15621,0.20458,0.85153,0.23631,0.44486,0.6044,0.34254,0.74108,0.36195,0.37703,0.8801,0.28362,0.59542,0.70318,0.14889,0.29553,0.82799,0.52138,0.3544,0.17473,0.127,0.65556,0.53745,0.01649,0.41734,0.3611,0.8023,0.08303,0.79396,0.39568,0.83272,0.47618,0.23213,0.44394,0.78235,0.08874,0.22954,0.97715,0.18094,0.30401,0.91519,1.32738,1.07052,0.36184,0.78058,0.28588,0.31203,0.78638,0.8716,0.32005,1.11296,0.3996,0.27414,0.62486,0.60251,0.32997,0.63026,0.24802,0.78312,0.70047,0.40289,0.30039,0.77026,0.47064,1.11266,0.4502,0.07462,0.26433,0.37627,1.38587,0.65039,0.63871,1.23962,0.36124,0.66942,0.30395,0.6272,0.08173,0.16737,0.36908,0.52477,0.36198,1.0089,0.90813,1.10809,0.58943,0.3954,0.31706,0.77502,0.53489,1.0697,0.23586,0.65972,0.4873,0.95551,0.79273,0.27141,0.27837,0.23839,0.42269,0.31498,0.33919,0.71564,0.6762,1.01578,0.27415,0.3252,0.37354,0.772,0.29197,0.6175,0.17035,0.60005,0.87894,0.88287,1.00376,1.27168,0.08329,0.24567,0.99036,0.49621,0.13467,0.56651,0.60643,0.1814,0.56839,0.59992,0.82887,0.89142,0.32322,0.02596,0.7147,0.96789,0.64439,0.28986,0.45356,0.23642,0.46086,0.34449,0.27488,0.22361,0.28902,0.1657,0.85366,0.10819,0.94057,0.55478,0.69768,0.18998,1.00418,0.9206,0.25139,0.3823,0.16465,0.04638,0.24377,1.10086,0.72564,0.4676,0.78201,1.60892,0.25269,0.58245,0.27977,0.58279,0.57675,0.25206,0.46156,0.49989,0.25242,0.52915
144,train,0,Normal,0.11235,0.13469,0.68564,0.9542,0.60432,0.11444,0.10318,0.77212,0.28023,0.56916,0.31289,0.34923,-0.04894,0.2287,0.35532,0.35919,0.03075,0.09276,0.14715,-0.00994,0.69394,0.29828,0.31657,0.09767,0.12673,0.33435,0.41014,0.26475,0.85384,0.08648,0.75437,0.79113,-0.02882,0.09527,0.17428,0.85513,0.93262,0.57746,0.17253,0.12433,0.86195,0.14235,0.23099,0.11661,0.23116,0.01424,-0.02723,0.06989,0.22536,0.42017,0.67514,0.26772,0.22213,0.19573,0.34519,0.53599,0.00697,0.20791,0.21482,0.01051,0.56188,0.09568,0.17169,0.29079,0.63953,0.28068,0.26297,-0.02251,0.66301,1.06243,0.23641,0.30451,0.26463,0.40802,0.36451,0.36481,0.98759,0.43547,0.16635,0.18175,0.57698,0.76593,0.10531,1.09941,0.06284,-0.00737,0.89052,0.17049,0.43291,0.33193,0.06008,1.13359,0.16658,0.19908,0.16512,0.25962,0.59133,0.25577,0.8337,0.54309,0.14258,0.06584,0.31339,0.38945,0.0917,0.07934,0.12511,0.15757,0.30851,1.15823,0.184,0.18446,0.27692,0.53696,0.19273,0.27209,0.95018,0.33156,0.17695,0.17201,0.81284,0.12505,0.4687,0.36426,0.26799,0.14044,0.00473,-0.00439,0.18515,0.16087,0.88246,0.13456,0.13759,0.0226,0.12611,0.02733,0.31212,0.12688,-0.05487,0.29487,0.45637,0.32009,0.52688,0.49848,0.33556,0.32235,0.32455,0.01966,0.161,0.11322,0.00901,0.58323,0.45338,0.30144,0.01131,0.4993,0.43771,-0.04047,0.44562,0.25053,0.10649,0.93316,0.70973,0.37361,0.28785,0.16855,0.26337,0.22391,0.11471,0.16584,1.49344,0.12429,1.16536,0.049,0.84114,-0.01045,0.30834,0.3266,1.56392,0.11419,0.71901,0.39683,0.18995,0.43901,0.24512,0.26456,0.38561,-0.04615,0.03226,0.37193,1.35052,0.19747,0.17498,0.49956,0.29204,0.0381,0.23403,0.25836,0.08233,0.22105,0.21104,0.08154,0.29502,0.23129,0.31179,0.49501,0.38512,0.26239,0.15918,1.06202,0.15196,0.35229,0.00133,-0.04522,1.17957,0.39033,0.06185,0.03321,1.10044,1.69227,0.28407,0.24183,0.05914,0.31316,0.55961,0.45234,0.40421,0.914,0.0178,0.41515,0.15459,0.02833,0.01606,0.00512,0.15924,0.13649,0.24728,0.31185,0.59053,0.27329,0.23283,0.14453,0.47873,0.0363,0.47218,0.08112,1.44862,0.11325,1.02458,0.13826,0.19891,1.0669,0.45756,0.26248,0.30826,0.18418
091,train,1,Hemorrhage,0.53546,0.2028,0.18047,0.46557,0.28574,0.447,0.32661,0.26607,0.29429,0.43491,0.4268,0.55314,0.36944,0.15457,0.83679,0.28963,0.23092,0.41223,0.27232,0.31369,0.46656,0.12429,0.42636,0.53129,0.12312,0.55222,0.44385,0.30006,0.52777,0.58012,0.22895,0.32451,0.26262,0.29226,0.23932,0.40979,0.45646,0.41166,0.21971,0.30601,0.37629,0.14632,0.19135,0.33364,0.34737,0.46332,0.16594,0.29963,0.29451,0.40801,0.28957,0.49374,0.30351,0.49114,0.32249,0.27363,0.40406,0.69502,0.64842,0.40176,0.65769,0.09699,0.26087,0.11833,0.47659,0.1504,0.30187,0.28765,0.32216,0.19131,0.4011,0.24859,0.4831,0.46935,0.31867,0.18726,0.40366,0.32043,0.40909,0.27797,0.68565,0.14848,0.27829,0.44313,0.33599,0.31603,0.21729,0.50227,0.35735,0.46581,0.29922,0.32148,0.17928,0.41557,0.32225,0.35242,0.27177,0.23626,0.31114,0.45105,0.37873,0.26382,0.34583,0.46213,0.23179,0.33558,0.26524,0.32984,0.37623,0.51732,0.19087,0.70236,0.15557,0.45268,0.4193,0.50726,0.33629,0.20474,0.33322,0.55018,0.3899,0.16898,0.32736,0.38494,0.35817,0.44981,0.41753,0.29019,0.2999,0.47184,0.35852,0.19889,0.66888,0.20501,0.16085,0.70116,0.3025,0.08877,0.50501,0.31006,0.41314,0.38564,0.25019,0.44778,0.3406,0.57974,0.17913,0.25473,0.30892,0.66245,0.56122,0.33115,0.3336,0.34211,0.44175,0.79909,0.63442,0.30802,0.66408,0.33695,0.28689,0.63253,0.33207,0.37467,0.29434,0.42581,0.27376,0.9035,0.33832,0.45617,0.49459,0.2946,0.45502,0.4217,0.44484,0.54056,0.22219,0.30877,0.23734,0.47112,0.39312,0.30135,0.2552,0.59566,0.22275,0.20605,0.45022,0.29309,0.53338,0.56835,0.47725,0.34149,0.16676,0.3206,0.26032,0.33424,0.49506,0.34865,0.3626,0.29637,0.51883,0.60759,0.26326,0.24606,0.37911,0.44748,0.30208,0.57755,0.64414,0.35541,0.30933,0.42602,0.2724,0.29279,0.31006,0.43336,0.41703,0.54747,0.43665,0.43437,0.35792,0.60389,0.27716,0.41021,0.52665,0.25796,0.23141,0.42341,0.42683,0.19386,0.33059,0.23587,0.12026,0.18828,0.46626,0.4672,0.36491,0.18216,0.39185,0.19414,0.25066,0.40257,0.41014,0.14091,0.65696,0.50428,0.27622,0.35234,0.37895,0.21896,0.21953,0.29707,0.48839,0.31451,0.47934,0.53451
125,train,0,Normal,0.19932,0.04085,0.42459,0.54039,0.35588,0.22517,0.33426,0.44068,0.31718,0.6333,0.22697,0.29711,0.22808,0.10437,0.29598,0.27447,0.25228,0.1303,0.229,0.36211,0.18219,0.29308,0.36202,0.17885,0.18448,0.247,0.39857,0.40518,0.41714,0.09357,0.68678,0.33317,0.02954,0.21999,0.17465,0.51608,0.49027,0.61545,0.18522,0.08685,0.6526,0.1788,0.3018,0.09531,0.16865,0.11418,0.24077,0.11528,0.2785,0.35806,0.59697,0.18962,0.19802,0.21977,0.33975,0.39008,0.18968,0.34386,0.26933,0.16382,0.3936,0.12885,0.31476,0.40083,0.33852,0.29547,0.23276,0.157,0.65747,0.75232,0.25168,0.25281,0.27315,0.41763,0.56622,0.24922,0.74419,0.46255,0.29828,0.25258,0.49272,0.60071,0.20427,0.75601,0.11375,0.02674,0.49467,0.10192,0.3513,0.33175,0.01708,0.88662,0.28516,0.21258,0.37891,0.29955,0.53499,0.25132,0.6829,0.45696,0.15421,0.30752,0.33826,0.33187,0.07641,0.14872,0.28658,0.22486,0.3069,0.58996,0.46206,0.25093,0.38432,0.22711,0.23012,0.26561,0.56306,0.32735,0.40669,0.20689,0.58774,0.23761,0.40345,0.21501,0.64046,0.17501,0.13782,0.08094,0.21346,0.07974,0.71524,0.31306,0.12435,0.03223,0.30512,0.1158,0.21321,0.1789,0.07303,0.29053,0.23013,0.08858,0.413,0.55889,0.35948,0.28598,0.41722,0.08697,0.14819,0.30905,0.18487,0.35696,0.44781,0.26995,0.10463,0.38026,0.24055,0.09624,0.21938,0.30869,0.38995,0.53285,0.27885,0.22355,0.26635,0.43213,0.20482,0.19664,0.16317,0.08828,0.89724,0.26564,0.63629,0.14114,0.42911,0.13223,0.42428,0.16392,0.83748,0.09651,0.6223,0.42999,0.26555,0.4463,0.127,0.1959,0.3189,0.10291,0.09014,0.29169,0.62625,0.10012,0.36026,0.55344,0.27713,0.25409,0.18869,0.20921,0.14381,0.12978,0.06544,0.08765,0.35772,0.22044,0.21741,0.19877,0.24698,0.28953,0.22261,0.49945,0.3689,0.39509,0.08168,0.10366,0.78806,0.46187,0.15457,0.10137,0.53787,0.7903,0.17905,0.21481,0.21876,0.17005,0.32848,0.43751,0.36795,0.8202,0.25643,0.42068,0.21457,0.25929,0.19539,0.1521,0.25265,0.16346,0.21101,0.21321,0.42312,0.25345,0.12904,0.15844,0.33129,0.16734,0.32306,0.26179,0.92699,0.08809,0.76396,0.17808,0.09949,0.54393,0.42153,0.26304,0.18382,0.1499
055,train,1,Hemorrhage,0.33036,0.35843,0.21886,0.24263,0.11776,0.33771,0.32071,0.35041,0.28427,0.42045,0.4093,0.31902,0.40034,0.29206,0.56412,0.23659,0.37254,0.26865,0.19492,0.36437,0.24596,0.2079,0.23604,0.32661,0.11388,0.29754,0.33578,0.16309,0.36483,0.30849,0.25195,0.16218,0.18318,0.26,0.21125,0.34754,0.18382,0.22598,0.24333,0.31524,0.27745,0.10599,0.09755,0.34332,0.25369,0.32138,0.26298,0.16105,0.2711,0.30007,0.36833,0.51087,0.34795,0.23866,0.19162,0.15392,0.12119,0.4404,0.43762,0.29186,0.55477,0.22272,0.26781,0.25914,0.15946,0.22247,0.21357,0.18797,0.2855,0.21259,0.3261,0.29551,0.46072,0.27107,0.20865,0.08354,0.20482,0.17237,0.27509,0.23552,0.45608,0.27232,0.19734,0.19925,0.3499,0.16966,0.30258,0.33338,0.3103,0.24861,0.33088,0.34727,0.29502,0.28264,0.25748,0.23042,0.42003,0.13486,0.23553,0.16667,0.15928,0.53078,0.33921,0.25845,0.38858,0.15482,0.26874,0.11399,0.29483,0.20436,0.32978,0.38023,0.173,0.4577,0.09087,0.19737,0.19466,0.11491,0.23867,0.36462,0.2757,0.18877,0.39767,0.22576,0.30808,0.34109,0.39723,0.51688,0.1892,0.17881,0.26008,0.4621,0.51297,0.27966,0.29363,0.30202,0.24452,0.13581,0.27616,0.39417,0.26985,0.19485,0.23425,0.22075,0.32218,0.39115,0.12234,0.34141,0.23066,0.39838,0.27557,0.21409,0.17537,0.16584,0.40649,0.44414,0.20097,0.28066,0.2476,0.13949,0.29275,0.48775,0.21643,0.30249,0.20091,0.30685,0.23204,0.44143,0.37161,0.40334,0.40954,0.27871,0.24841,0.37613,0.39028,0.28448,0.27022,0.32848,0.33007,0.36817,0.4436,0.28078,0.42674,0.4067,0.28169,0.29192,0.30425,0.25749,0.32875,0.26644,0.2552,0.19189,0.26154,0.46172,0.26413,0.30151,0.31403,0.1652,0.42905,0.29996,0.29831,0.4686,0.31004,0.1674,0.16149,0.19521,0.21091,0.59908,0.36284,0.29098,0.23823,0.47798,0.27818,0.32596,0.23804,0.3178,0.20522,0.3229,0.23899,0.34383,0.21285,0.41028,0.22386,0.23678,0.20061,0.2319,0.21626,0.19997,0.3488,0.1756,0.45823,0.40016,0.14785,0.19913,0.20349,0.37668,0.16268,0.36867,0.26946,0.17612,0.1943,0.3253,0.32643,0.12324,0.37767,0.39026,0.21441,0.45846,0.29198,0.16034,0.2408,0.12484,0.20508,0.30603,0.22749,0.37127
133,train,0,Normal,0.33846,0.02283,0.56178,0.96389,0.62169,0.54144,0.13976,0.59593,0.31562,0.50488,0.22607,0.43524,0.11135,0.20274,0.5324,0.32676,0.03377,0.15647,0.09383,0.21388,0.58834,0.10485,0.37956,0.11345,0.15225,0.32456,0.4011,0.25904,0.754,0.10922,0.65546,0.85793,0.04303,0.16971,0.18074,0.83083,1.10604,0.69176,0.04394,0.0826,0.91094,0.03272,0.21129,0.03959,0.29487,-0.03866,0.03968,0.17012,0.21308,0.43873,0.72913,0.24275,0.33298,0.1687,0.27111,0.4566,0.05947,0.32277,0.31576,0.08268,0.65789,0.07818,0.21486,0.21671,0.57004,0.11657,0.3679,0.05877,0.77164,0.78948,0.47161,0.23486,0.24843,0.4409,0.31928,0.33491,0.82074,0.49513,0.14464,0.18694,0.50485,0.61688,0.09231,0.94674,-0.02424,0.0921,0.64949,0.1738,0.50061,0.51278,0.10501,1.10298,0.11666,0.21875,0.06796,0.31598,0.65133,0.2366,0.68717,0.5112,0.35991,0.02959,0.34108,0.24404,0.0948,0.18856,0.07668,0.15371,0.23645,1.16761,0.17354,0.39211,0.25838,0.38735,0.2444,0.35499,0.75281,0.37559,0.23917,0.13472,0.80651,0.13025,0.30743,0.34213,0.32614,0.24577,-0.0383,-0.05904,0.16393,0.1984,0.79863,0.09992,0.26145,-0.00735,0.22997,0.20853,0.24932,0.02033,0.01099,0.22635,0.55347,0.29219,0.35126,0.47536,0.14841,0.46001,0.17371,0.04545,0.22267,0.16725,0.14404,0.43828,0.36655,0.14447,0.06498,0.69017,0.68758,-0.08019,0.54614,0.09698,0.17191,0.91013,0.56954,0.46566,0.14753,0.28415,0.35368,0.26578,0.11662,0.24024,1.33342,0.1698,1.07746,0.01633,0.91953,0.23663,0.3603,0.21826,1.28649,0.16036,0.89231,0.28151,0.16348,0.47325,0.20547,0.1975,0.56988,0.06938,0.09075,0.36719,1.27328,0.11682,0.23305,0.34992,0.1732,0.18906,0.39861,0.08496,0.17272,0.08775,0.16302,0.08603,0.31476,0.07292,0.205,0.58528,0.33656,0.37177,0.14722,0.72759,0.0993,0.33782,0.18592,-0.00569,0.92096,0.36024,0.11425,0.04647,0.98751,1.40709,0.30075,0.31179,0.1312,0.24468,0.62679,0.69544,0.34158,1.10632,-0.08949,0.23349,-0.00259,0.11704,-0.00428,0.13885,0.25211,0.04926,0.28555,0.14837,0.45061,0.18946,0.19392,0.03136,0.27851,0.03831,0.63114,-0.01536,1.3505,0.11904,0.85442,0.04374,0.1345,0.88161,0.41304,0.21869,0.26601,0.14818
056,train,1,Hemorrhage,0.52567,0.41474,0.19322,0.18652,0.05422,0.40147,0.39229,0.35919,0.40626,0.38659,0.33154,0.35363,0.38678,0.32074,0.50222,0.41051,0.45327,0.36379,0.18959,0.39788,0.39008,0.31989,0.31515,0.40835,0.35751,0.27837,0.46161,0.31562,0.23892,0.39962,0.26535,0.17722,0.24952,0.32865,0.10202,0.07938,0.11604,0.27553,0.46691,0.42191,0.12496,0.19641,0.14713,0.52036,0.43787,0.46547,0.10283,0.29571,0.34434,0.31122,0.15394,0.50542,0.55977,0.30224,0.22388,0.21615,0.2411,0.6474,0.39857,0.35689,0.56619,0.19687,0.28533,0.24031,0.17194,0.37382,0.22873,0.27389,0.29172,0.18014,0.34028,0.51776,0.47715,0.34648,0.20652,0.12023,0.21762,0.23234,0.46152,0.44086,0.47172,0.17796,0.28556,0.06072,0.47875,0.31082,0.12616,0.42943,0.26322,0.2517,0.39626,0.3741,0.40516,0.20728,0.33377,0.29652,0.38347,0.20317,0.28429,0.09642,0.21276,0.32054,0.37281,0.34688,0.36968,0.18357,0.47553,0.2276,0.29064,0.43584,0.38209,0.51145,0.2315,0.49592,0.2346,0.39329,0.17758,0.20116,0.26575,0.60459,0.29353,0.35554,0.53236,0.31113,0.17325,0.45166,0.52632,0.6769,0.25859,0.32808,0.15281,0.47576,0.61166,0.46018,0.3729,0.45229,0.30332,0.12958,0.41769,0.64815,0.7269,0.24697,0.23657,0.25855,0.3568,0.40028,0.19831,0.60332,0.14018,0.54519,0.37313,0.28302,0.12712,0.25786,0.68507,0.53955,0.41113,0.40503,0.38987,0.24698,0.22834,0.27397,0.24574,0.16806,0.12352,0.40262,0.18382,0.49352,0.3448,0.5184,0.29777,0.32005,0.1802,0.46664,0.34515,0.57328,0.23232,0.44302,0.29293,0.494,0.31618,0.33389,0.4308,0.35946,0.40617,0.29949,0.55629,0.4277,0.39717,0.43114,0.27397,0.31785,0.2544,0.27331,0.29643,0.42395,0.34986,0.35593,0.42666,0.38611,0.43145,0.73843,0.3672,0.18372,0.14709,0.29459,0.39326,0.65667,0.4333,0.28323,0.21837,0.45794,0.26623,0.56127,0.1483,0.23287,0.35725,0.50413,0.35708,0.19149,0.28101,0.4226,0.36702,0.34401,0.27052,0.22528,0.27341,0.27028,0.4648,0.15591,0.45722,0.48514,0.36222,0.17882,0.49576,0.3483,0.29584,0.42815,0.22233,0.19094,0.33268,0.33942,0.35216,0.12605,0.50518,0.73627,0.23149,0.56542,0.081,0.19327,0.42089,0.13217,0.22077,0.32102,0.33454,0.33888
000,train,1,Hemorrhage,0.55672,0.44631,0.25393,0.52671,0.48904,0.30968,0.44817,0.27196,0.36197,0.42597,0.53055,0.54426,0.37588,0.23144,0.66491,0.51762,0.31973,0.433,0.17002,0.38984,0.64964,0.05115,0.5323,0.45108,0.27153,0.45756,0.57225,0.36702,0.32019,0.58447,0.27753,0.41678,0.14503,0.40653,0.23744,0.47782,0.47042,0.53021,0.42241,0.19947,0.55801,0.14667,0.1331,0.27341,0.35909,0.47283,0.14882,0.25746,0.28543,0.44358,0.31632,0.4929,0.236,0.64215,0.45432,0.08673,0.40345,0.51365,0.92557,0.30761,0.73656,0.17013,0.4844,0.08035,0.33237,0.24169,0.20199,0.39055,0.37739,0.14606,0.53311,0.17156,0.46556,0.17325,0.38381,0.12539,0.08551,0.27236,0.39362,0.21105,0.66892,0.23337,0.35872,0.36816,0.51499,0.30064,0.19052,0.65027,0.46265,0.24041,0.42555,0.61666,0.15506,0.45177,0.20107,0.37836,0.3601,0.34822,0.24297,0.59129,0.32238,0.29731,0.41381,0.2454,0.28802,0.20141,0.29612,0.18824,0.32764,0.60476,0.20536,0.63196,0.29301,0.48977,0.48108,0.47139,0.3674,0.19114,0.22084,0.51963,0.30072,0.28781,0.75411,0.31649,0.38427,0.33046,0.51447,0.3898,0.27752,0.4899,0.50426,0.23882,0.6851,0.24351,0.28492,0.54747,0.53483,0.11159,0.52963,0.35163,0.61592,0.26042,0.34763,0.28194,0.18146,0.54607,0.44814,0.48466,0.1726,0.64297,0.25313,0.36397,0.31334,0.23182,0.77404,0.96937,0.54082,0.37673,0.59596,0.26367,0.23184,0.48132,0.38024,0.4732,0.37401,0.22882,0.19711,0.75282,0.59757,0.4183,0.69976,0.05321,0.59578,0.43851,0.50634,1.04444,0.33579,0.40633,0.19719,0.54094,0.32453,0.42756,0.27001,0.38013,0.36365,0.12201,0.45729,0.67197,0.46699,0.4828,0.60586,0.51725,0.02942,0.34966,0.22113,0.32724,0.55905,0.34392,0.08607,0.18708,0.5765,0.55979,0.33352,0.42139,0.32495,0.45264,0.18558,0.43559,0.68232,0.25269,0.51265,0.50535,0.55355,0.56564,0.20174,0.51308,0.36786,0.48043,0.40727,0.36846,0.33675,0.65967,0.39058,0.23961,0.59637,0.36616,0.50547,0.53731,0.36267,0.19802,0.50077,0.39681,0.24268,0.12,0.63862,0.29851,0.47599,0.34281,0.28855,0.13218,0.16333,0.56051,0.4303,0.17101,0.89409,0.47461,0.35938,0.22251,0.41587,0.27767,0.47651,0.41247,0.27049,0.29448,0.43972,0.54282
057,train,1,Hemorrhage,0.68382,0.59715,0.18863,0.2733,0.14737,0.25251,0.62254,0.21928,0.39459,0.26945,0.55277,0.52304,0.5634,0.42086,0.53043,0.60362,0.30034,0.61375,0.2355,0.58171,0.51213,0.20603,0.28388,0.72661,0.39216,0.5321,0.43896,0.37608,0.50565,0.90295,0.14399,0.13548,0.2417,0.27648,0.1841,0.41498,0.18817,0.29482,0.4747,0.47388,0.25228,0.20046,0.19321,0.50382,0.58385,0.57451,0.13811,0.32899,0.37631,0.4528,0.24095,0.5698,0.42795,0.53197,0.36225,0.26242,0.3301,0.85276,0.64946,0.58401,0.73161,0.27178,0.29421,0.3332,0.26906,0.31002,0.37383,0.51702,0.26946,0.24254,0.4642,0.4337,0.40537,0.282,0.26099,0.19135,0.44167,0.34116,0.70275,0.34084,0.45073,0.35799,0.21311,0.21258,0.75332,0.25334,0.05155,0.71135,0.21669,0.41306,0.68245,0.45479,0.3953,0.30686,0.26403,0.55042,0.28136,0.39866,0.45284,0.32089,0.26129,0.40425,0.38818,0.37842,0.226,0.2236,0.45202,0.40428,0.21477,0.48984,0.33719,0.59968,0.24778,0.62548,0.5821,0.48464,0.17161,0.19997,0.45278,0.80044,0.27445,0.34332,0.74551,0.41131,0.33955,0.45422,0.90418,0.63759,0.17975,0.54235,0.21791,0.29564,0.82312,0.46881,0.26236,0.7827,0.26022,0.14187,0.72681,0.52562,0.65834,0.50144,0.26424,0.45375,0.59839,0.41771,0.27243,0.63069,0.12417,0.71398,0.63172,0.14742,0.25123,0.46773,0.7213,0.85206,0.70394,0.68158,0.5034,0.30445,0.36277,0.59601,0.18901,0.19575,0.41122,0.40122,0.27798,0.88827,0.41061,0.87404,0.43732,0.25316,0.28695,0.65188,0.43611,0.93423,0.27554,0.67122,0.22911,0.579,0.39791,0.3996,0.56556,0.31862,0.317,0.27781,0.50927,0.56207,0.55432,0.82228,0.30944,0.48381,0.24969,0.48342,0.16383,0.43297,0.49666,0.58629,0.52375,0.4154,0.66683,0.94546,0.30452,0.28439,0.41153,0.49809,0.26961,0.30048,0.66302,0.23554,0.61857,0.68847,0.59639,0.79723,0.32108,0.3627,0.48357,0.87794,0.39801,0.26512,0.43741,0.5664,0.35823,0.35966,0.2563,0.20297,0.2964,0.22171,0.65793,0.02009,0.5023,0.33561,0.256,0.24302,0.63863,0.32031,0.35647,0.44626,0.26196,0.31064,0.29161,0.56503,0.53373,0.3113,0.6924,1.00201,0.22396,0.69023,0.2665,0.21965,0.45411,0.1484,0.44768,0.29601,0.37231,0.57535
062,train,1,Hemorrhage,0.30504,0.81371,0.25458,0.13853,0.0844,0.04327,0.45225,0.13861,0.23013,0.17733,0.47047,0.17133,0.42862,0.41772,0.34566,0.79571,0.24188,0.32167,0.08343,0.25417,0.45763,0.52248,0.1403,0.32122,0.25698,0.24241,0.23949,0.20844,0.48416,0.50226,0.03102,0.08318,0.08663,0.29194,0.13324,0.28005,-0.00036,0.2764,0.62012,0.58556,0.07223,0.17834,0.23264,0.71274,0.41701,0.36307,0.2456,0.2021,0.33822,0.35727,0.25501,0.32955,0.30634,0.28023,0.05574,0.18912,0.18146,0.39216,0.33185,0.29221,0.65433,0.59478,0.40553,0.31374,0.19917,0.80433,0.2465,0.32303,0.14506,0.20786,0.48355,0.32393,0.4983,0.1661,0.30427,0.2159,0.3186,0.26644,0.47095,0.27897,0.36625,0.11326,0.24694,0.07166,0.63851,0.09014,0.17742,0.41593,0.09824,0.26254,0.49573,0.24042,0.64603,0.1758,0.08342,0.55971,0.45866,0.10251,0.44165,0.23027,0.21635,0.42627,0.35684,0.49419,0.32336,0.12252,0.3728,0.47029,0.08026,0.32323,0.62596,0.40491,0.07322,0.5978,0.19147,0.1297,0.10578,0.05619,0.20047,0.58179,0.26572,0.3931,0.70719,0.31803,0.31533,0.34467,0.73824,0.85086,0.04902,0.07309,0.10326,0.30571,0.70955,0.83711,0.46593,0.40655,0.19207,0.13573,0.56868,0.87037,0.62539,0.24513,0.36106,0.27912,0.38657,0.30849,0.08128,0.72728,0.08885,0.37511,0.29814,0.25081,0.1732,0.27006,0.66925,0.3858,0.23355,0.45304,0.45733,0.16402,0.2357,0.17469,0.14728,0.14119,0.48605,0.20657,0.15554,0.29182,0.26696,0.53858,0.39384,0.22199,0.25536,0.3748,0.56127,0.49616,0.3806,0.48371,0.48338,0.42298,0.33662,0.1635,0.70107,0.39227,0.26233,0.36312,0.70834,0.90807,0.21966,0.35746,0.0976,0.30014,0.36985,0.30713,0.24338,0.42671,0.39349,0.27631,0.56113,0.36582,0.21666,0.77299,0.45815,0.21079,0.13713,0.09309,0.23125,0.30481,0.36688,0.0616,0.37076,0.55708,0.24793,0.45768,0.21698,0.197,0.31007,0.42856,0.19146,0.21796,0.20741,0.46522,0.2392,0.30398,0.22962,0.14649,0.06769,0.13112,0.80057,0.0326,0.54815,0.5885,0.2948,0.2644,0.18224,0.23529,0.35271,0.60505,0.30323,0.20075,0.32123,0.33837,0.20865,0.25006,0.33618,0.73272,0.15541,0.72473,0.12792,0.10593,0.62545,-0.02679,0.22247,0.18388,0.31986,0.2078
024,train,1,Hemorrhage,0.83857,0.53205,0.31054,0.4125,0.24051,0.6113,0.78555,0.30251,0.59749,0.47583,0.56815,0.78701,0.63544,0.2716,0.68061,0.44354,0.68232,0.40223,0.21126,0.62154,0.28479,0.22212,0.47748,0.92848,0.27943,0.65649,0.69938,0.49182,0.42908,0.95008,0.3431,0.12766,0.28411,0.44734,0.1307,0.31784,0.27639,0.34147,0.76282,0.49472,0.26503,0.17701,0.22891,0.51233,0.62883,0.75473,0.15731,0.50788,0.59261,0.6017,0.2806,0.77518,0.25837,0.6186,0.3312,0.26293,0.75744,0.64259,0.63742,0.73388,1.03033,0.30279,0.37861,0.25679,0.28579,0.17189,0.34227,0.48796,0.32889,0.20548,0.57088,0.39301,0.37326,0.32531,0.35298,0.22429,0.44237,0.26526,0.73005,0.24037,0.54062,0.18426,0.27774,0.31505,1.10844,0.43952,0.0949,0.86477,0.35538,0.25494,0.46156,0.38467,0.44838,0.48798,0.46375,0.48605,0.49198,0.55288,0.49237,0.41402,0.26955,0.67892,0.42336,0.22615,0.26217,0.32441,0.52966,0.37811,0.44113,0.39825,0.38393,0.73483,0.29967,0.54305,0.5757,0.43942,0.24619,0.35635,0.44269,0.85904,0.36397,0.28218,0.73468,0.25137,0.43968,0.56791,1.09434,0.73403,0.37725,0.7539,0.45421,0.35866,0.65777,0.37103,0.27438,0.99029,0.39409,0.22208,0.59806,0.33241,0.53314,0.5113,0.1876,0.56266,0.39709,0.59726,0.46001,0.62725,0.45644,0.85519,0.73987,0.23938,0.17623,0.28239,1.06925,0.80091,0.43966,0.82913,0.27328,0.45083,0.41889,0.54131,0.27062,0.19691,0.25433,0.6382,0.34913,1.28483,0.81469,0.73594,0.46648,0.19338,0.34451,0.98131,0.22157,0.91279,0.32071,0.26592,0.43095,0.66469,0.43532,0.62813,0.26068,0.31527,0.42888,0.15041,0.36618,0.45536,0.85309,0.65021,0.36855,0.59593,0.20061,0.62936,0.39107,0.45651,0.29869,0.74257,0.46394,0.59164,0.63003,0.89195,0.19225,0.27794,0.5552,0.46346,0.31292,0.53002,0.70902,0.2704,0.5259,0.47173,0.31117,0.65093,0.24967,0.51761,0.53016,0.58092,0.34266,0.27661,0.32953,0.49709,0.72398,0.4659,0.21746,0.26116,0.35214,0.45244,0.81097,0.26147,0.88473,0.65392,0.50948,0.12531,0.69891,0.71474,0.3858,0.37308,0.37083,0.22574,0.42926,0.65703,0.62635,0.23053,0.81896,1.03879,0.20636,0.57499,0.32523,0.52052,0.45337,0.32752,0.50404,0.18403,0.58185,0.5556
177,train,0,Normal,0.12013,0.52348,0.51886,0.84639,0.73228,0.20457,0.05825,0.53226,0.16488,0.55656,0.0696,0.29646,-0.00651,-0.06973,0.18326,0.85482,-0.02839,0.07683,0.19245,-0.0823,0.57349,0.15112,0.43612,0.11751,0.37454,0.0815,0.64627,0.1405,0.18639,0.01498,1.23705,0.58894,-0.01092,0.25916,0.18541,0.18778,0.66171,1.11393,0.16706,0.24692,0.27518,0.41692,0.07242,0.06848,0.17041,0.00114,0.01473,-0.04428,0.17729,0.095,0.4142,0.00284,0.18298,0.66423,0.4674,0.43859,-0.04534,0.17428,0.26955,0.17439,0.40562,0.23701,0.56712,0.69611,0.28897,0.33759,0.27635,0.29536,0.98756,0.55368,0.18388,0.24736,0.5733,0.162,0.67858,0.23245,0.55799,0.65873,0.33635,0.15594,0.57263,0.25466,0.01734,0.52063,0.21349,0.01937,0.22627,0.20356,0.47793,0.21888,0.22439,0.38649,-0.02523,0.43115,0.21568,0.23016,0.48538,0.06108,0.28427,0.60042,0.2512,0.0075,0.3051,0.77134,0.11974,0.43891,0.21689,0.10833,0.37402,0.81271,0.06792,0.17836,0.56632,0.57911,0.56701,0.28526,0.21564,0.38134,0.13624,-0.0182,0.74172,0.05962,0.67885,0.36306,0.45738,0.11074,0.02001,-0.05933,0.05674,0.13904,0.34244,0.00321,0.14753,0.03774,0.12911,-0.01824,0.22863,0.13333,-0.00346,0.67611,0.45521,0.23147,0.64855,0.19031,0.52595,0.31458,0.5001,0.1455,0.24106,0.04426,0.02206,1.11431,0.63671,0.22204,0.05637,0.34709,0.31934,-0.02867,0.43033,0.25326,0.06918,0.35494,0.19211,0.2987,0.71137,0.02666,0.37291,0.21055,0.1399,0.00358,0.25257,0.09469,0.74945,0.10925,0.46723,0.29328,0.72449,0.17387,0.87775,-0.03497,-0.00673,0.60205,0.31974,0.4794,0.41051,0.01644,0.41545,0.07339,-0.00326,0.26938,0.70842,0.07013,0.32701,0.16042,0.29267,0.27187,0.34634,0.09158,-0.09752,0.06931,0.09237,0.07941,0.5917,0.64277,0.06682,0.36975,0.76609,0.19212,0.16232,0.42072,0.35659,0.34352,-0.04045,0.21242,0.48612,0.67318,0.18274,0.26211,0.4655,0.74689,0.24056,0.32717,0.0677,0.24222,0.55304,0.09319,0.3697,0.44642,0.26189,0.83147,0.14571,-0.01411,0.03977,0.25073,0.0583,0.14474,0.42284,0.01646,0.88867,0.61149,0.25644,-0.02998,0.23021,0.42713,0.56523,0.01251,0.90698,0.3152,0.42422,0.1441,0.5483,0.63854,0.5401,-0.00642,0.40159,0.1297
172,train,0,Normal,0.14982,0.10544,0.4262,1.19742,1.00394,0.35809,-0.02034,0.6055,0.14408,0.61437,0.10132,0.32522,-0.03677,-0.06272,0.27555,0.57883,0.03921,-0.0003,0.25686,-0.08982,0.57194,0.10372,0.33537,-0.00924,0.18531,0.06808,0.43208,0.14833,0.15271,0.14034,0.95431,0.67086,0.04988,0.16416,0.13487,0.44172,0.82607,1.05665,0.14274,0.1776,0.7969,0.10288,0.28462,0.1151,0.19076,0.03535,-0.00836,-0.01728,0.20397,0.21746,0.4188,0.08908,0.17541,0.26604,0.32264,0.54971,-0.01761,0.20668,0.25826,0.0205,0.41163,0.14395,0.44031,0.19266,0.45338,0.33521,0.3262,0.04686,0.75872,0.70932,0.25397,0.06851,0.22626,0.208,0.31872,0.25984,0.82538,0.70716,0.16743,0.10293,0.21663,0.48994,0.07328,0.87077,-0.02122,0.00621,0.3253,0.10357,0.61929,0.40415,0.09169,0.81987,-0.06101,0.40792,0.04217,0.11631,0.57919,0.1991,0.60008,0.492,0.35862,-0.04501,0.17169,0.30575,0.00709,0.1287,0.15592,0.08364,0.32716,0.84452,0.12386,0.23333,0.43168,0.401,0.33374,0.34507,0.61797,0.38951,0.12405,-0.01293,0.81484,0.10128,0.26941,0.24327,0.05681,0.28776,0.01946,-0.07462,0.05095,0.06016,0.51415,0.00218,0.07654,0.00557,0.01119,0.04965,0.44527,0.08708,-0.06363,0.22717,0.24121,0.21045,0.311,0.64057,0.29972,0.3396,0.61415,0.02687,0.21809,0.06227,0.04759,0.53828,0.78022,0.19502,0.05629,0.36409,0.62231,-0.10531,0.32912,0.37374,0.1368,1.03344,0.36785,0.4053,0.34823,0.10023,0.37568,0.06039,0.08971,-0.02084,0.5604,-0.01121,0.98474,-0.01276,0.54477,0.0849,0.45891,0.31094,0.95878,0.00368,0.16086,0.83209,0.09557,0.60839,0.19407,0.06402,0.45655,0.07905,-0.04331,0.26921,1.18962,-0.01628,0.20104,0.12069,0.14041,0.08736,0.26942,0.1755,-0.02204,0.04034,0.27329,-0.07027,0.37646,0.24376,0.23127,0.57195,0.53604,0.12026,0.02605,0.38166,0.01091,0.29246,-0.04535,-0.04881,0.66208,0.4335,0.15663,-0.07617,0.84178,1.31787,0.32359,0.26612,0.20952,0.06337,0.82653,0.25753,0.21402,0.57727,0.07978,0.50177,-0.00094,-0.0451,0.00963,0.1384,0.08356,0.02336,0.04328,0.1294,0.48971,0.21987,0.17945,-0.05859,0.24043,0.19056,0.33663,-0.00713,1.18585,0.14756,0.56981,0.11107,0.19798,0.8646,0.57854,-0.03399,0.41869,0.08847
092,train,1,Hemorrhage,0.33866,0.25956,0.39444,0.48602,0.31682,0.34767,0.3787,0.38826,0.151,0.37275,0.50481,0.40395,0.40685,0.32171,0.6146,0.47011,0.13698,0.28992,0.25792,0.22617,0.52628,0.16305,0.45915,0.28305,0.26936,0.61163,0.2987,0.26272,0.57139,0.4766,0.23499,0.38016,0.19656,0.37066,0.25248,0.42683,0.44158,0.45824,0.26499,0.32438,0.51242,0.01523,0.31303,0.32401,0.43803,0.19281,0.10345,0.14492,0.26326,0.64681,0.45404,0.62456,0.17021,0.19149,0.09211,0.48409,0.47229,0.51621,0.53502,0.26762,0.77559,0.20443,0.15085,0.24937,0.49421,0.17337,0.31533,0.35269,0.20029,0.386,0.53162,0.1674,0.45445,0.34273,0.36388,0.1698,0.44338,0.42374,0.29457,0.24349,0.43513,0.44715,0.10144,0.57493,0.42712,0.20934,0.33878,0.52673,0.29052,0.31587,0.28495,0.64345,0.28796,0.17794,0.19361,0.61835,0.41661,0.29431,0.46327,0.40542,0.37182,0.35911,0.42023,0.18613,0.14427,0.17015,0.25509,0.18808,0.22381,0.55006,0.18215,0.49206,0.19595,0.47019,0.30592,0.74978,0.47655,0.20586,0.32093,0.43363,0.27698,0.23588,0.35549,0.20556,0.49735,0.491,0.3967,0.27986,0.30782,0.35259,0.48305,0.24586,0.34708,0.12134,0.22492,0.47122,0.38168,0.08699,0.46043,0.45885,0.30107,0.27305,0.31177,0.42264,0.29516,0.65498,0.39603,0.31271,0.24821,0.48214,0.22366,0.20716,0.39547,0.06879,0.51632,0.61828,0.67956,0.23809,0.65773,0.15212,0.39329,0.56796,0.22826,0.35176,0.26506,0.33648,0.27197,0.40271,0.4904,0.48303,0.77899,0.27551,0.57942,0.50038,0.39189,0.45251,0.34626,0.39664,0.3601,0.46327,0.34112,0.6168,0.52179,0.51868,0.16264,0.26719,0.46431,0.37541,0.44559,0.40921,0.56419,0.26075,0.27303,0.74689,0.27249,0.30928,0.50535,0.39459,0.24287,0.34621,0.65734,0.46679,0.20079,0.26752,0.4244,0.48094,0.34814,0.38197,0.32847,0.42808,0.47962,0.45118,0.32033,0.42719,0.63147,0.31434,0.28026,0.34979,0.64654,0.58871,0.36603,0.16944,0.34609,0.26861,0.27488,0.2913,0.35441,0.69427,0.20451,0.13651,0.21425,0.32032,0.21639,0.2164,0.35845,0.1715,0.37546,0.30095,0.16006,0.10331,0.23266,0.37874,0.5643,0.04178,0.537,0.41732,0.39615,0.3306,0.51851,0.17158,0.43248,0.44724,0.42615,0.36219,0.36,0.54098
076,train,1,Hemorrhage,0.49618,0.47377,0.52863,0.30062,0.21562,0.47283,0.5989,0.33847,0.33432,0.48072,0.46343,0.29315,0.54685,0.25705,0.53744,0.38412,0.27087,0.40703,0.21863,0.40046,0.26179,0.27429,0.44703,0.34702,0.15097,0.54928,0.47334,0.35837,0.50614,0.69974,0.3801,0.32794,0.25223,0.22124,0.14733,0.42231,0.33736,0.33844,0.3545,0.46177,0.25371,0.19429,0.16731,0.20966,0.40785,0.34497,0.21774,0.11658,0.38317,0.41934,0.3162,0.63204,0.1801,0.35091,0.23849,0.21473,0.56041,0.55208,0.56133,0.57849,0.72868,0.26679,0.17707,0.32912,0.28472,0.35339,0.23445,0.27911,0.27312,0.34397,0.44835,0.25075,0.62753,0.20275,0.26894,0.24789,0.32336,0.1864,0.51258,0.37911,0.37826,0.30331,0.28788,0.33993,0.72176,0.24874,0.38137,0.62024,0.46544,0.20675,0.39055,0.37438,0.25363,0.25215,0.36299,0.53238,0.31999,0.26553,0.2886,0.20447,0.32582,0.56286,0.29091,0.38369,0.26728,0.27704,0.40128,0.09346,0.3426,0.33465,0.22824,0.30313,0.35548,0.47747,0.35362,0.49379,0.21173,0.18161,0.35145,0.54138,0.24947,0.19168,0.47936,0.20235,0.49614,0.39942,0.61059,0.50167,0.15097,0.43013,0.28732,0.21534,0.41629,0.21671,0.28262,0.5408,0.34268,0.06672,0.3453,0.28815,0.45113,0.20409,0.15397,0.30821,0.36198,0.4908,0.41756,0.32698,0.20151,0.726,0.40144,0.217,0.26802,0.21557,0.64791,0.53055,0.34703,0.42691,0.19777,0.28964,0.30995,0.47327,0.27503,0.1798,0.38415,0.36577,0.27725,0.7465,0.49713,0.39868,0.35156,0.18837,0.40948,0.71002,0.33815,0.48247,0.32206,0.28442,0.29764,0.43178,0.26701,0.46383,0.4574,0.43425,0.36145,0.24824,0.32483,0.28456,0.72314,0.37353,0.31595,0.12378,0.37843,0.79207,0.34971,0.43038,0.21122,0.438,0.41158,0.37279,0.44971,0.62589,0.23151,0.19443,0.39587,0.3298,0.18812,0.25758,0.45336,0.35477,0.29929,0.70541,0.3733,0.37609,0.30044,0.43802,0.49164,0.53833,0.24571,0.29654,0.22355,0.31879,0.40589,0.23303,0.20852,0.24317,0.31595,0.19626,0.53549,0.27886,0.7276,0.33051,0.31165,0.12767,0.31247,0.56054,0.19749,0.40743,0.26613,0.32394,0.34188,0.42138,0.65894,0.22777,0.27366,0.46629,0.25328,0.43653,0.35724,0.20899,0.30515,0.35918,0.33967,0.24092,0.44193,0.5021
198,train,0,Normal,0.17348,-0.01125,0.1494,0.65823,0.65502,0.55459,-0.01606,0.38578,0.35302,0.73824,0.17061,0.44761,0.14157,0.05486,0.50297,0.29139,0.13281,0.03628,0.15904,0.14531,0.33894,0.24576,0.44844,0.26757,0.05197,0.1605,0.44396,0.28308,0.28132,0.14696,1.11999,0.45113,0.14322,0.28183,0.3359,0.31882,0.6494,0.73773,-0.0207,0.23472,0.58095,0.07094,0.23745,-0.00372,0.13577,0.0631,0.02495,0.0603,0.20957,0.2492,0.40486,0.30713,0.09896,0.28826,0.60754,0.3188,0.04505,0.3292,0.40748,0.25095,0.47165,0.11218,0.32292,0.22198,0.35668,0.08549,0.19839,0.08403,0.72876,0.37673,0.30988,0.17877,0.19932,0.20591,0.25658,0.11937,0.55906,0.50965,0.2139,0.17867,0.48919,0.24232,0.12103,0.46466,-0.01736,0.07895,0.384,0.11158,0.40235,0.32748,-0.00659,0.62201,-0.05636,0.49779,0.34112,0.29587,0.40799,0.11024,0.22079,0.42616,0.19669,0.02064,0.17382,0.29096,0.10825,0.19621,0.28974,0.06342,0.33499,0.51959,0.1176,0.30984,0.52487,0.21033,0.26373,0.42776,0.2909,0.38645,0.0569,0.07794,0.40173,0.09268,0.39516,0.19086,0.14941,0.31486,0.04993,-0.03286,0.20119,0.13498,0.46857,0.14453,0.16123,-0.01329,0.22486,0.26565,0.36633,0.12969,-0.05245,0.17051,0.17814,0.14665,0.18644,0.41793,0.22536,0.3987,0.5387,0.07307,0.5051,0.1301,0.1868,0.31482,0.40669,0.19941,0.09304,0.29243,0.44741,-0.08492,0.11507,0.38311,0.24568,0.51356,0.26751,0.36521,0.19194,0.24705,0.27164,0.2629,0.09053,0.21383,0.5494,-0.01285,0.62626,0.11713,0.23786,0.19186,0.50703,0.18075,0.4236,0.05877,0.36896,0.66299,0.05132,0.55047,0.21608,0.1818,0.34777,-0.00283,0.05502,0.15483,0.77752,0.0873,0.12027,0.17631,0.18192,0.04914,0.11578,0.20146,0.04803,-0.04901,0.07033,-0.01551,0.24261,0.27685,0.05031,0.33162,0.18299,0.34557,0.17271,0.35793,0.11169,0.2963,4e-05,0.01346,0.52848,0.46408,0.20158,0.00324,0.34436,0.6626,0.2079,0.2156,0.28966,0.16805,0.45233,0.54217,0.35843,0.62642,-0.00904,0.43354,0.15691,0.16877,0.01522,0.06436,0.13629,0.12868,0.12798,0.19516,0.56438,0.18908,0.2517,0.05463,0.22101,0.08717,0.37887,0.02645,0.5612,0.00384,0.49248,0.3708,0.1313,0.45366,0.40949,0.18123,0.39859,0.24505
195,train,0,Normal,0.22115,0.00525,0.48412,0.49173,0.46271,0.48122,0.14162,0.62507,0.34667,0.63428,0.26591,0.37449,0.06859,0.17175,0.57653,0.21361,0.05752,0.09336,0.21337,0.12675,0.38178,0.24524,0.37999,0.1489,0.17686,0.3084,0.45292,0.22254,0.5247,0.13287,0.89057,0.57147,0.07064,0.28066,0.1526,0.5381,0.62039,0.64331,0.00909,0.20207,0.7381,0.07221,0.21085,-0.04318,0.26476,-0.00552,0.12112,0.15484,0.21649,0.44529,0.6367,0.14199,0.16961,0.1765,0.38123,0.49007,0.04687,0.27155,0.33764,0.22634,0.40538,0.25986,0.26291,0.44823,0.37715,0.28992,0.26901,0.0889,0.72832,0.79971,0.35223,0.14402,0.3902,0.31308,0.38085,0.25645,0.81933,0.50117,0.21724,0.28646,0.49101,0.68441,0.01927,0.75874,0.08971,0.06289,0.62272,0.20849,0.39719,0.32987,0.01857,0.69983,0.09893,0.29357,0.24403,0.22037,0.45302,0.07136,0.50473,0.43082,0.20414,0.20666,0.2226,0.29702,0.09924,0.28952,0.3664,0.04394,0.35609,0.86554,0.23498,0.2835,0.45629,0.21954,0.2206,0.23255,0.42429,0.32984,0.26065,0.0516,0.60513,0.06854,0.42806,0.18758,0.46226,0.17346,0.03857,-0.04847,0.15583,0.16855,0.66345,0.23251,0.14665,-0.02471,0.19935,0.09025,0.23463,0.1098,-0.03037,0.12417,0.43455,0.07259,0.31269,0.34041,0.2986,0.38657,0.43242,0.00794,0.26202,0.15746,0.01854,0.37371,0.48938,0.0536,0.11922,0.44949,0.36066,-0.09722,0.18574,0.13107,0.3037,0.59576,0.3594,0.22227,0.30053,0.32024,0.37973,0.34696,0.16722,0.09154,0.8355,0.0656,0.80291,0.08305,0.39437,0.18348,0.40873,0.09165,1.04403,0.06548,0.52569,0.62921,0.26386,0.32146,0.18981,0.29106,0.4834,0.02272,0.10353,0.22826,0.8789,0.07569,0.46051,0.42484,0.2335,0.09596,0.22496,0.23079,0.14434,0.09333,0.03917,0.03521,0.3319,0.23125,0.23177,0.34269,0.4078,0.23845,0.07069,0.62421,0.06623,0.42433,0.07622,0.05194,0.86625,0.60863,0.15635,0.13339,0.58479,0.97398,0.15114,0.16018,0.1378,0.24008,0.39331,0.53388,0.34114,0.92005,0.12282,0.46109,-0.00062,0.04167,-0.02785,0.11117,0.19632,0.11852,0.29303,0.21338,0.40649,0.37751,0.19142,-0.00631,0.37891,0.10931,0.38028,0.06547,1.02713,0.1516,0.76067,0.17085,0.10171,0.56447,0.4982,0.21657,0.25712,0.19608
126,train,0,Normal,0.21291,0.1354,0.50354,0.51937,0.52603,0.359,0.17272,0.54656,0.34551,0.65419,0.16714,0.4941,0.04572,0.11007,0.31858,0.17848,0.13754,0.04082,0.26258,0.13794,0.41805,0.21491,0.22743,0.20329,0.35434,0.23348,0.48098,0.39894,0.42137,0.05895,0.96148,0.42629,0.02507,0.36216,0.19075,0.47797,0.54174,0.67832,0.06498,0.17449,0.45334,0.1367,0.17302,0.02646,0.43672,-0.00823,0.38565,0.12432,0.15332,0.48929,0.47544,0.08738,0.11738,0.38754,0.43415,0.38109,0.05464,0.15157,0.25648,0.20081,0.53318,0.21232,0.59182,0.45956,0.39695,0.22435,0.29453,0.19259,0.93757,0.71977,0.25063,0.2736,0.33549,0.35416,0.70349,0.41025,0.61352,0.73216,0.2253,0.42272,0.5308,0.43767,0.09494,0.53513,0.03805,0.09789,0.47172,0.22015,0.39395,0.39348,-0.06092,0.62459,0.05459,0.2673,0.3645,0.41121,0.55071,0.02382,0.4813,0.60705,0.12754,0.36142,0.42543,0.65733,0.08271,0.40422,0.32843,0.33465,0.34745,0.57443,0.17023,0.2986,0.53206,0.47234,0.47095,0.19793,0.37829,0.39967,0.27886,0.37513,0.55799,0.08775,0.31853,0.38381,0.41327,0.24798,0.04878,-0.06306,0.08266,0.19601,0.66668,0.24829,0.23113,-0.02665,0.2138,0.15932,0.25513,0.13489,0.09741,0.3468,0.41106,0.2132,0.42444,0.34928,0.5869,0.59677,0.54471,0.00699,0.33883,0.12629,0.20971,0.55192,0.4281,0.25964,0.04493,0.4592,0.32821,-0.05218,0.28889,0.26799,0.38861,0.3473,0.25013,0.15039,0.2806,0.17062,0.27767,0.36682,0.04598,0.03189,0.80599,0.11765,0.63461,0.19232,0.51962,0.10138,0.5119,0.13483,0.71355,0.03355,0.32131,0.70393,0.24449,0.37912,0.24546,0.22572,0.46298,0.20978,0.01154,0.30119,0.57769,0.09158,0.51543,0.37482,0.24379,0.23886,0.17128,0.29973,0.09776,0.03513,-0.01016,-0.04822,0.61484,0.15187,0.06846,0.27375,0.73104,0.39592,0.20604,0.49081,0.15675,0.25409,0.04498,0.00376,0.62892,0.68463,0.1701,0.12669,0.45543,0.8263,0.11255,0.46301,0.25767,0.42904,0.38943,0.38441,0.32709,0.86846,0.21289,0.53852,0.14178,0.24236,0.01021,0.29238,0.03746,0.12839,0.40065,0.245,0.52766,0.30003,0.20091,0.15047,0.3137,0.21355,0.52982,0.08433,0.84594,0.17558,0.56582,0.23269,0.29341,0.44992,0.35289,0.12257,0.22011,0.21989
194,train,0,Normal,0.4116,-0.06546,0.28061,0.71915,0.54721,0.56026,0.05634,0.60225,0.33959,0.72699,0.25694,0.42554,0.0443,0.13268,0.55713,0.18479,0.03864,0.03761,0.23621,0.06822,0.50156,0.24361,0.36364,0.18005,0.14772,0.20906,0.50869,0.24387,0.43309,0.11519,0.93586,0.65154,0.19603,0.26184,0.2274,0.53899,0.82349,0.69333,0.03342,0.08851,0.94248,0.02427,0.22214,-0.05329,0.26114,0.04923,-0.00393,0.14423,0.25942,0.42325,0.71112,0.25614,0.12028,0.22879,0.45951,0.58824,0.00128,0.27301,0.38318,0.17801,0.46916,0.22917,0.29178,0.4468,0.38373,0.07683,0.14985,0.14057,0.7815,0.76913,0.37217,0.08699,0.32249,0.29753,0.30594,0.24616,0.79884,0.64947,0.22066,0.14763,0.41948,0.60222,-0.01369,0.78977,-0.02228,0.16044,0.69461,0.00088,0.44711,0.37097,0.06365,0.94299,0.05751,0.3534,0.3358,0.15528,0.46458,0.23617,0.55982,0.49449,0.12923,0.04181,0.16691,0.22427,0.13659,0.29217,0.25989,0.01817,0.38732,0.87409,0.22923,0.36152,0.46073,0.24803,0.30187,0.32472,0.61291,0.37344,0.22239,-0.00584,0.67432,0.0975,0.40182,0.24742,0.46343,0.20973,0.11076,0.01301,0.25666,0.21699,0.54646,0.17017,0.18591,-0.02625,0.14196,0.12152,0.38616,0.0852,-0.0606,0.20003,0.20487,0.18683,0.37217,0.57997,0.24587,0.35976,0.49445,0.10339,0.38784,0.07765,0.07978,0.46991,0.47172,0.06815,0.18256,0.499,0.46977,-0.09377,0.22034,0.20688,0.34205,0.65138,0.38705,0.33341,0.24426,0.27159,0.35163,0.29834,0.29127,0.32584,0.84076,0.05051,0.6958,0.0183,0.26199,0.18226,0.48017,0.13027,0.96246,0.0805,0.58412,0.73201,0.16866,0.35291,0.21894,0.17775,0.33785,0.04716,0.06007,0.41358,1.01283,0.21729,0.05096,0.27575,0.17968,0.06695,0.31586,0.22534,0.059,0.09794,0.27497,-0.01795,0.34896,0.20438,0.26453,0.56645,0.26926,0.30794,0.08914,0.6543,0.15375,0.42411,-0.01983,0.12779,0.78731,0.68111,0.17294,0.05115,0.74123,1.08592,0.24144,0.23478,0.21096,0.20357,0.44528,0.48295,0.59081,0.93266,-0.02079,0.38676,-0.0216,0.01689,-0.06279,0.08257,0.18596,0.13063,0.14241,0.21612,0.48319,0.27403,0.24894,-0.05061,0.43594,0.11769,0.50377,0.06738,0.96566,0.09596,0.81425,0.1283,0.07667,0.61177,0.51276,0.21026,0.44662,0.25537
044,train,1,Hemorrhage,1.01974,0.75889,0.10425,0.1528,0.19517,0.67955,0.70458,0.35119,0.62259,0.49072,0.37974,0.67087,0.55086,0.45028,0.73262,0.74944,0.53737,0.65182,0.12577,0.87963,0.55825,0.11998,0.4897,0.87025,0.27336,0.32763,0.70714,0.30588,0.16935,0.82325,0.17788,0.24277,0.37899,0.38787,0.20259,0.1186,0.16455,0.4589,0.77037,0.51739,0.38229,0.31269,0.10108,0.49244,0.78969,0.84541,0.21287,0.43127,0.6643,0.56632,0.2003,0.71682,0.4652,0.66923,0.36225,0.19487,0.50538,0.88606,1.00192,0.45422,0.70001,0.15314,0.58258,0.10006,0.26771,0.20383,0.58687,0.8815,0.32878,0.00061,0.46872,0.35892,0.45958,0.50793,0.50183,0.10806,0.25362,0.4172,0.58974,0.45327,0.61929,0.10023,0.48143,0.04468,1.13658,0.51735,0.09454,1.03266,0.25917,0.43243,0.44268,0.27824,0.34995,0.36935,0.16543,0.49808,0.23585,0.47132,0.25185,0.34845,0.30039,0.11725,0.56917,0.43842,0.23207,0.41268,0.65409,0.42844,0.32458,0.72334,0.32899,0.91275,0.27794,0.66037,0.53081,0.55475,0.15806,0.25969,0.42145,1.01156,0.14093,0.42195,0.85524,0.72993,0.2101,0.50662,1.01548,0.82582,0.53586,0.57474,0.32651,0.53797,1.12442,0.50554,0.57218,1.15493,0.54966,0.14977,0.90594,0.42805,1.01022,0.7163,0.28816,0.31639,0.4086,0.39366,0.45455,0.81547,0.3003,0.78144,0.52977,0.29993,0.02375,0.3618,1.29736,1.28819,0.53835,0.47995,0.61745,0.25622,0.42246,0.53095,0.15414,0.3619,0.4535,0.36679,0.12755,0.85222,0.97806,1.05052,0.23041,0.25866,0.247,0.55878,0.34632,1.5673,0.46762,0.4848,0.16627,0.78754,0.60434,0.23871,0.4715,0.41205,0.51587,0.09732,0.50106,0.9376,0.53636,0.92978,0.18059,0.76307,0.32573,0.31355,0.24988,0.46094,0.47178,0.54645,0.44181,0.35344,0.73439,1.05282,0.49908,0.45753,0.32277,0.64707,0.23553,0.57669,0.55777,0.10683,0.60962,0.33363,0.6838,1.13861,0.09045,0.36288,0.67334,1.08451,0.23063,0.15051,0.3343,0.53156,0.22407,0.3633,0.15995,0.23252,0.34587,0.43593,0.60793,0.0405,0.59391,0.55529,0.4709,0.41187,0.79826,0.38586,0.81006,0.34558,0.4481,0.44481,0.36056,0.72729,0.28519,0.30109,1.03012,1.16316,0.11549,0.67124,0.1502,0.16001,0.70349,0.10006,0.24263,0.43309,0.77387,0.49962
014,train,1,Hemorrhage,0.88196,1.36901,0.34995,0.3813,0.052,0.19419,1.2006,0.21946,0.61708,0.39883,0.64392,0.57496,1.06417,0.6582,0.09914,1.11263,0.74986,0.77961,0.03007,1.02231,0.39216,0.56388,0.32999,1.64579,0.30297,0.28804,0.49834,0.42019,0.51652,1.20481,0.12488,0.04491,0.75001,0.18358,0.26879,0.51867,0.09044,0.2545,1.17022,0.70668,0.15927,0.46489,0.32293,1.17429,0.70431,1.50362,0.20813,0.80078,0.98747,0.5515,0.06902,1.07019,0.5001,0.60396,0.4856,0.8434,0.88893,0.91256,0.37667,0.92464,0.89034,0.3623,0.28707,0.43516,0.3848,0.45516,0.9089,1.06518,0.11298,0.17188,0.7826,0.57969,0.76685,0.44319,0.30079,0.15595,0.71163,0.38207,1.26776,0.18726,0.38443,0.39488,0.40692,0.06494,1.77779,0.05847,0.05554,1.20328,0.30755,0.43695,0.82065,0.33225,0.92864,0.77641,0.25866,0.6557,0.54824,0.7093,0.72077,0.32832,0.25047,0.99597,0.56845,0.52136,0.20923,0.26493,0.76468,0.81669,0.04787,0.30649,0.31118,0.73322,0.16094,0.54549,0.31512,0.67556,0.46028,0.34171,0.69648,0.60563,0.31619,0.4046,1.16022,0.15751,0.38965,0.95877,1.63761,1.60166,0.51456,0.82895,0.3776,0.38461,0.94764,1.22589,0.38207,1.07924,0.44497,0.47932,0.89528,0.88067,0.76011,1.04984,0.52343,0.72185,1.25954,0.14817,0.29336,1.08251,0.168,1.43239,0.47178,0.22073,0.19074,0.69689,1.55477,0.63141,0.54471,0.87338,0.49571,0.20179,0.21093,0.39493,0.02528,0.14118,0.51012,0.38373,0.29559,0.79853,1.10833,1.88427,0.33498,0.43182,0.04783,0.75371,0.15986,1.41052,0.23116,0.74953,0.38907,1.16626,0.631,0.06887,0.40168,0.10906,0.70353,0.13534,0.25542,0.98989,0.51409,1.38922,0.17034,0.48309,0.08154,0.48702,0.4262,0.85735,0.1023,0.68238,0.99075,0.91192,0.96545,1.70863,0.24842,0.38587,1.09957,0.54444,0.25064,0.74317,0.70494,0.22963,1.12434,0.46426,0.90783,1.65379,0.28037,0.07731,0.90331,1.62086,0.60196,0.17794,0.50547,0.5059,0.69375,0.12283,0.28909,0.0829,0.23647,0.20974,1.36125,-0.03001,1.06509,0.80074,1.15828,0.34134,1.1668,1.11533,0.26354,0.24217,0.38524,0.26187,0.18311,1.22882,0.64372,0.40416,1.17916,2.17159,0.28298,0.85148,0.30335,1.18231,0.62986,0.22371,0.6509,0.55098,0.25281,0.45756
168,train,0,Normal,0.22584,0.07675,0.28732,1.19454,1.06085,0.51478,-0.0604,0.57101,0.18292,0.68194,0.23084,0.40436,-0.00521,-0.064,0.37443,0.57392,0.00993,0.03231,0.25862,-0.0942,0.5078,0.13385,0.39604,0.05589,0.15394,0.11072,0.4923,0.18984,0.14707,0.15975,0.91736,0.68309,0.12114,0.22663,0.16864,0.33593,0.83736,1.01615,0.13422,0.13906,0.64674,0.06522,0.30603,0.10483,0.2385,0.00531,-0.04986,-0.03139,0.19226,0.26918,0.55039,0.10501,0.2385,0.34507,0.30959,0.58307,-0.02157,0.23963,0.34917,0.03624,0.45975,0.15357,0.57683,0.18837,0.47108,0.23369,0.2779,0.06191,0.74292,0.59551,0.26135,0.19614,0.20024,0.14834,0.38498,0.15169,0.86267,0.64688,0.11756,0.09842,0.40497,0.35551,0.07962,0.87133,-0.0838,0.00614,0.30868,0.0872,0.55574,0.40421,0.03307,0.70946,-0.06426,0.45671,0.12712,0.10061,0.50147,0.15189,0.5508,0.43234,0.38764,-0.06613,0.23881,0.39057,0.01562,0.0468,0.12929,0.08441,0.28791,0.80751,0.14864,0.31165,0.33931,0.45661,0.28203,0.34973,0.64622,0.35353,0.08651,0.08129,0.71552,0.06746,0.30439,0.30019,0.10366,0.24464,0.02259,-0.07981,-0.01658,0.0471,0.54748,0.04855,0.17743,0.017,0.09174,0.08119,0.50355,0.07598,-0.06842,0.25502,0.29748,0.28544,0.4462,0.60145,0.30561,0.42812,0.59344,-8e-05,0.24547,-0.02839,0.04328,0.59888,0.68453,0.21697,0.08597,0.44359,0.77665,-0.11203,0.39733,0.42051,0.09253,1.06343,0.48537,0.39838,0.27519,0.09428,0.32698,0.19841,0.15634,0.0805,0.69665,-0.04874,0.89497,-0.01073,0.56788,0.06512,0.4625,0.30367,0.86533,0.0129,0.11016,0.73564,0.08498,0.61736,0.17916,0.00353,0.48389,0.05449,-0.00962,0.23357,1.20059,0.03646,0.08102,0.12028,0.12524,0.06658,0.30911,0.18169,-0.05142,0.01591,0.27428,-0.07276,0.35906,0.27694,0.19833,0.72866,0.5301,0.17327,0.03682,0.3033,0.09831,0.27431,-0.02819,-0.06039,0.68377,0.42787,0.16328,-0.08189,0.8863,1.38079,0.39648,0.31128,0.15477,0.16922,0.86546,0.34525,0.3279,0.66694,-0.01457,0.39715,0.03067,0.03436,0.00049,0.11795,0.13332,0.0454,0.1837,0.21341,0.47612,0.23941,0.16403,-0.0453,0.19149,0.10659,0.43259,0.00512,1.18945,0.25295,0.52846,0.14672,0.23588,0.87692,0.51799,0.01186,0.47324,0.1298
161,train,0,Normal,0.09531,0.16841,0.68821,0.7368,0.49581,0.10686,0.11761,0.59912,0.18798,0.59395,0.17956,0.2648,0.03457,0.15165,0.24151,0.41919,0.0694,0.05114,0.2715,0.01214,0.51735,0.48178,0.4529,0.17524,0.11245,0.2997,0.40053,0.23948,0.53903,0.22705,0.98342,0.64232,0.00239,0.20542,0.13383,0.53938,0.63273,0.69356,0.20073,0.21499,0.53137,0.21351,0.26456,0.1333,0.0312,0.11449,0.08971,0.07373,0.2146,0.38549,0.55977,0.15693,0.08394,0.19446,0.40403,0.43361,0.03089,0.32432,0.27351,0.14606,0.51827,0.19413,0.2275,0.39378,0.32252,0.31973,0.12349,0.11207,0.85387,0.79812,0.22325,0.38825,0.19896,0.28682,0.46263,0.22966,0.83039,0.50662,0.28652,0.14254,0.55972,0.63399,0.12373,0.91962,0.12895,-0.01325,0.64037,0.12722,0.38821,0.19297,0.06231,0.89191,0.13231,0.3345,0.29305,0.28843,0.41236,0.14281,0.67303,0.38747,0.09487,0.1429,0.44864,0.3823,0.0982,0.11535,0.24381,0.11227,0.34154,0.66743,0.30756,0.18761,0.3921,0.41984,0.22096,0.30871,0.68922,0.45142,0.26103,0.07622,0.63355,0.14236,0.44675,0.13738,0.4966,0.14599,0.04108,0.02824,0.08009,0.17845,0.6701,0.06442,0.1486,0.09126,0.20371,0.02088,0.30015,0.14805,0.05064,0.34149,0.25678,0.1718,0.44145,0.39817,0.37223,0.20847,0.62091,0.02284,0.27084,0.23977,-0.02016,0.60445,0.4769,0.16491,0.02084,0.26934,0.33294,-0.0109,0.17334,0.26242,0.24651,0.56441,0.46165,0.2216,0.3883,0.24513,0.24836,0.32044,0.03701,0.17362,0.85499,0.16875,0.89333,0.11325,0.4462,0.05701,0.38882,0.30998,1.13358,0.06976,0.27891,0.54245,0.31409,0.36499,0.2681,0.30391,0.40257,0.09429,0.10747,0.12576,0.84194,0.0675,0.16966,0.43049,0.24763,0.08979,0.17295,0.31271,0.08183,0.06714,0.1757,0.004,0.28234,0.21286,0.14338,0.28061,0.30739,0.23132,0.13663,0.71991,0.34132,0.35577,0.02992,0.08563,0.85268,0.57553,0.28255,0.02312,0.66707,1.07624,0.21469,0.1652,0.14766,0.15478,0.47393,0.42654,0.39829,0.80665,0.16055,0.43679,0.1925,0.11541,0.06585,0.07042,0.09025,0.18517,0.09046,0.24736,0.42323,0.35908,0.17569,0.1338,0.39092,0.1552,0.29887,0.10039,1.26062,0.16055,0.85804,0.15664,0.31888,0.76236,0.42346,0.19842,0.28256,0.18608
079,train,1,Hemorrhage,0.51156,0.698,0.3469,0.42054,0.0308,0.26103,0.48933,0.21607,0.10272,0.19418,0.40294,0.1712,0.45537,0.4685,0.38723,0.55407,0.2388,0.29807,0.18888,0.41854,0.1804,0.22741,0.1129,0.30937,0.34952,0.64056,0.2675,0.49782,0.39633,0.751,0.10937,0.09715,0.22916,0.08944,0.17171,0.33201,0.08741,0.20801,0.47308,0.50024,0.21684,0.25092,0.38898,0.56621,0.45441,0.56069,0.11205,0.18218,0.43818,0.42946,0.24665,0.50971,0.32729,0.29768,0.14423,0.22169,0.26569,0.62282,0.23777,0.43452,0.39228,0.25475,0.35677,0.33204,0.26365,0.57566,0.35485,0.48568,0.11622,0.25807,0.24774,0.48688,0.39509,0.45125,0.35443,0.28755,0.22877,0.26953,0.61799,0.3681,0.72475,0.43292,0.20923,0.20912,0.74855,0.2492,0.06691,0.60708,0.24367,0.19745,0.51479,0.30954,0.69252,0.01941,0.2704,0.4359,0.18268,0.4901,0.42607,0.18446,0.33095,0.40936,0.55752,0.57223,0.24813,0.11872,0.47827,0.1792,0.07385,0.44539,0.34179,0.34299,0.21487,0.27719,0.2881,0.38703,0.34645,0.15229,0.08476,0.57411,0.17089,0.42527,0.52689,0.34498,0.4908,0.26528,0.50871,0.66112,0.35017,0.30844,0.30664,0.14976,0.52228,0.57153,0.2965,0.51767,0.18623,0.2101,0.63405,0.63048,0.57865,0.21753,0.34892,0.2087,0.3643,0.19197,0.13589,0.41515,0.05059,0.61069,0.26108,0.3497,0.27897,0.32722,0.65517,0.38865,0.37537,0.49931,0.3453,0.24094,0.26348,0.4137,0.05257,0.14802,0.43497,0.30684,0.21684,0.57066,0.34605,0.61256,0.31045,0.28856,0.21093,0.61391,0.4606,0.63291,0.24685,0.65459,0.56649,0.50815,0.38881,0.25279,0.65336,0.22889,0.23936,0.42552,0.45438,0.42954,0.47385,0.57216,0.26773,0.21428,0.45896,0.53083,0.35795,0.46133,0.22594,0.48056,0.44904,0.27901,0.48124,0.79957,0.3987,0.14139,0.17257,0.32958,0.41771,0.26897,0.41866,0.23552,0.35708,0.53075,0.46472,0.49763,0.36299,0.12714,0.27768,0.63704,0.31824,0.15714,0.31365,0.34606,0.25799,0.29619,0.36151,0.19783,0.20782,0.10132,0.40829,0.04019,0.66208,0.52285,0.35804,0.277,0.17537,0.30233,0.20156,0.41549,0.28898,0.19285,0.45318,0.3999,0.45169,0.40428,0.34453,0.88295,0.40967,0.67019,0.2423,0.07463,0.56133,0.15973,0.27307,0.33796,0.28036,0.38079
099,train,1,Hemorrhage,0.66137,0.69085,0.50333,0.54719,0.19853,0.20187,1.03905,0.25483,0.58112,0.23569,0.75775,0.53184,0.70998,0.60457,0.20788,0.69273,0.55398,0.48615,0.14368,0.75207,0.36507,0.2591,0.55845,0.50396,0.26083,0.61293,0.43242,0.57791,0.60124,1.1101,0.14231,0.25455,0.25934,0.19178,0.29182,0.72965,0.36453,0.29879,0.64147,0.46053,0.44363,0.18254,0.32493,0.53759,0.69394,0.83735,0.18281,0.42903,0.41357,0.61036,0.13521,1.23127,0.18811,0.16646,0.18473,0.40384,1.24291,0.82239,0.8092,0.73958,0.89696,0.22191,0.15082,0.16289,0.44396,0.31516,0.522,0.63271,0.13719,0.23446,0.83144,0.23912,0.21793,0.44304,0.14237,0.23409,0.32103,0.27267,0.59409,0.18881,0.36079,0.67041,0.28533,0.45181,1.40154,0.16214,0.31407,1.00592,0.50388,0.4075,0.5704,0.71557,0.59774,0.17033,0.20856,0.55557,0.29745,0.78165,0.47659,0.23133,0.33136,0.66616,0.39248,0.2225,0.30351,0.34066,0.43592,0.40963,0.10661,0.40665,0.20886,0.71449,0.10019,0.60769,0.50603,0.8723,0.51463,0.17083,0.50826,0.85011,0.25422,0.21668,0.71864,0.20511,0.66194,0.65463,1.18031,0.76552,0.45759,0.7974,0.45266,0.24518,0.57559,0.50737,0.2475,0.88516,0.60492,0.16634,0.83064,0.55956,0.18856,0.47551,0.35904,0.86436,0.41385,0.35015,0.44486,0.75877,0.378,1.02857,0.44529,0.08655,0.44187,0.33271,1.49938,0.63841,0.5056,1.14894,0.38258,0.3252,0.25629,0.97493,0.3734,0.36367,0.32099,0.41865,0.41194,0.91273,0.74927,0.92207,0.8892,0.27023,0.71223,0.9015,0.52261,1.1628,0.27362,0.6498,0.43252,1.00294,0.50563,0.25556,0.15697,0.32417,0.47773,0.21285,0.43309,0.43219,0.87036,0.71867,0.64556,0.31607,0.28044,0.96861,0.35191,0.57366,0.18637,0.56106,0.36639,0.48992,0.96807,1.11107,0.04661,0.21682,0.70885,0.58586,0.13366,0.29714,0.79045,0.53335,0.67779,0.68279,0.88459,0.79474,0.24913,0.18011,0.50633,0.78884,0.66657,0.46019,0.60454,0.15533,0.50349,0.18325,0.49191,0.26278,0.28031,0.31683,0.72703,0.18864,0.82141,0.71258,0.63191,0.15407,0.8152,0.62582,0.36441,0.21426,0.29368,0.06656,0.1356,0.92106,0.91393,0.23276,0.48256,1.03048,0.3277,0.57967,0.5638,0.39904,0.4552,0.5331,0.42212,0.33946,0.358,0.63152
117,train,0,Normal,0.11931,0.02168,0.51411,0.49911,0.43975,0.22268,0.0651,0.65845,0.22388,0.58895,0.28793,0.25607,0.11094,0.18965,0.36134,0.30341,0.17978,0.10634,0.15701,0.02631,0.33255,0.28654,0.33105,0.19992,0.17201,0.33304,0.28859,0.32744,0.55673,0.17552,0.68588,0.42803,0.04426,0.30819,0.18356,0.72526,0.67445,0.64731,0.15814,0.14257,0.63233,0.01932,0.38205,0.15039,0.1756,0.0544,0.11582,0.08955,0.18815,0.49282,0.72123,0.19783,0.15727,0.07967,0.35533,0.46355,0.10847,0.34556,0.14079,0.08081,0.45902,0.21729,0.19882,0.38845,0.38203,0.19355,0.15405,0.03356,0.5961,0.87841,0.29119,0.20477,0.2331,0.43504,0.38009,0.32189,0.89747,0.53006,0.1512,0.21794,0.37792,0.58903,0.10624,0.76987,-0.0081,-0.01844,0.71057,0.08146,0.37064,0.24633,-0.04696,0.88872,0.13922,0.26378,0.30968,0.34608,0.54912,0.20583,0.69215,0.46535,0.08485,0.36801,0.26202,0.25406,0.06648,0.02234,0.11415,0.08744,0.27332,0.82858,0.30563,0.41452,0.28145,0.30018,0.13715,0.29022,0.6717,0.35229,0.37821,0.06333,0.66749,0.11247,0.28938,0.11188,0.57227,0.0726,0.00955,-0.00204,0.13476,0.14497,0.79002,0.30615,0.10182,0.02948,0.33734,0.09934,0.35942,0.11986,0.08358,0.20862,0.18954,0.164,0.4585,0.36674,0.31985,0.38827,0.33975,0.04549,0.23255,0.18168,0.08548,0.48325,0.42074,0.13481,0.0618,0.24036,0.32339,-0.02848,0.23525,0.28296,0.67858,0.63155,0.33472,0.28551,0.15078,0.26696,0.2758,0.22502,0.22134,0.13239,1.0825,0.21972,0.80576,0.10333,0.48878,-0.00385,0.2714,0.22105,1.13409,0.10493,0.68425,0.56545,0.16162,0.56952,0.1835,0.35128,0.47516,0.08434,0.00625,0.27037,0.84732,0.08334,0.31296,0.38004,0.2699,0.08849,0.2268,0.42721,0.16861,0.10035,0.15266,0.10867,0.22797,0.17382,0.14589,0.36023,0.27512,0.40832,0.143,0.67632,0.1731,0.4764,0.00919,0.03938,0.96082,0.45259,0.13175,-0.0412,0.7608,1.1495,0.27529,0.22862,0.1965,0.22239,0.41044,0.50453,0.39736,1.0646,0.04993,0.29899,0.15148,0.2306,0.06928,0.12568,0.19954,0.17359,0.16401,0.33231,0.43017,0.21988,0.14683,0.21534,0.39156,0.00122,0.34909,0.09628,1.24221,0.19995,0.8381,0.17828,0.28977,0.52222,0.43034,0.20594,0.21695,0.17095
002,train,1,Hemorrhage,0.40953,0.12571,0.10185,0.67383,0.58151,0.85595,0.10048,0.39709,0.30832,0.6543,0.227,0.42176,0.16018,0.09468,0.76718,0.21961,0.0571,0.18564,0.1874,0.26725,0.24138,0.0442,0.31936,0.19604,0.16856,0.27359,0.49639,0.25336,0.24744,0.11582,0.93488,0.53595,0.16164,0.40967,0.25521,0.27915,0.63108,0.75488,0.07214,0.15583,0.43639,0.10708,0.18258,0.00739,0.44277,0.07237,0.07031,0.06174,0.33522,0.31723,0.38399,0.24339,0.23547,0.39212,0.33326,0.24723,0.14349,0.30325,0.4461,0.27057,0.47752,0.09846,0.32336,0.16191,0.37064,0.11531,0.29636,0.16652,0.53173,0.1704,0.47149,0.19733,0.5348,0.37826,0.35338,0.15058,0.35808,0.50203,0.27813,0.12608,0.43112,0.15483,0.12169,0.45256,0.09058,0.25001,0.29973,0.29497,0.51761,0.37483,0.07714,0.41589,0.01501,0.39182,0.17651,0.15318,0.36217,0.08154,0.127,0.4063,0.3312,0.05837,0.35964,0.09526,0.14543,0.36038,0.37007,0.12267,0.42409,0.38732,0.086,0.39983,0.47125,0.2382,0.30724,0.42775,0.22727,0.39685,0.17346,0.10302,0.34759,0.11887,0.51159,0.40574,0.31173,0.31728,0.04993,-0.02658,0.27291,0.16086,0.2698,0.14745,0.36708,-0.02986,0.28352,0.22299,0.30714,0.14355,0.00566,0.24178,0.40839,0.1174,0.20109,0.31734,0.186,0.51687,0.57799,0.01324,0.20207,0.16101,0.32056,0.41899,0.36539,0.06542,0.25515,0.60421,0.4132,-0.07735,0.56933,0.1749,0.30406,0.53136,0.26617,0.44913,0.23845,0.39582,0.30272,0.38973,0.2512,0.26541,0.55337,0.01194,0.57738,0.08545,0.30584,0.39754,0.5336,0.11315,0.39358,0.16396,0.25582,0.64905,0.16267,0.6374,0.20274,0.13924,0.33026,0.23981,0.08722,0.33017,0.77252,0.09446,0.31151,0.20521,0.18183,0.17911,0.44627,0.07893,0.02034,0.0196,0.11431,0.12549,0.39247,0.28693,0.10715,0.44631,0.32965,0.35385,0.12435,0.38603,0.17552,0.27994,0.02666,0.17536,0.34532,0.64237,0.34522,0.07333,0.36455,0.54809,0.21305,0.31599,0.12189,0.19059,0.44777,0.31188,0.39674,0.61225,0.12432,0.45379,0.00939,0.11575,0.01449,0.22989,0.31348,0.04186,0.27378,0.10816,0.44369,0.31605,0.29598,0.12995,0.16999,0.17747,0.37894,-0.02216,0.44316,0.11259,0.41049,0.14547,0.2758,0.47201,0.53029,0.17548,0.58442,0.26698
164,train,0,Normal,0.19269,-0.05879,0.21584,0.93748,0.92082,0.84862,-0.00998,0.73741,0.33775,0.69704,0.21503,0.56169,0.1342,-0.06764,0.36964,0.52902,0.27738,0.08696,0.29115,0.02855,0.35147,0.11882,0.37272,0.24787,0.40758,0.02645,0.46,0.41001,0.13662,0.26241,0.88004,0.35789,0.15008,0.28818,0.11178,0.28335,0.61207,1.47229,0.05272,0.11363,0.6969,0.20011,0.35593,0.14414,0.37835,-0.03317,0.01667,-0.05306,0.1005,0.25099,0.52693,0.07762,0.39788,0.38151,0.38985,0.65202,0.10386,0.32573,0.42018,0.04961,0.53783,0.31765,0.55026,0.2771,0.36416,0.3354,0.51442,0.18728,0.53505,0.65018,0.31968,0.23136,0.29555,0.17133,0.46651,0.01745,0.8568,0.63177,0.20007,0.17801,0.362,0.43278,0.11661,0.68851,0.00316,0.05955,0.25033,0.12389,0.55213,0.59916,0.00795,0.62202,-0.02309,0.37503,0.21172,0.16565,0.49196,0.29548,0.42164,0.41377,0.41009,0.03324,0.22489,0.40627,-0.00635,0.11219,0.27247,0.16952,0.23768,0.5613,0.23141,0.4692,0.32737,0.33483,0.21316,0.18783,0.55037,0.59005,0.16947,0.01918,0.81516,0.13417,0.35603,0.16262,0.12888,0.28835,0.02901,-0.03718,0.05237,0.02294,0.57381,0.13125,0.15764,0.01001,0.09431,0.15948,0.438,0.07282,-0.04856,0.16894,0.34746,0.32326,0.33733,0.64091,0.54016,0.47203,0.58797,0.02998,0.19478,0.06223,0.19052,0.67917,0.71281,0.25011,0.00422,0.52215,0.73796,-0.01843,0.35399,0.39318,0.17416,0.79182,0.40124,0.49405,0.15382,0.2482,0.28013,0.16958,0.26152,0.02304,0.45497,0.11305,0.72298,0.0427,0.55789,0.12173,0.4342,0.26997,0.75378,0.05222,0.05573,0.73035,0.15139,0.55568,0.26257,-0.0497,0.58534,0.04182,0.10507,0.27784,0.99955,0.09111,0.23238,0.14794,0.15401,0.19266,0.3192,0.26239,-0.08879,0.18061,0.42526,-0.04213,0.42431,0.24465,0.42059,0.79297,0.62687,0.30499,0.15186,0.14442,0.1975,0.20445,-0.05454,-0.01596,0.67282,0.44895,0.09912,-0.06124,0.72699,1.11438,0.29913,0.28396,0.3325,0.09763,0.71865,0.31136,0.42828,0.70947,0.07951,0.48386,0.17112,0.06641,0.10986,0.1199,0.35713,0.08275,0.23764,0.13276,0.17068,0.06661,0.28868,-0.03352,0.29591,0.13536,0.53748,0.08777,1.16148,0.37958,0.54635,0.26649,0.26115,0.69505,0.51992,0.01513,0.3141,0.08042
149,train,0,Normal,0.18643,0.00161,0.28276,0.74296,0.47458,0.73021,0.0725,0.49131,0.18029,0.49484,0.13289,0.30733,0.1609,0.15503,0.51569,0.17243,-0.02013,0.06299,0.18928,0.33138,0.20971,0.14318,0.4543,0.18494,0.21906,0.22064,0.38075,0.16337,0.28846,0.01989,0.87135,0.59052,0.16779,0.16921,0.22233,0.43631,0.83271,0.76297,0.04249,0.11808,0.63996,0.076,0.16424,-0.01884,0.31572,0.05842,-0.03949,0.06625,0.24752,0.15461,0.50672,0.26821,0.28054,0.13361,0.34517,0.32844,0.03989,0.27143,0.33246,0.14489,0.45897,0.00709,0.32757,0.17981,0.40027,0.10495,0.13782,0.1044,0.54258,0.51394,0.45412,0.07507,0.44421,0.27877,0.27682,0.32476,0.65179,0.40367,0.26249,0.05782,0.25216,0.25108,0.06132,0.60288,-0.05201,0.15013,0.50718,0.15299,0.47516,0.40184,0.01134,0.75911,-0.00462,0.41449,0.10722,0.20085,0.39416,0.14408,0.3409,0.27063,0.2457,0.08675,0.23885,0.10774,0.13369,0.114,0.26536,0.02776,0.38056,0.56689,0.09678,0.19584,0.37889,0.22765,0.14764,0.36876,0.26991,0.29585,0.20306,0.11421,0.59522,0.06088,0.27439,0.23253,0.31617,0.22874,0.03575,-0.02622,0.29606,0.173,0.43411,0.2108,0.06414,-0.05054,0.38496,0.38729,0.34232,0.04447,-0.06647,0.1917,0.24633,0.14373,0.1948,0.38197,0.19146,0.30151,0.37591,0.06571,0.20306,0.12006,0.14855,0.35308,0.54353,0.01207,0.11074,0.50234,0.42961,-0.10078,0.35332,0.05061,0.3664,0.58643,0.42563,0.51711,0.15706,0.37728,0.32468,0.28327,0.08876,0.26814,0.6994,0.09946,0.74509,0.07904,0.38243,0.17236,0.33655,0.13722,0.68471,0.1472,0.41865,0.5212,0.11006,0.49727,0.281,0.22024,0.39531,0.06485,0.00552,0.23543,1.00628,0.0302,0.15554,0.26503,0.29991,0.10541,0.31136,0.18587,0.07079,-0.01717,0.14703,0.0097,0.34618,0.13359,0.08062,0.36427,0.44939,0.41652,0.08748,0.62429,0.07951,0.37023,0.08027,0.00431,0.6167,0.47003,0.23225,0.07876,0.75508,0.82623,0.24287,0.12474,0.15677,0.0154,0.52891,0.50852,0.29108,0.80349,0.07381,0.29701,-0.07546,0.18558,0.01174,0.0754,0.27629,0.04812,0.06905,0.13235,0.38592,0.29597,0.32528,0.06361,0.24518,0.12332,0.39643,0.00596,0.86406,0.19588,0.60751,0.10962,0.15829,0.49525,0.45417,0.13871,0.35423,0.22922
050,train,1,Hemorrhage,0.67825,0.74141,0.17761,0.27529,0.1915,0.28065,0.66198,0.21991,0.35734,0.48117,0.52664,0.6888,0.4132,0.35554,0.51456,0.64844,0.58967,0.68175,0.15416,0.71536,0.46791,0.34673,0.37633,1.04167,0.14406,0.36917,0.54678,0.43906,0.28496,0.97448,0.3111,0.17324,0.31957,0.30893,0.1355,0.36692,0.14652,0.20041,0.80346,0.27942,0.3771,0.32814,0.15917,0.57735,0.68942,0.97135,0.07625,0.46462,0.36912,0.51899,0.18708,0.44919,0.34874,0.58902,0.37643,0.15973,0.61612,1.02675,0.64312,0.71743,0.86112,0.24968,0.66557,0.16083,0.30806,0.21473,0.63313,0.91005,0.31396,0.20074,0.31332,0.64502,0.36269,0.34044,0.38822,0.16388,0.40594,0.28374,0.76656,0.20315,0.59219,0.25218,0.3745,0.12118,1.15359,0.29722,0.06036,0.9548,0.25211,0.32317,0.52899,0.3227,0.35469,0.4839,0.30379,0.46172,0.19775,0.48552,0.44865,0.30857,0.35393,0.43457,0.43826,0.50053,0.29563,0.30292,0.60112,0.43242,0.26399,0.41619,0.38283,0.59813,0.32718,0.70253,0.61224,0.36137,0.28041,0.29486,0.39818,1.01889,0.22604,0.28072,0.91163,0.33724,0.25562,0.4155,1.13409,0.94133,0.34155,0.47248,0.31756,0.22347,0.68615,0.62745,0.27808,1.07798,0.41686,0.27601,0.68708,0.60942,0.64392,0.48612,0.45437,0.49332,0.81623,0.26616,0.29419,0.58175,0.2821,0.91033,0.67028,0.35517,0.08967,0.39639,0.84029,0.7419,0.57135,0.73465,0.39798,0.32058,0.27371,0.49093,0.12898,0.27711,0.43612,0.44422,0.18914,1.16796,0.40949,0.93429,0.2558,0.12706,0.21682,0.6354,0.40009,0.69044,0.30517,0.3218,0.33652,0.47203,0.40905,0.26635,0.4927,0.2656,0.27272,0.11839,0.23777,0.58043,0.7888,0.6537,0.12094,0.53908,0.19305,0.3445,0.35971,0.50086,0.37785,0.74999,0.43872,0.4497,0.50581,1.10468,0.25538,0.3264,0.48008,0.35517,0.26742,0.51809,0.56512,0.28494,0.69516,0.60808,0.82113,0.92705,0.17015,0.28613,0.70079,1.06103,0.31192,0.15844,0.22733,0.43297,0.32775,0.30918,0.07609,0.17857,0.2551,0.1793,0.73536,0.15861,0.97646,0.56844,0.44483,0.34562,0.52508,0.57729,0.40433,0.2888,0.3831,0.38158,0.31984,0.93492,0.43824,0.33392,0.933,1.13925,0.12915,0.51464,0.21975,0.4106,0.46976,0.17263,0.34782,0.41675,0.41262,0.59526
136,train,0,Normal,0.3614,-0.03529,0.37328,0.97412,0.61108,0.37871,0.00034,0.70397,0.3069,0.64118,0.32995,0.37088,0.0601,0.16937,0.52707,0.29966,0.05544,0.14188,0.06248,0.14901,0.60214,0.13609,0.45987,0.23782,0.07636,0.35175,0.40803,0.29422,0.49056,0.08631,0.71562,0.80452,0.05042,0.2076,0.30922,0.67065,0.88965,0.7467,0.08924,0.13708,0.86491,0.02364,0.26072,0.07429,0.16552,0.0437,-0.0008,0.10842,0.1915,0.28423,0.54533,0.33198,0.20652,0.19249,0.26967,0.2971,0.12134,0.25771,0.24067,0.03331,0.50079,0.06823,0.17542,0.14585,0.58741,0.15696,0.23179,-0.01583,0.64234,0.66754,0.52129,0.17846,0.25685,0.4254,0.22704,0.26982,0.80448,0.51465,0.19083,0.11191,0.60103,0.5125,0.17636,0.86532,-0.05513,0.02368,0.50286,0.15603,0.45991,0.41376,0.02753,1.00519,0.08083,0.33731,0.24638,0.31811,0.43052,0.17594,0.6213,0.34834,0.2201,-0.01026,0.24588,0.12694,0.06822,0.03094,0.16559,0.00151,0.30134,0.80023,0.15056,0.35499,0.30898,0.31678,0.10338,0.3943,0.72055,0.40068,0.1998,0.0537,0.68061,0.12743,0.40818,0.19095,0.31299,0.2786,-0.04076,-0.021,0.2827,0.16471,0.70837,0.25775,0.20989,-0.01803,0.26723,0.15619,0.46097,0.12228,-0.07237,0.2555,0.33023,0.25659,0.34018,0.55145,0.13642,0.27787,0.38845,0.09168,0.29004,0.1777,0.04177,0.35991,0.39623,0.18372,0.07788,0.53275,0.51699,-0.08118,0.4179,0.16593,0.25034,0.90211,0.59598,0.4747,0.1563,0.24699,0.31981,0.18108,0.20706,0.27299,1.11477,0.10499,1.00604,0.01227,0.67263,0.14415,0.36303,0.22566,1.08453,0.10902,0.58024,0.38396,0.13388,0.51634,0.14095,0.234,0.38226,0.02152,-0.00638,0.31482,1.2257,0.15138,0.06569,0.18167,0.26472,0.03973,0.40449,0.18863,0.07812,0.12481,0.17807,0.04119,0.19693,0.16077,0.1795,0.54365,0.31223,0.4663,0.12486,0.67399,0.07211,0.26547,0.16803,0.01923,0.81434,0.32395,0.17409,-0.07315,0.87752,1.3244,0.3784,0.19075,0.10504,0.20822,0.69421,0.58661,0.3038,0.90099,-0.06886,0.19289,0.02685,0.10134,-0.02343,0.00921,0.22961,0.06548,0.28089,0.1462,0.36369,0.17629,0.20063,0.17449,0.24161,-0.00865,0.5767,-0.00545,1.16293,0.12989,0.7997,0.1966,0.17106,0.79146,0.4144,0.2804,0.35661,0.18165
170,train,0,Normal,0.1919,0.09118,0.44858,1.12361,1.06125,0.48716,-0.04165,0.68289,0.1955,0.58607,0.16134,0.3719,-0.03414,-0.07698,0.2219,0.55182,-0.0239,0.01454,0.20951,-0.0886,0.46302,0.10672,0.39554,0.0247,0.24164,0.08733,0.46947,0.1861,0.19885,0.17034,0.97974,0.56969,0.06535,0.16253,0.14512,0.30756,0.71259,1.1384,0.07966,0.22586,0.80882,0.1202,0.30762,0.07806,0.2009,0.02523,0.02784,-0.04478,0.18347,0.20632,0.48184,0.08816,0.19853,0.29676,0.36963,0.595,-0.04378,0.24631,0.19492,0.05168,0.39744,0.23723,0.41915,0.27019,0.42922,0.32725,0.38027,0.116,0.72925,0.80494,0.18211,0.15554,0.25087,0.15259,0.38178,0.17669,0.96114,0.72145,0.21593,0.10031,0.24877,0.45672,0.03673,0.8867,-0.02721,-0.00346,0.302,0.10228,0.55779,0.46465,0.04964,0.78407,-0.03785,0.4296,0.10139,0.08182,0.50825,0.24581,0.52536,0.37637,0.42064,-0.07696,0.17727,0.2975,0.02193,0.12054,0.19376,0.0861,0.29483,0.81737,0.16849,0.23566,0.45037,0.37649,0.38725,0.26399,0.54322,0.42902,0.13642,-0.07118,0.88685,0.10241,0.35558,0.21592,0.09761,0.30334,0.07955,-0.08378,0.09239,0.0651,0.49748,-0.03855,0.07708,0.01261,-0.01527,0.07986,0.40177,0.09861,-0.09768,0.22479,0.24955,0.16054,0.45094,0.6331,0.33086,0.32939,0.6105,0.01082,0.22446,0.03257,0.05299,0.53724,0.84366,0.17476,0.04395,0.36925,0.6645,-0.11175,0.25398,0.35941,0.1179,0.92954,0.38708,0.4009,0.29099,0.10749,0.38671,0.1657,0.12839,-0.01672,0.52432,0.04629,0.87789,-0.0212,0.6191,0.08574,0.47478,0.3011,0.95619,-0.03651,0.0062,0.81515,0.1098,0.53771,0.22533,-0.02649,0.50834,0.03643,0.00469,0.28252,1.18234,-0.01152,0.0946,0.20358,0.11853,0.0779,0.21126,0.20995,-0.06094,0.06051,0.32978,-0.0583,0.30141,0.27024,0.23903,0.65352,0.54753,0.10654,0.03297,0.3289,0.04995,0.22802,-0.06524,-0.05436,0.72933,0.42606,0.1954,-0.04555,0.78618,1.26414,0.33089,0.25818,0.21529,0.04126,0.77218,0.20804,0.20945,0.58112,0.0225,0.48564,0.03907,-0.02504,0.02303,0.08558,0.08796,0.07464,0.04542,0.15209,0.53641,0.22408,0.20655,-0.07735,0.29757,0.20133,0.34229,-0.03122,1.26361,0.24398,0.56477,0.11983,0.23041,0.86651,0.55404,-0.01992,0.37514,0.10592
029,train,1,Hemorrhage,0.34272,0.06595,0.22596,0.55833,0.34085,0.32336,0.26321,0.41235,0.28561,0.52732,0.49216,0.50848,0.24197,0.27629,0.49874,0.22275,0.21375,0.2612,0.10105,0.28241,0.55178,0.11452,0.41138,0.23199,0.18822,0.38245,0.42657,0.25212,0.48802,0.30951,0.3576,0.50774,0.13307,0.36745,0.25912,0.60933,0.4626,0.4229,0.12933,0.13265,0.7473,0.03839,0.29665,0.26822,0.30556,0.23153,0.10287,0.13548,0.2105,0.4534,0.44424,0.4645,0.23345,0.14783,0.20581,0.28176,0.40965,0.52877,0.55669,0.23954,0.52644,0.04393,0.15182,0.18757,0.42852,0.21099,0.25605,0.14309,0.25654,0.34946,0.54319,0.11451,0.36472,0.3801,0.22008,0.21118,0.36775,0.25586,0.19689,0.15649,0.70694,0.55173,0.24801,0.51681,0.2978,0.12066,0.37822,0.36126,0.42115,0.36599,0.27602,0.74435,0.24682,0.25384,0.23747,0.43857,0.3365,0.35689,0.40092,0.36107,0.29659,0.18493,0.30079,0.05006,0.3105,0.12315,0.25929,0.10063,0.29767,0.42723,0.32496,0.54098,0.19036,0.27802,0.23786,0.50157,0.6936,0.24132,0.287,0.12135,0.36338,0.13833,0.47323,0.16288,0.5517,0.25157,0.16579,0.20554,0.31744,0.28837,0.51806,0.2895,0.32706,0.1692,0.25374,0.51366,0.47505,0.14832,0.16829,0.26386,0.17809,0.24868,0.17237,0.45197,0.11548,0.44481,0.3575,0.28944,0.25309,0.33187,0.13388,0.16763,0.32549,0.15144,0.49755,0.46527,0.43043,0.11799,0.39865,0.232,0.18766,0.73806,0.49341,0.45194,0.13385,0.31781,0.29873,0.35318,0.54813,0.31838,0.69395,0.1849,0.6474,0.27003,0.48997,0.33555,0.31397,0.3575,0.4759,0.3709,0.49134,0.50085,0.14065,0.35058,0.10343,0.18814,0.36298,0.10066,0.41826,0.24146,0.70839,0.3009,0.06469,0.41555,0.28955,0.23808,0.3735,0.31563,0.19033,0.12956,0.45391,0.3295,0.11604,0.41219,0.35005,0.50492,0.12778,0.40275,0.40642,0.49973,0.35291,0.4655,0.40459,0.30084,0.41962,0.33398,0.30256,0.29638,0.42401,0.68838,0.34511,0.21289,0.3702,0.27412,0.51707,0.37402,0.29968,0.69151,0.1522,0.12975,0.29395,0.41806,0.20034,0.09106,0.40721,0.18581,0.24938,0.24608,0.26776,0.09155,0.27795,0.28727,0.47263,0.03619,0.50488,0.192,0.44172,0.13533,0.54754,0.21553,0.21103,0.56675,0.37796,0.36429,0.2736,0.52176
068,train,1,Hemorrhage,1.10089,1.17436,0.16319,0.40715,0.20123,0.377,1.27915,0.22465,0.41708,0.46103,0.76467,0.69006,0.84007,0.61687,0.64681,1.11959,0.69736,0.93461,0.15139,0.90587,0.60963,0.26507,0.56732,1.5283,0.38821,0.33575,0.52874,0.35632,0.65965,1.36986,0.19144,0.16043,0.64871,0.27623,0.41459,0.47848,0.17802,0.21989,1.12646,0.45752,0.2565,0.28256,0.30718,0.95356,1.2333,1.40282,0.0847,0.77495,0.65275,0.78531,0.24382,1.40105,0.42329,0.32865,0.67154,0.63972,1.24315,1.27109,1.05683,1.06222,1.30227,0.50075,0.19728,0.23263,0.37355,0.44775,0.6447,1.26719,0.20095,0.10953,0.8944,0.62486,0.52305,0.5451,0.20827,0.1349,0.75397,0.41101,1.33252,0.18306,0.50364,0.40017,0.37927,0.15601,1.87221,0.37958,0.11034,1.4939,0.34675,0.49254,0.65469,0.46015,0.61309,0.29958,0.30866,0.6592,0.30022,0.78946,0.68862,0.28237,0.29769,0.78065,0.6108,0.38866,0.26157,0.23747,0.79328,0.86759,0.16942,0.48291,0.27841,1.08425,0.29285,1.12517,0.62513,0.95135,0.36636,0.23979,0.68607,1.07033,0.14933,0.27008,1.04222,0.20953,0.41355,1.20208,1.73321,1.33586,0.58316,0.80672,0.29723,0.37788,1.0445,1.04858,0.27755,1.67036,0.59805,0.31251,1.21636,0.81577,0.62331,1.21732,0.40743,0.64216,1.02019,0.28278,0.39694,1.24197,0.29908,1.43949,0.80995,0.14861,0.17227,0.40245,1.77895,1.34764,0.86323,1.04985,0.55764,0.53737,0.29336,0.70686,0.13303,0.35045,0.58562,0.47774,0.29693,1.49772,1.19367,1.88194,0.65324,0.54383,0.2564,0.68687,0.29041,1.65446,0.20287,0.77576,0.33751,1.3421,0.63436,0.27368,0.27823,0.3861,0.6609,0.15016,0.34027,0.93241,0.73959,1.5488,0.29784,0.63382,0.18652,0.44067,0.43354,0.80668,0.4835,0.76684,0.93664,1.06188,1.11208,1.85473,0.18451,0.34741,1.39411,0.81195,0.08492,0.66567,0.63516,0.2018,1.04796,0.76706,1.12812,1.47574,0.24647,0.32372,0.90355,1.55273,0.71417,0.24496,0.47546,0.52592,0.59619,0.25622,0.34637,0.15605,0.24143,0.20076,1.04171,0.02493,0.68493,0.79911,0.76499,0.2896,1.49535,0.97432,0.5537,0.2426,0.21438,0.12626,0.22908,1.37256,0.73285,0.39309,1.20132,2.09197,0.16858,0.72672,0.64773,0.51924,0.5756,0.27721,0.76732,0.45335,0.55296,0.71104
058,train,1,Hemorrhage,0.86235,0.94142,0.1193,0.14897,0.13966,0.29205,0.68038,0.14096,0.28264,0.30882,0.51247,0.37426,0.4076,0.55736,0.73636,0.86966,0.41926,0.84808,0.18638,0.33657,0.48097,0.35341,0.40862,0.80419,0.50274,0.24081,0.63185,0.41417,0.33065,0.79634,0.15903,0.03126,0.42211,0.39028,0.22327,0.17575,0.0223,0.23162,0.72668,0.51388,0.08747,0.16568,0.18591,0.6558,0.76697,0.83556,0.05645,0.37653,0.36781,0.40393,0.15381,0.78876,0.58504,0.41663,0.23429,0.60577,0.42944,0.95564,0.69672,0.52718,0.71744,0.24517,0.39419,0.32686,0.27094,0.38243,0.53817,0.67249,0.29191,0.11142,0.56185,0.61319,0.41473,0.45459,0.2048,0.13171,0.4595,0.5067,0.86891,0.3619,0.40665,0.32214,0.17142,0.05132,1.34753,0.40591,-0.01024,1.05719,0.20166,0.33714,0.61168,0.28534,0.38523,0.26085,0.29486,0.46017,0.22965,0.54909,0.53527,0.20026,0.30446,0.35953,0.45987,0.47508,0.17598,0.20917,0.74121,0.49085,0.17749,0.5247,0.1489,0.6183,0.26549,0.67188,0.44966,0.53399,0.2867,0.16788,0.32878,0.73234,0.11994,0.40665,0.96772,0.53242,0.15979,0.4208,1.10136,0.91494,0.39679,0.54935,0.05725,0.34223,0.98422,0.86341,0.19312,0.77575,0.37888,0.12255,0.86555,0.47165,0.92781,0.70696,0.36627,0.36319,0.94522,0.33154,0.21044,0.9398,0.13216,0.94716,0.40274,0.34755,0.15907,0.25111,1.09531,0.90694,0.6462,0.56186,0.39837,0.27881,0.37977,0.47348,0.09357,0.31971,0.31691,0.33042,0.2999,0.89743,0.70107,1.29922,0.30421,0.28488,0.10435,0.62621,0.17444,1.10692,0.26023,0.76123,0.37023,0.84324,0.41069,0.32211,0.48242,0.40864,0.57529,0.12055,0.46805,0.68958,0.54759,0.97909,0.2515,0.58859,0.14734,0.43141,0.32706,0.58658,0.37763,0.43111,0.52911,0.60883,0.77865,1.28848,0.30032,0.25119,0.56213,0.64827,0.28802,0.58008,0.5617,0.20342,0.54271,0.59801,0.57659,1.0739,0.21879,0.26478,0.64854,0.91649,0.4042,0.09989,0.38257,0.53277,0.48197,0.44454,0.22858,0.21109,0.32549,0.15244,0.70505,0.03059,0.53355,0.2539,0.47398,0.23265,0.77653,0.44613,0.46832,0.27492,0.30987,0.16416,0.26908,0.73089,0.38353,0.30636,0.88586,1.30752,0.18661,0.64638,0.09818,0.17345,0.5317,0.04076,0.41619,0.35568,0.36247,0.59063
078,train,1,Hemorrhage,0.78161,0.46084,0.31665,0.52871,0.27967,0.41967,0.51681,0.39328,0.56635,0.52716,0.49704,0.64085,0.698,0.29525,0.69414,0.32349,0.51812,0.51104,0.11667,0.59967,0.59881,0.06275,0.40513,0.55743,0.14148,0.63459,0.57599,0.4027,0.49201,0.87254,0.20251,0.3555,0.06693,0.2727,0.18818,0.50454,0.28024,0.25431,0.49481,0.3144,0.43185,0.2114,0.16238,0.45906,0.52608,0.52436,0.15314,0.2538,0.41738,0.503,0.25865,0.8643,0.34252,0.59048,0.22863,0.14077,0.7408,0.76026,0.79489,0.51112,0.7678,0.15787,0.29455,0.17668,0.34387,0.22867,0.30088,0.48633,0.26786,0.16022,0.58306,0.27553,0.47084,0.29015,0.27719,0.04993,0.35929,0.30842,0.64158,0.39033,0.51693,0.24975,0.3608,0.24375,1.07516,0.34177,0.23929,0.72415,0.53459,0.32931,0.51544,0.45063,0.30522,0.33784,0.43003,0.49906,0.18013,0.3883,0.42184,0.31667,0.44419,0.44774,0.44404,0.21013,0.33975,0.23633,0.32135,0.24352,0.29964,0.48893,0.14489,0.71673,0.21822,0.6894,0.37645,0.66098,0.35963,0.24906,0.42546,0.68476,0.19082,0.20368,0.46336,0.28747,0.426,0.41789,0.92009,0.54524,0.30903,0.68253,0.39337,0.33129,0.72027,0.26085,0.25494,0.88537,0.40753,0.12047,0.67599,0.42303,0.53883,0.42329,0.25123,0.52377,0.37047,0.62608,0.39499,0.39835,0.28789,0.76029,0.5136,0.10844,0.15779,0.36903,1.09063,0.765,0.55002,0.63864,0.39655,0.37444,0.28103,0.84712,0.30475,0.37978,0.21784,0.46014,0.15172,0.83357,0.69584,0.58182,0.72206,0.16351,0.44803,0.70913,0.46895,0.89096,0.24768,0.43759,0.31246,0.717,0.47397,0.41868,0.17429,0.52942,0.3718,0.14349,0.38876,0.20733,0.78828,0.78363,0.339,0.52666,0.15148,0.40066,0.17324,0.38548,0.28011,0.73358,0.20502,0.42215,0.77897,0.90425,0.16376,0.29964,0.39055,0.47764,0.22032,0.52928,0.7423,0.40595,0.45779,0.55715,0.62441,0.5383,0.19728,0.29568,0.46234,0.54566,0.47498,0.35482,0.48933,0.55387,0.54333,0.22251,0.28974,0.26616,0.32126,0.37541,0.79164,0.20888,0.70235,0.73668,0.41487,0.2123,0.85787,0.48822,0.36131,0.30351,0.2795,0.20148,0.23731,0.70377,0.64013,0.21682,0.67684,0.75838,0.20685,0.42401,0.31065,0.44469,0.38303,0.4185,0.38545,0.2492,0.43387,0.71897
146,train,0,Normal,0.22557,-0.00518,0.32299,0.79957,0.59635,0.43777,0.0616,0.47649,0.18118,0.57182,0.22007,0.26838,0.14574,0.29807,0.44291,0.1801,0.01677,0.02882,0.16615,0.22233,0.39151,0.15726,0.34371,0.11827,0.1038,0.22786,0.40281,0.16896,0.37223,0.05588,0.81111,0.71205,0.12856,0.22843,0.24999,0.5238,0.9218,0.72668,0.02729,0.12798,0.70097,-0.00741,0.19117,0.01002,0.23568,0.04167,-0.03614,0.06291,0.25479,0.21372,0.57749,0.29841,0.29395,0.14088,0.3941,0.37255,0.0596,0.25362,0.36616,0.00528,0.43195,0.01836,0.2137,0.20653,0.32543,0.10789,0.10814,0.01515,0.61105,0.59179,0.44764,0.07456,0.19201,0.31736,0.16761,0.29297,0.60105,0.46695,0.1471,0.07676,0.37416,0.40968,0.07475,0.71602,-0.04466,0.03488,0.48414,0.09102,0.48056,0.27358,0.04722,0.91045,0.01858,0.33944,0.1554,0.12291,0.50006,0.19393,0.48045,0.26896,0.1614,-0.00661,0.18654,0.08041,0.13627,0.0854,0.19427,-0.00696,0.25276,0.76631,0.09983,0.19207,0.39237,0.23855,0.16709,0.39744,0.43233,0.31556,0.21191,0.03066,0.6879,0.03571,0.38763,0.14763,0.32693,0.11514,0.01734,0.00947,0.31513,0.22638,0.51763,0.24019,0.10053,-0.00857,0.2756,0.17331,0.37205,0.07986,-0.05615,0.1769,0.25672,0.15523,0.15326,0.38838,0.09293,0.19467,0.33455,0.14401,0.16714,0.16239,-0.02885,0.31991,0.45277,0.06753,0.12792,0.47328,0.51907,-0.07748,0.27294,0.1204,0.33026,0.63594,0.50331,0.46325,0.14305,0.25954,0.34246,0.21781,0.20883,0.2631,0.86591,0.17674,0.83533,0.05115,0.44436,0.10625,0.31671,0.30446,1.01228,0.1474,0.49636,0.61067,0.12041,0.55348,0.22957,0.19021,0.39345,0.00813,-0.0115,0.28988,1.05809,0.11604,0.02673,0.24452,0.136,0.12687,0.24913,0.18898,0.11402,-0.00754,0.14222,0.0507,0.18343,0.20639,0.14391,0.42369,0.23043,0.30936,0.17947,0.68264,0.10337,0.36142,0.1771,0.04593,0.72783,0.38601,0.26055,0.05765,0.83386,1.02825,0.33829,0.15109,0.12667,0.08411,0.57052,0.56479,0.38883,0.85763,-0.0678,0.26679,-0.0254,0.19537,-0.01925,0.04205,0.3245,0.05433,0.09186,0.18266,0.33376,0.29435,0.18141,0.06279,0.22173,0.02,0.44152,0.02144,0.93112,0.14776,0.6786,0.03558,0.14925,0.61452,0.41385,0.26841,0.33722,0.22156
018,train,1,Hemorrhage,0.34475,0.49822,0.32242,0.22808,0.18632,0.23891,0.44799,0.26647,0.33343,0.51171,0.51938,0.3508,0.35057,0.46457,0.21611,0.48423,0.37388,0.42247,0.16101,0.44274,0.40242,0.17065,0.33831,0.29488,0.16459,0.31444,0.42802,0.24839,0.37789,0.37778,0.15517,0.15675,0.18054,0.19213,0.25184,0.44065,0.0891,0.25701,0.31511,0.20211,0.24496,0.27468,0.22605,0.54922,0.35227,0.56255,0.13505,0.37589,0.32545,0.40997,0.2533,0.65469,0.298,0.25067,0.26619,0.15512,0.41744,0.58655,0.52576,0.32255,0.74547,0.11534,0.15509,0.15159,0.30525,0.21718,0.25958,0.31271,0.17691,0.0292,0.49973,0.22359,0.25008,0.29325,0.32989,0.14536,0.16605,0.28446,0.35786,0.18941,0.49455,0.28901,0.28717,0.11947,0.50855,0.08312,0.08955,0.49753,0.41004,0.49929,0.3827,0.40226,0.38419,0.14558,0.17225,0.44886,0.14037,0.31007,0.32285,0.2976,0.3187,0.30279,0.36003,0.33483,0.36201,0.35041,0.22657,0.31423,0.13594,0.4144,0.0961,0.51585,0.28725,0.30321,0.34174,0.44138,0.32912,0.1734,0.45134,0.35605,0.20569,0.23219,0.7534,0.22137,0.26241,0.41532,0.55225,0.54728,0.26833,0.51296,0.11076,0.33017,0.46527,0.53973,0.39181,0.5135,0.4096,0.2155,0.34676,0.52653,0.26211,0.4111,0.40214,0.32618,0.2668,0.25657,0.33636,0.39215,0.25898,0.67268,0.34381,0.21453,0.08022,0.24243,0.71079,0.52844,0.43693,0.36518,0.42409,0.29172,0.09247,0.42088,0.344,0.29429,0.30092,0.25333,0.23062,0.66041,0.44663,0.58024,0.32612,0.24027,0.33967,0.42276,0.3705,0.63955,0.49266,0.54237,0.17988,0.66547,0.35746,0.19919,0.2134,0.3423,0.13794,0.1143,0.32413,0.36266,0.35511,0.43599,0.29384,0.30984,0.28723,0.3806,0.22813,0.21745,0.35588,0.19019,0.41321,0.21416,0.52737,0.55429,0.2208,0.20508,0.40754,0.33155,0.22923,0.3163,0.43626,0.11864,0.54074,0.29663,0.81809,0.60147,0.09629,0.24196,0.31342,0.47445,0.42399,0.21542,0.35118,0.31766,0.16203,0.21558,0.31442,0.24897,0.27954,0.22264,0.42406,0.08587,0.46441,0.39657,0.33602,0.18885,0.68474,0.31307,0.27428,0.23921,0.31994,0.26641,0.19235,0.38648,0.26284,0.25085,0.34272,0.68998,0.2124,0.28406,0.13711,0.18823,0.29527,0.19904,0.20843,0.39596,0.3285,0.26573
013,train,1,Hemorrhage,0.60349,0.50987,0.16898,0.33411,0.22567,0.12295,0.36225,0.2318,0.25395,0.218,0.54617,0.22483,0.22519,0.43012,0.29855,0.7588,0.2623,0.51554,0.19733,0.33509,0.4002,0.09824,0.17319,0.46974,0.27026,0.41891,0.33474,0.25536,0.49491,0.643,0.02391,0.12458,0.25051,0.18959,0.2292,0.46004,0.14156,0.11726,0.51386,0.44021,0.22629,0.22701,0.28052,0.73665,0.33742,0.50182,0.13034,0.12973,0.41107,0.29555,0.14481,0.53074,0.29414,0.33909,0.06658,0.2021,0.26011,0.53666,0.26318,0.21584,0.56544,0.11175,0.21959,0.27758,0.33011,0.34586,0.30677,0.35403,0.08073,0.21942,0.40492,0.34553,0.13851,0.31693,0.19655,0.18276,0.24355,0.20541,0.55421,0.21118,0.52268,0.28598,0.4727,0.25338,0.5678,0.06688,0.19949,0.57494,0.24479,0.33574,0.52819,0.44648,0.58116,0.11711,0.26896,0.33913,0.22875,0.4487,0.35439,0.17053,0.28121,0.42112,0.36635,0.41945,0.23892,0.05866,0.28401,0.24711,0.04276,0.47391,0.28905,0.28885,0.0166,0.5077,0.17245,0.49317,0.36785,0.22837,0.17115,0.44318,0.26658,0.3147,0.83995,0.50401,0.20665,0.32961,0.5717,0.69132,0.2423,0.38459,0.27103,0.20513,0.59605,0.62733,0.21423,0.55085,0.30705,0.26077,0.42338,0.6406,0.51382,0.42706,0.2307,0.29846,0.41381,0.16771,0.18621,0.61969,0.11339,0.6177,0.32303,0.13036,0.31592,0.43414,0.64444,0.33994,0.36122,0.67551,0.3414,0.36558,0.17987,0.4354,0.12749,0.24217,0.29431,0.24556,0.20571,0.29707,0.54233,0.80995,0.42277,0.32856,0.24448,0.36255,0.355,0.54157,0.15017,0.69269,0.42683,0.6279,0.50554,0.16166,0.50627,0.16022,0.1862,0.26858,0.36513,0.40993,0.26606,0.6016,0.41539,0.34766,0.10943,0.39305,0.27137,0.43491,0.19722,0.41824,0.62723,0.409,0.73893,0.74022,0.22879,0.32466,0.31084,0.43272,0.11845,0.3837,0.48862,0.27735,0.51521,0.60363,0.40077,0.71173,0.28486,0.03289,0.36664,0.54118,0.49666,0.30723,0.46849,0.25628,0.16171,0.16945,0.36637,0.20305,0.23057,0.14143,0.41779,-0.00966,0.51667,0.37588,0.44131,0.13724,0.60603,0.39109,0.15394,0.37088,0.28939,0.10154,0.37602,0.48165,0.3229,0.27967,0.59737,0.7475,0.30398,0.50927,0.25971,0.1423,0.58614,0.16708,0.26738,0.32459,0.31225,0.38023
088,train,1,Hemorrhage,0.85835,0.80172,0.12204,0.43932,0.10461,0.37373,1.01676,0.199,0.4559,0.38355,0.72439,0.48341,0.94141,0.54499,0.42328,0.84105,0.70827,0.5826,0.1705,0.80375,0.26677,0.37876,0.70984,1.12129,0.25459,0.45632,0.42752,0.533,0.65516,1.51492,0.12332,0.0662,0.56745,0.09534,0.38244,0.46353,0.11169,0.12463,0.82133,0.61789,0.39222,0.30531,0.45253,0.8001,0.62782,1.32844,0.08777,0.5544,0.74363,0.6004,0.19268,1.52123,0.35338,0.18267,0.41812,0.77269,1.13191,1.00809,0.86375,0.88993,1.12938,0.27418,0.37014,0.2654,0.52916,0.28601,0.33151,0.85433,0.04461,0.16821,0.68776,0.38668,0.36093,0.58511,0.17934,0.18725,0.54848,0.26418,0.80276,0.25247,0.44901,0.46746,0.28296,0.23629,1.73159,0.14594,0.18204,1.08524,0.33532,0.35555,0.79441,0.39371,0.74333,0.45022,0.34679,0.77928,0.30603,0.74524,0.70019,0.0728,0.34956,0.8262,0.45504,0.21829,0.24845,0.16906,0.65565,0.4923,0.03771,0.27881,0.37765,0.85526,0.09843,0.80074,0.48723,0.87792,0.47026,0.23967,0.44758,0.77571,0.17478,0.14665,0.98767,0.09851,0.42227,0.89476,1.52299,1.25742,0.44363,0.82482,0.26499,0.28206,0.6988,0.88541,0.27844,1.12397,0.50445,0.32098,0.88439,0.48301,0.22937,0.74766,0.19812,1.04779,0.73754,0.284,0.41716,0.90254,0.62429,1.24991,0.38497,0.07319,0.17585,0.24374,1.60838,0.62658,0.75968,1.47023,0.12932,0.43675,0.31639,0.8564,0.14826,0.21622,0.53576,0.46729,0.29644,1.0591,1.17352,1.38183,0.56943,0.40858,0.1951,0.81485,0.53182,1.0778,0.21977,0.78431,0.44311,1.26299,0.77081,0.23157,0.26593,0.23231,0.43156,0.23977,0.31573,0.71533,0.71926,0.92252,0.24869,0.33059,0.35099,0.64945,0.31538,0.7538,0.07281,0.80636,1.02917,0.78235,1.29664,1.66449,0.06025,0.2807,1.14899,0.54459,0.12576,0.6953,0.85681,0.26136,0.70626,0.70328,1.20196,1.10965,0.28591,-0.01604,0.73894,1.21215,0.62852,0.27086,0.4473,0.15047,0.64514,0.21969,0.3393,0.22144,0.30108,0.155,0.73983,0.06869,1.1003,0.66468,0.72735,0.20481,0.91624,0.88393,0.12647,0.28454,0.18744,0.02973,0.30944,1.1171,0.83882,0.45584,0.65884,1.7205,0.27819,0.77544,0.30235,0.44734,0.5236,0.23144,0.54502,0.53877,0.42988,0.75534
038,train,1,Hemorrhage,0.43053,0.37011,0.50907,0.53674,0.18609,0.1966,0.54109,0.37695,0.38262,0.26221,0.55627,0.29942,0.54342,0.39329,0.23063,0.34142,0.48518,0.35277,0.21228,0.40041,0.42368,0.28722,0.36539,0.30005,0.22833,0.94767,0.20189,0.36611,0.53856,0.68688,0.12324,0.271,0.08777,0.12144,0.30587,0.62735,0.32498,0.16331,0.34417,0.38145,0.52851,0.18678,0.40469,0.45514,0.30617,0.43465,0.24365,0.22402,0.35571,0.61745,0.47519,0.69909,0.07995,0.09074,0.09992,0.26977,0.76982,0.4595,0.33486,0.32887,0.51463,0.23209,0.14006,0.2264,0.53146,0.38878,0.27965,0.37565,0.09041,0.26696,0.52772,0.35344,0.23348,0.45682,0.25489,0.09674,0.35367,0.27385,0.54717,0.28198,0.53255,0.60302,0.26479,0.54735,0.72713,-0.02931,0.47017,0.46965,0.32866,0.3034,0.33594,0.69043,0.61998,0.02808,0.2652,0.55093,0.22258,0.51544,0.53442,0.21506,0.22724,0.47958,0.66235,0.37494,0.21151,0.10174,0.30944,0.18082,0.16063,0.38129,0.39767,0.47642,0.07963,0.32789,0.22694,0.71541,0.80929,0.1412,0.40278,0.24725,0.28342,0.28781,0.5529,0.12853,0.52148,0.35265,0.53097,0.55328,0.30029,0.518,0.51759,0.18782,0.34451,0.32634,0.24427,0.399,0.28615,0.15336,0.42537,0.48568,0.23255,0.22061,0.27996,0.4663,0.27154,0.1983,0.33899,0.34577,0.19224,0.6975,0.13713,0.20463,0.50258,0.26827,0.68172,0.2683,0.33006,0.49139,0.34683,0.37035,0.19805,0.55603,0.30626,0.21268,0.4465,0.33862,0.16727,0.35776,0.529,0.58117,0.64641,0.2503,0.61961,0.37029,0.49507,0.49871,0.21945,0.45019,0.44013,0.59802,0.4765,0.26018,0.5124,0.14869,0.1342,0.2629,0.3819,0.20959,0.43033,0.33384,0.59687,0.1363,0.22853,0.8485,0.27745,0.3732,0.10994,0.50738,0.21752,0.32443,0.68572,0.55127,0.11818,0.13772,0.46531,0.40832,0.13551,0.3445,0.43654,0.38081,0.64671,0.5218,0.36613,0.48999,0.53606,0.18388,0.29533,0.48313,0.51394,0.58469,0.46538,0.20863,0.30962,0.25423,0.37544,0.21241,0.29129,0.4638,0.50431,0.12923,0.61101,0.52982,0.37472,0.08593,0.40365,0.40103,0.13185,0.46214,0.30429,0.24266,0.2524,0.50204,0.64032,0.27063,0.56036,0.53997,0.41663,0.2618,0.63064,0.126,0.41815,0.56634,0.28874,0.54426,0.30252,0.50305
065,train,1,Hemorrhage,0.82083,1.11989,0.29882,0.27111,0.05049,0.13031,1.25263,0.22568,0.53369,0.36582,0.57403,0.66213,1.11554,0.52682,0.21175,1.01742,0.39861,0.70558,0.05972,1.03185,0.51047,0.4049,0.25476,1.02747,0.36926,0.42475,0.41316,0.48075,0.4658,1.18548,0.0229,-0.05961,0.35448,0.20272,0.17409,0.31869,0.0227,0.23064,1.1656,0.5492,0.3566,0.48906,0.32663,1.18738,0.99974,1.34499,0.18128,0.85892,0.60308,0.87665,0.11603,0.84814,0.41499,0.69595,0.51372,0.55444,0.78467,0.81589,0.91485,0.83987,1.03389,0.40798,0.45449,0.38491,0.25018,0.46807,0.69329,1.02357,0.09622,0.05874,0.58665,0.56524,0.3518,0.43,0.34215,0.12615,0.52275,0.4942,0.83611,0.40377,0.36826,0.19419,0.36674,0.04795,1.67165,0.20645,0.03086,1.1286,0.15705,0.46762,0.53476,0.27565,0.79075,0.27538,0.10732,0.689,0.30163,0.77357,0.45327,0.64396,0.30565,0.63208,0.60562,0.63169,0.19996,0.33671,0.77851,0.87819,0.08336,0.34936,0.49104,0.95535,0.17142,0.82778,0.40864,0.36859,0.18391,0.16742,0.68367,1.04368,0.1542,0.58082,0.91683,0.26959,0.47848,0.59067,1.9161,1.34163,0.46606,0.80841,0.12508,0.26818,1.06239,0.94411,0.32123,1.14982,0.3649,0.41652,1.13229,0.74225,0.79321,0.81349,0.65803,0.87562,1.048,0.36913,0.22705,0.90255,0.16547,1.0622,0.826,0.26446,0.09604,0.65802,1.43742,0.5183,0.73105,0.89943,0.67557,0.27728,0.36328,0.54389,0.04212,0.27728,0.57976,0.35164,0.11551,1.09416,0.60764,1.32922,0.36997,0.37524,0.17768,0.73565,0.30703,1.32855,0.31481,0.82152,0.20873,1.02834,0.59821,0.13577,0.44301,0.29212,0.39457,0.12192,0.53719,1.5016,0.80836,1.37013,0.07072,0.94631,0.23891,0.43307,0.21321,0.87174,0.47328,0.93865,0.69,0.64572,0.98108,1.49704,0.47579,0.49343,0.69055,0.54591,0.19794,0.69267,0.46995,0.09534,1.13122,0.46563,0.96745,1.59819,0.22207,0.19341,0.49056,1.36621,0.42397,0.17126,0.33316,0.91593,0.71586,0.21175,0.17469,0.12846,0.18348,0.17492,0.99113,0.03645,0.9695,0.76094,0.88381,0.67854,0.97062,0.80671,0.58088,0.5225,0.32851,0.14214,0.2544,1.01885,0.44367,0.51365,0.9832,2.29043,0.2218,1.03175,0.23316,0.62769,0.6757,0.0462,0.45784,0.41023,0.2855,0.47
041,train,1,Hemorrhage,0.32832,0.18641,0.27597,0.23952,0.20177,0.27508,0.33723,0.30842,0.14662,0.41294,0.49509,0.28165,0.37147,0.3332,0.30573,0.30651,0.32366,0.17357,0.2196,0.17971,0.3644,0.30466,0.23287,0.07656,0.22814,0.25666,0.29339,0.18258,0.4094,0.3526,0.14215,0.36988,0.2869,0.33243,0.18585,0.59636,0.25024,0.45198,0.12543,0.2703,0.39801,0.00608,0.15447,0.29341,0.3125,0.29836,0.12482,0.191,0.2111,0.48711,0.4631,0.40202,0.31494,0.19464,0.16617,0.29444,0.19553,0.3391,0.43378,0.2027,0.51137,0.10346,0.17399,0.23996,0.27511,0.31449,0.12306,0.17115,0.19555,0.37544,0.51997,0.20295,0.38975,0.28816,0.24186,0.25743,0.40063,0.27939,0.1746,0.18725,0.4835,0.47831,0.15448,0.33663,0.17556,0.22229,0.34539,0.16267,0.23611,0.26428,0.24731,0.47526,0.34848,0.18574,0.21122,0.5207,0.48192,0.20316,0.31691,0.28463,0.23322,0.4327,0.33153,0.2126,0.25539,0.10608,0.31114,0.06994,0.23019,0.29822,0.37085,0.42338,0.22342,0.2427,0.13615,0.23052,0.20738,0.12691,0.29853,0.23777,0.36871,0.26806,0.42702,0.11371,0.536,0.28299,0.27627,0.46791,0.13354,0.16982,0.26068,0.37383,0.24221,0.24258,0.40476,0.42919,0.22003,0.17364,0.2305,0.41223,0.20374,0.09632,0.17457,0.30243,0.28365,0.41368,0.31764,0.32033,0.08164,0.44026,0.18354,0.24603,0.33554,0.17167,0.41621,0.3774,0.36864,0.23746,0.25947,0.05334,0.53389,0.48086,0.26962,0.20678,0.15596,0.35186,0.24931,0.37208,0.47454,0.23389,0.61624,0.30195,0.33463,0.44347,0.36422,0.32249,0.27244,0.3,0.25756,0.28807,0.4986,0.44233,0.4646,0.29603,0.13323,0.29093,0.40427,0.26884,0.42827,0.19182,0.28761,0.20794,0.28082,0.66707,0.22243,0.18569,0.36239,0.21827,0.50775,0.1842,0.30932,0.2959,0.14444,0.22617,0.19584,0.34542,0.09532,0.20468,0.45135,0.33258,0.25823,0.40876,0.2909,0.1656,0.41197,0.25037,0.20609,0.36269,0.29364,0.48305,0.19933,0.25466,0.26958,0.22422,0.17481,0.2946,0.31653,0.44801,0.32912,0.13972,0.26953,0.37826,0.23392,0.11224,0.44914,0.21478,0.12154,0.38,0.21511,0.22926,0.24099,0.205,0.36592,0.1503,0.34221,0.42113,0.23178,0.36608,0.4511,0.12039,0.16552,0.22084,0.26999,0.33143,0.2651,0.2616
127,train,0,Normal,0.19271,0.10399,0.44083,0.47445,0.57804,0.29716,0.05236,0.44002,0.30204,0.65904,0.22056,0.41138,0.05655,0.10126,0.33585,0.35786,0.07178,-0.01287,0.30391,0.06952,0.6219,0.23925,0.28271,0.08999,0.34927,0.14978,0.51662,0.26311,0.57053,0.03264,0.95578,0.46053,0.05871,0.33491,0.15056,0.4626,0.43894,0.63594,0.09792,0.11126,0.55585,0.20348,0.11297,0.06856,0.20542,-0.00123,0.22904,0.03748,0.14715,0.5151,0.37265,0.12427,0.05813,0.33204,0.45325,0.40481,-0.02744,0.20768,0.36893,0.16642,0.54722,0.15507,0.4665,0.63268,0.25321,0.19037,0.08588,0.18706,0.80143,0.58994,0.18653,0.13177,0.17593,0.29484,0.62111,0.38372,0.53876,0.52229,0.20328,0.34782,0.6044,0.38636,0.00135,0.56643,0.09212,0.01821,0.39502,0.26131,0.41158,0.31522,0.04389,0.67429,0.06665,0.31958,0.29966,0.41379,0.52137,0.06357,0.36023,0.76294,0.22781,0.17491,0.35634,0.53847,0.03592,0.20538,0.2517,0.15748,0.24459,0.7093,0.17354,0.25176,0.49322,0.34357,0.36623,0.2134,0.30747,0.3367,0.18013,0.117,0.40093,0.11751,0.53622,0.36312,0.43307,0.15008,0.10913,-0.02108,0.16296,0.21483,0.49477,0.11053,0.15109,-0.00025,0.21784,0.1824,0.27199,0.22175,0.07109,0.45291,0.29579,0.15539,0.27238,0.25446,0.4051,0.50138,0.63228,0.07946,0.36679,0.08044,0.09436,0.5793,0.45979,0.211,0.11805,0.50288,0.36977,-0.04024,0.23463,0.33998,0.18342,0.38914,0.37189,0.23757,0.37313,0.10164,0.30207,0.29391,0.15581,0.05169,0.66575,0.09288,0.69082,0.20442,0.30144,0.21513,0.52974,0.16338,0.74407,0.03595,0.32043,0.68873,0.25025,0.48948,0.25704,0.22989,0.46054,0.16962,-0.02326,0.33688,0.70263,0.15459,0.32771,0.16814,0.16348,0.13308,0.20262,0.20773,0.07421,-0.0197,0.04146,-0.016,0.5241,0.26787,0.0766,0.37852,0.50979,0.23906,0.27217,0.5171,0.27187,0.30543,0.03546,0.05595,0.61253,0.64766,0.15966,0.13522,0.45095,0.80289,0.12122,0.34055,0.20117,0.28426,0.37687,0.41618,0.37654,0.91544,0.10093,0.54042,0.15133,0.16862,0.03621,0.24376,0.10501,0.14719,0.28545,0.26656,0.58932,0.29729,0.19679,-0.03319,0.28072,0.2339,0.44208,0.08818,0.85276,0.15629,0.54554,0.23506,0.27723,0.39257,0.36817,0.0959,0.26963,0.20132
060,train,1,Hemorrhage,0.7752,0.50704,0.19605,0.36841,0.19426,0.39789,0.91399,0.21572,0.52788,0.3905,0.75055,0.66337,1.00456,0.46087,0.68791,0.44738,0.84498,0.6823,0.26148,0.74681,0.30113,0.23008,0.42675,0.89443,0.39323,0.63849,0.42593,0.51497,0.5036,1.04128,0.10554,0.11597,0.45525,0.25354,0.29466,0.43594,0.09978,0.37132,0.72037,0.42928,0.32717,0.29636,0.25419,0.70256,0.72263,0.92573,0.21141,0.80566,0.69495,0.58462,0.27181,1.01216,0.43075,0.50218,0.24162,0.56395,0.68409,0.79349,0.62416,0.63594,0.92149,0.22273,0.28561,0.39371,0.3423,0.25359,0.52251,0.60784,0.10468,0.17305,0.62471,0.42714,0.54178,0.49646,0.28652,0.1894,0.60847,0.33822,0.73671,0.25338,0.35142,0.40361,0.35083,0.19468,1.20018,0.35513,0.12085,0.96338,0.10172,0.29134,0.40389,0.32521,0.51519,0.32381,0.40295,0.665,0.26203,0.77725,0.86168,0.26994,0.35993,0.84854,0.51803,0.40184,0.13045,0.19271,0.62338,0.39141,0.21994,0.33685,0.52708,0.82277,0.29001,0.71515,0.45343,0.7882,0.5688,0.262,0.56578,0.90751,0.09732,0.24528,0.64981,0.20745,0.53969,0.8787,1.16631,0.88053,0.48196,0.68454,0.24708,0.30061,0.84011,0.62255,0.30346,0.79149,0.45908,0.45318,0.63878,0.43236,0.26979,0.77988,0.3276,0.74756,0.75644,0.64898,0.22563,0.60393,0.30906,1.26856,0.5994,0.11806,0.18189,0.41302,1.17975,0.62782,0.56605,1.06337,0.45047,0.41482,0.51098,0.58463,0.21809,0.36757,0.09342,0.65679,0.31198,1.03132,0.72725,1.01062,0.56468,0.4325,0.19511,1.06407,0.2477,0.66751,0.15661,0.59409,0.30906,0.79897,0.48779,0.3003,0.23092,0.4007,0.27514,0.22496,0.2251,0.4462,0.65849,0.92336,0.20106,0.35971,0.37393,0.74099,0.40215,0.71964,0.4289,0.70308,0.65931,0.68886,0.97751,1.04116,0.21346,0.24642,0.72526,0.40824,0.23322,0.67246,0.50585,0.24516,0.65568,0.57941,0.42909,0.62587,0.32281,0.18263,0.66111,0.9926,0.49437,0.35364,0.53716,0.4045,0.46906,0.25263,0.171,0.1957,0.41731,0.37038,0.67735,0.04639,0.70253,0.59867,0.63252,0.29554,0.98677,0.74283,0.26503,0.29821,0.10958,0.10248,0.16779,0.88195,0.68301,0.44964,0.86405,1.33262,0.21786,0.5331,0.3443,0.4078,0.4999,0.25208,0.4587,0.41121,0.29766,0.47297
010,train,1,Hemorrhage,0.97581,1.61434,0.22548,0.15495,0.08187,0.16128,1.21477,0.23168,0.4092,0.3777,0.7605,0.32911,0.97165,0.8927,0.15695,1.70665,0.79454,0.74596,0.06012,0.98402,0.51953,0.45826,0.72355,1.39946,0.37784,0.38556,0.32813,0.53668,0.63545,1.39788,0.04187,0.01346,0.5284,0.37592,0.22553,0.31931,0.02093,0.09192,1.35148,0.60431,0.30922,0.27976,0.33199,1.37322,0.94918,1.54752,0.10605,0.59765,0.37148,0.56646,0.09105,1.14069,0.42392,0.39737,0.32235,1.00524,0.84572,1.17102,0.79602,0.9933,0.93127,0.51271,0.33817,0.27253,0.29792,0.47389,0.99552,1.37926,0.12403,0.04525,0.68497,0.71179,0.36734,0.44914,0.22043,0.08048,0.49171,0.29655,1.00083,0.21744,0.42178,0.37526,0.4341,0.00295,2.25822,0.13274,-0.0591,1.46344,0.18432,0.35681,0.72458,0.4044,0.84419,0.04245,0.28605,0.88083,0.23738,0.85023,0.52871,0.17606,0.22301,0.63376,0.6701,0.41837,0.24066,0.07942,0.83423,0.96385,-0.01094,0.23738,0.8018,1.00413,0.06124,0.7647,0.37025,0.64579,0.40949,0.2914,0.51907,0.86051,0.08088,0.57573,1.61515,0.3394,0.26521,0.79591,1.71397,1.74604,0.56016,0.95073,0.24908,0.31276,1.34419,1.50928,0.43461,1.42248,0.61001,0.28011,1.16423,1.12923,0.96947,1.06799,0.48606,0.6339,1.13921,0.13399,0.2244,1.57414,0.16129,1.36116,0.56175,0.06492,0.03602,0.4531,1.82804,0.48255,0.92994,1.04473,0.4399,0.37947,0.2225,0.59222,0.19761,0.30437,0.38139,0.20756,0.17846,0.94139,1.35263,2.11505,0.56056,0.54441,0.16165,0.76444,0.40657,1.83545,0.2311,0.86093,0.54148,1.40774,0.64475,0.05585,0.56152,0.07556,0.82108,0.15991,0.37998,1.17399,0.47037,1.35093,0.22856,0.62259,0.09122,0.39271,0.45815,0.97571,0.35612,0.75155,1.00082,1.17216,1.09426,2.00718,0.2624,0.51444,0.96845,0.70866,0.1056,0.66592,0.64807,0.04482,1.25002,0.76059,1.31984,2.06294,0.02582,0.05363,1.04731,1.61028,0.64676,0.10381,0.62437,0.45873,0.47293,0.06637,0.20304,0.13495,0.22371,0.15924,1.1847,-0.04721,0.98785,0.84979,1.12799,0.25929,1.28912,1.13477,0.36885,0.33483,0.28536,0.01524,0.22097,1.36098,0.67169,0.59996,1.46399,2.25788,0.13855,0.95467,0.10562,0.27037,0.89941,0.17608,0.43055,0.67549,0.36377,0.5508
020,train,1,Hemorrhage,0.55126,0.26976,0.48889,0.41035,0.25938,0.42161,0.48811,0.39288,0.28271,0.44835,0.43702,0.54715,0.42459,0.23275,0.65769,0.0942,0.40211,0.26684,0.32118,0.35638,0.35222,0.13227,0.31116,0.47043,0.25613,0.6382,0.49939,0.30231,0.35432,0.4965,0.36664,0.34393,0.10718,0.35009,0.16084,0.53437,0.54641,0.31573,0.33166,0.25825,0.47363,0.0536,0.23973,0.07714,0.49267,0.1802,0.13572,0.26923,0.21203,0.39056,0.51814,0.36009,0.2426,0.2443,0.23693,0.266,0.46373,0.58889,0.53678,0.39673,0.71017,0.11047,0.16933,0.24997,0.31159,0.18587,0.27294,0.23428,0.40164,0.59189,0.60865,0.24292,0.49262,0.2619,0.30519,0.32096,0.46327,0.18035,0.44395,0.22063,0.43009,0.48123,0.21578,0.61653,0.43034,0.30057,0.4246,0.46506,0.37237,0.20776,0.31547,0.59262,0.29784,0.14897,0.41678,0.34416,0.49544,0.32662,0.41266,0.28456,0.24952,0.46627,0.37833,0.09154,0.27953,0.21,0.16344,0.13566,0.28983,0.38255,0.11822,0.49796,0.34281,0.3576,0.49637,0.48658,0.36602,0.30064,0.52612,0.56054,0.47354,0.22425,0.4235,0.26135,0.57119,0.19867,0.47988,0.22379,0.29557,0.35569,0.47738,0.4601,0.282,0.03886,0.29193,0.66774,0.33003,0.12806,0.54165,0.27773,0.23984,0.22833,0.20227,0.23267,0.19812,0.4791,0.42249,0.22829,0.12704,0.57439,0.32878,0.1687,0.47354,0.14027,0.42596,0.53098,0.36518,0.22998,0.45717,0.36592,0.50354,0.62562,0.3805,0.20919,0.17029,0.40012,0.25322,0.62175,0.65277,0.27381,0.87476,0.30437,0.56139,0.50626,0.29121,0.4503,0.26839,0.34177,0.44538,0.34784,0.37343,0.57215,0.44099,0.54038,0.28569,0.21936,0.26349,0.08946,0.59586,0.62592,0.46602,0.26899,0.24262,0.6542,0.22453,0.24295,0.30948,0.52122,0.17681,0.32624,0.45138,0.50533,0.20327,0.34965,0.36071,0.43991,0.23728,0.35436,0.5105,0.41471,0.26479,0.38902,0.23262,0.3093,0.47382,0.45443,0.32774,0.27358,0.32669,0.6856,0.2296,0.37236,0.40409,0.32896,0.25593,0.3893,0.35249,0.59607,0.47912,0.19098,0.3869,0.50553,0.16495,0.14029,0.45471,0.31416,0.27206,0.37071,0.3631,0.29061,0.35829,0.29954,0.63375,0.06444,0.44161,0.32363,0.38258,0.24312,0.69624,0.25236,0.31171,0.43186,0.28735,0.12825,0.24838,0.67404
070,train,1,Hemorrhage,0.37367,0.11024,0.31336,0.53697,0.36571,0.39711,0.2684,0.46987,0.2901,0.59307,0.40878,0.54003,0.21439,0.28015,0.6379,0.1591,0.20219,0.29624,0.26299,0.4608,0.56753,0.16695,0.33434,0.53454,0.22063,0.63731,0.39334,0.36651,0.64136,0.3039,0.30221,0.46107,0.13117,0.35219,0.2254,0.56688,0.43075,0.50343,0.15547,0.19622,0.6781,0.11011,0.31709,0.26781,0.33906,0.39228,0.04596,0.29865,0.27581,0.42459,0.33289,0.36956,0.24862,0.3036,0.44634,0.31015,0.38995,0.38321,0.58736,0.20945,0.68632,0.06786,0.31633,0.23769,0.46999,0.13138,0.23634,0.12161,0.2932,0.47632,0.4421,0.25546,0.34657,0.43436,0.319,0.25191,0.54367,0.33547,0.28377,0.26826,0.55916,0.38917,0.35015,0.65999,0.27747,0.16973,0.46858,0.36827,0.43306,0.45148,0.31813,0.76031,0.17049,0.43748,0.41261,0.49471,0.36485,0.27923,0.50763,0.39822,0.18831,0.31276,0.32235,0.1338,0.16171,0.18127,0.29187,0.14108,0.27183,0.41329,0.20986,0.55936,0.35482,0.33626,0.21252,0.47521,0.64415,0.36399,0.31725,0.2461,0.42021,0.20299,0.60142,0.42379,0.49744,0.29293,0.2153,0.16058,0.61392,0.41839,0.70626,0.33844,0.36833,0.10905,0.27383,0.4765,0.3783,0.19719,0.21902,0.30078,0.4255,0.26163,0.15014,0.40365,0.33839,0.47664,0.28651,0.23827,0.24457,0.4478,0.30148,0.18705,0.42221,0.16609,0.3179,0.70984,0.55371,0.19106,0.50259,0.1965,0.27861,0.6103,0.31193,0.39881,0.16345,0.43268,0.25343,0.46706,0.50763,0.33224,0.86785,0.3104,0.64374,0.3688,0.49058,0.41058,0.21385,0.41389,0.44508,0.26927,0.41531,0.42752,0.26608,0.44017,0.11822,0.25293,0.38943,0.18527,0.31421,0.50627,0.65977,0.32412,0.19138,0.40439,0.28237,0.24419,0.38586,0.42753,0.31586,0.18846,0.40446,0.25737,0.25309,0.30795,0.32327,0.45495,0.19862,0.55808,0.4969,0.58006,0.36471,0.27724,0.28142,0.39413,0.50376,0.45543,0.35097,0.27575,0.55707,0.70159,0.30365,0.28271,0.37454,0.2561,0.44827,0.33354,0.38905,0.87835,0.13806,0.21118,0.34308,0.45202,0.09281,0.11529,0.47633,0.25413,0.1994,0.37421,0.28854,0.18359,0.41905,0.4832,0.39329,0.09318,0.72046,0.25656,0.51114,0.13165,0.54967,0.31709,0.30975,0.62061,0.34924,0.30933,0.27791,0.36373
128,train,0,Normal,0.14663,-0.03549,0.58883,0.74682,0.55479,0.31838,0.08412,0.65066,0.23744,0.61577,0.20976,0.34651,0.08278,0.16841,0.44201,0.28505,0.09969,0.08691,0.22004,0.0845,0.39385,0.36548,0.60455,0.19328,0.10361,0.26393,0.36319,0.2603,0.50982,0.14196,0.93979,0.68311,0.08267,0.27462,0.21194,0.55804,0.82659,0.77549,0.09186,0.15287,0.76374,0.14336,0.37243,0.06812,0.19345,0.05953,0.13591,0.04648,0.20519,0.42482,0.62829,0.21973,0.15035,0.08928,0.51327,0.55839,0.05925,0.29853,0.26895,0.14005,0.53598,0.18435,0.27065,0.34868,0.35823,0.25453,0.2021,0.1513,0.81418,0.91149,0.40136,0.172,0.17398,0.37244,0.30692,0.30751,0.95836,0.45507,0.23783,0.17686,0.41055,0.5667,0.09413,0.98668,-0.00164,0.05622,0.60854,0.14538,0.38364,0.25352,-0.00803,0.97196,0.05547,0.38464,0.31797,0.30392,0.64832,0.15417,0.70844,0.32868,0.11166,0.17491,0.26797,0.23007,0.07895,0.02902,0.23892,0.08796,0.21035,0.89662,0.2703,0.30303,0.36938,0.217,0.19234,0.28304,0.65479,0.52725,0.27073,0.10466,0.65298,0.04438,0.3471,0.15795,0.4502,0.15579,0.03304,-0.0004,0.15782,0.16534,0.74522,0.19235,0.09123,0.02888,0.20998,0.11199,0.36633,0.10839,-0.04977,0.15627,0.20601,0.23682,0.17616,0.46739,0.24615,0.32329,0.49148,0.10648,0.21878,0.14282,0.00143,0.33183,0.44825,0.12768,0.04849,0.36781,0.46841,-0.0744,0.17436,0.25348,0.2957,0.7243,0.47129,0.31885,0.15223,0.35172,0.37885,0.27734,0.14655,0.07518,0.92655,0.06226,0.89773,0.06931,0.45697,0.00691,0.3629,0.17197,1.20442,0.08271,0.44066,0.66009,0.20161,0.37431,0.17768,0.19663,0.54339,0.00437,0.02183,0.18393,1.08888,0.12602,0.21711,0.46398,0.22087,0.08119,0.23784,0.36561,0.09971,0.05707,0.14377,-0.00732,0.22293,0.17262,0.20413,0.37237,0.25249,0.26952,0.13399,0.69394,0.11637,0.33299,0.05793,-0.01198,0.98101,0.4884,0.22028,-0.04842,0.82689,1.22426,0.33988,0.06433,0.21947,0.2294,0.50343,0.60943,0.32723,1.02989,-0.03721,0.34093,0.06117,0.16461,0.03908,0.04574,0.09584,0.1409,0.07497,0.29641,0.3689,0.28865,0.15199,0.11177,0.38822,0.02523,0.36238,0.13947,1.22061,0.10145,0.7947,0.21388,0.22121,0.76329,0.4896,0.228,0.35312,0.17607
153,train,0,Normal,0.2335,0.20477,0.02263,0.35891,0.22392,0.4416,0.0367,0.2707,0.27254,0.50383,0.18262,0.43472,0.15483,0.19327,0.30203,0.27487,0.19689,0.03303,0.16902,0.23944,0.22448,0.20616,0.20205,0.35374,0.2672,0.32797,0.46755,0.30816,0.25767,0.23832,0.63656,0.18578,0.08578,0.16672,0.16045,0.211,0.35107,0.6085,0.15059,0.24918,0.25188,0.27172,0.16585,0.181,0.26285,0.1747,0.03169,0.13724,0.29623,0.21361,0.25899,0.30956,0.34531,0.26244,0.2304,0.22718,0.20969,0.4241,0.35935,0.32781,0.59848,0.19926,0.33661,0.28806,0.36632,0.06208,0.13564,0.3631,0.49264,0.10275,0.2198,0.43371,0.32371,0.44167,0.40552,0.15457,0.34682,0.33277,0.31565,0.14154,0.68881,0.1205,0.13227,0.17006,0.24744,0.00549,0.14041,0.07401,0.32241,0.29811,0.14308,0.33911,0.10701,0.33211,0.29312,0.23758,0.22938,0.15384,0.02497,0.35683,0.40695,0.01103,0.33558,0.42696,0.25514,0.41488,0.15215,0.21066,0.23899,0.36126,0.21836,0.35573,0.40412,0.35519,0.53602,0.44494,0.10822,0.31087,0.18687,0.30895,0.30221,0.15864,0.59712,0.51818,0.23792,0.24348,0.16856,0.14599,0.22712,0.39647,0.18715,0.21836,0.23641,0.18711,0.47605,0.42723,0.21967,0.12194,0.08272,0.39816,0.32286,0.21505,0.30589,0.25865,0.48013,0.13596,0.27254,0.17933,0.2295,0.39782,0.31325,0.5422,0.25821,0.28853,0.25332,0.35237,0.39267,0.04899,0.31822,0.15135,0.17746,0.27401,0.15678,0.37508,0.30606,0.20151,0.23869,0.50225,0.21842,0.23335,0.21232,0.08597,0.38557,0.24886,0.27375,0.4663,0.44182,0.31756,0.1582,0.23766,0.22152,0.23593,0.37687,0.44502,0.30437,0.11991,0.29443,0.19097,0.27072,0.17837,0.41415,0.2613,0.15197,0.1417,0.2813,0.21064,0.19375,0.18894,0.06496,0.07173,0.19302,0.18279,0.39356,0.25697,0.07593,0.26859,0.46033,0.47286,0.30916,0.22464,0.23402,0.33729,0.1602,0.195,0.20454,0.43281,0.22363,0.2875,0.28362,0.29482,0.27677,0.20715,0.19569,0.28896,0.32008,0.29405,0.29955,0.4155,0.18193,0.39451,0.1665,0.15065,0.04701,0.25285,0.30065,0.27852,0.29569,0.08896,0.58047,0.47137,0.33333,0.28005,0.17259,0.314,0.40134,0.13222,0.31515,0.31146,0.14026,0.29795,0.28601,0.24327,0.28295,0.26108,0.58279,0.32557
180,train,0,Normal,0.16802,0.03384,0.63605,1.05073,0.67304,0.1585,0.11971,0.70091,0.12862,0.51233,0.23927,0.23675,0.06795,0.21065,0.30449,0.40812,0.04492,0.06706,0.22017,0.03186,0.62525,0.17192,0.44699,0.10794,0.20033,0.40721,0.397,0.25971,0.62217,0.13821,0.67845,0.79916,0.03094,0.19243,0.21657,0.78575,0.97173,0.69537,0.13169,0.07277,0.81679,0.04156,0.29464,0.12024,0.15515,-0.00276,0.00462,0.00759,0.19582,0.42112,0.6237,0.23951,0.2099,0.13562,0.41024,0.47494,0.10838,0.25686,0.18746,0.01575,0.53736,0.10592,0.20128,0.26851,0.49702,0.27417,0.20791,0.08988,0.66342,0.95733,0.36217,0.09991,0.30527,0.43547,0.35472,0.41606,0.97659,0.51263,0.2634,0.15911,0.44876,0.66023,0.06717,1.05101,0.02859,0.03589,0.72136,0.13604,0.4821,0.34397,0.07713,1.06429,0.07897,0.29777,0.15029,0.40896,0.66805,0.23478,0.779,0.46673,0.23521,0.08833,0.31463,0.21787,0.04227,0.05977,0.12683,0.07722,0.39931,1.05256,0.27499,0.34261,0.27842,0.31758,0.13355,0.29378,0.81334,0.38346,0.19119,0.17987,0.7844,0.05746,0.37546,0.18492,0.5549,0.18122,-0.0169,-0.03169,0.21273,0.16938,0.82726,0.15504,0.12892,-0.00162,0.27661,0.05998,0.31697,0.09326,0.04098,0.17292,0.23244,0.34876,0.29858,0.4555,0.2203,0.4189,0.58386,0.03866,0.18472,0.1659,0.00476,0.47059,0.53553,0.09602,0.10037,0.4463,0.60627,-0.08107,0.43962,0.27753,0.2842,0.81529,0.6039,0.38239,0.22841,0.25762,0.30067,0.17512,0.14451,0.21972,1.26421,0.11664,1.14546,0.07713,0.54896,0.11848,0.31029,0.2826,1.38452,0.08387,0.5032,0.48571,0.14088,0.39208,0.16115,0.2912,0.50933,0.09034,-0.01866,0.30264,1.2658,0.08104,0.2292,0.31433,0.22717,0.01711,0.3756,0.27992,0.03192,0.12178,0.19638,0.01631,0.24447,0.19156,0.23311,0.49262,0.30644,0.28476,0.14884,0.88386,0.17663,0.33614,0.11651,-0.04236,0.98325,0.40244,0.0664,0.0477,0.9938,1.45349,0.40207,0.13474,0.12691,0.14976,0.58362,0.52088,0.2988,1.11373,-0.02472,0.3325,0.0228,0.11117,-0.01884,0.05436,0.14559,0.00893,0.21744,0.25134,0.44924,0.18103,0.28757,0.19359,0.34613,0.06092,0.38745,0.02984,1.32697,0.08176,0.94124,0.10136,0.23297,0.92295,0.38893,0.1227,0.28566,0.17872
131,train,0,Normal,0.10513,0.0353,0.68221,0.85808,0.67974,0.26003,0.05719,0.67023,0.1676,0.38697,0.14102,0.29408,0.04484,0.27706,0.31625,0.4718,-0.02432,0.05786,0.17616,0.19269,0.52297,0.08483,0.46345,0.20572,0.20816,0.35348,0.47247,0.24228,0.60521,0.1193,0.84756,0.83879,0.02122,0.25208,0.21201,0.76433,0.89028,0.79733,0.20926,0.05969,0.97596,0.18452,0.23151,0.16118,0.11827,0.01438,0.12022,0.07511,0.13055,0.39709,0.6455,0.28574,0.0317,0.18962,0.40821,0.47063,0.06612,0.24799,0.24673,0.04799,0.51447,0.14018,0.23335,0.34868,0.40788,0.2751,0.12273,0.19669,0.69165,0.79371,0.312,0.15589,0.23475,0.33625,0.34809,0.38807,0.87839,0.61549,0.24601,0.22972,0.46116,0.58522,0.10614,0.92746,0.0232,0.0607,0.60122,0.39662,0.59553,0.34115,0.10431,1.0534,0.16687,0.24914,0.18009,0.33714,0.63773,0.273,0.60286,0.59375,0.2559,0.08529,0.32753,0.22605,0.06065,0.08525,0.22557,0.05724,0.24361,1.03246,0.19857,0.34121,0.39046,0.12672,0.19564,0.36212,0.67212,0.45435,0.30198,0.14282,0.85374,0.2255,0.42802,0.12335,0.56861,0.15048,0.02124,-0.03905,0.3908,0.27454,0.78063,0.1139,0.01469,-0.01162,0.24484,0.12569,0.36924,0.15961,0.0379,0.2692,0.24838,0.1905,0.34377,0.49249,0.15686,0.40338,0.56774,0.07279,0.30692,0.17198,0.01935,0.47883,0.38921,0.12049,0.05842,0.3834,0.51295,-0.02718,0.28959,0.20355,0.26176,0.70221,0.55199,0.36261,0.38715,0.17887,0.41279,0.25407,0.29102,0.16373,0.98906,0.28469,1.08242,0.08844,0.60937,0.15271,0.47799,0.25339,1.26867,0.09632,0.5597,0.56743,0.17742,0.53591,0.19579,0.17192,0.49836,0.14291,0.00865,0.28143,1.11862,0.06595,0.30736,0.29503,0.29065,0.24572,0.27354,0.23888,0.07041,0.01957,0.14659,0.03901,0.34495,0.21674,0.15969,0.35334,0.37509,0.30037,0.16053,0.79425,0.29039,0.28962,0.28839,0.13969,0.83791,0.39962,0.13954,0.08232,0.98176,1.27604,0.24506,0.18257,0.27041,0.10843,0.67656,0.51663,0.33785,1.06222,0.00449,0.26764,0.14836,0.18071,0.17243,0.16424,0.10097,0.05046,0.19898,0.14228,0.58838,0.2002,0.22632,0.15698,0.37258,0.09469,0.35405,0.08912,1.34696,0.20065,0.83789,0.18264,0.36226,0.85786,0.39166,0.20226,0.18716,0.1278
188,train,0,Normal,0.238,0.12349,0.52332,0.73397,0.60617,0.70881,0.2415,0.58295,0.45393,0.74565,0.15394,0.63861,0.04182,0.20157,0.58101,0.14611,0.01912,0.03714,0.16302,0.14286,0.47197,0.23959,0.54257,0.35866,0.29685,0.18591,0.56557,0.40998,0.55112,0.17653,1.19734,0.56249,0.13014,0.43557,0.16557,0.56271,0.7585,0.5795,0.20839,0.11405,0.78588,0.12221,0.23321,0.02907,0.52609,0.06832,0.06334,0.13295,0.24522,0.4613,0.41259,0.23597,0.29317,0.45988,0.54336,0.51896,0.01145,0.22185,0.37376,0.21307,0.81127,0.13783,0.66788,0.38542,0.46791,0.15693,0.3751,0.21466,0.77952,0.68494,0.32725,0.29239,0.48389,0.28154,0.61884,0.33785,0.77885,0.67565,0.30288,0.3825,0.51238,0.52875,0.04641,0.73584,0.02998,0.26385,0.53843,0.39211,0.43728,0.44318,-0.00736,0.88248,0.05279,0.37745,0.23977,0.1146,0.61615,0.15141,0.49614,0.56922,0.25439,0.10475,0.31604,0.31827,0.10087,0.32233,0.33059,0.2984,0.31892,1.01376,0.19203,0.37417,0.43131,0.22326,0.338,0.29163,0.45971,0.41842,0.25556,0.21574,0.60189,0.07759,0.42385,0.48754,0.40543,0.27045,0.07451,-0.04155,0.2984,0.22351,0.76,0.05566,0.18292,-0.03749,0.17571,0.21257,0.39455,0.12943,-0.02868,0.19449,0.41996,0.16117,0.16729,0.48454,0.2925,0.63571,0.49167,-0.00262,0.41048,0.06914,0.2513,0.41178,0.43562,0.21349,0.01805,0.64946,0.45925,-0.06843,0.29095,0.29277,0.11512,0.56898,0.31589,0.32632,0.20342,0.1726,0.36174,0.34867,0.25647,0.17918,0.9059,0.04821,0.66464,0.14269,0.47295,0.13427,0.46847,0.14258,0.92209,0.10235,0.45812,0.53096,0.19351,0.42826,0.18106,0.08126,0.43815,0.09448,0.02933,0.41122,1.02872,0.1709,0.3681,0.32945,0.31201,0.22429,0.25657,0.16605,0.04862,0.0603,0.18614,0.01485,0.51768,0.17417,0.28648,0.43093,0.60824,0.42626,0.18757,0.59813,0.19417,0.31248,0.06642,0.0265,0.821,0.82866,0.2136,0.10696,0.62693,1.02635,0.18642,0.2746,0.29487,0.39425,0.42444,0.54894,0.41479,1.07328,0.03862,0.77741,0.25487,0.05527,0.00569,0.14207,0.28502,0.19126,0.22905,0.24438,0.59142,0.15286,0.30959,-0.035,0.36625,0.11521,0.66712,0.04342,0.98015,0.05201,0.64058,0.35984,0.21918,0.69031,0.40384,0.24163,0.24488,0.23685
049,train,1,Hemorrhage,0.50894,0.35191,0.35629,0.58006,0.32569,0.39532,0.37613,0.31043,0.20113,0.36805,0.49105,0.41298,0.40227,0.31374,0.49369,0.37529,0.33428,0.56212,0.23353,0.37906,0.56597,0.15883,0.41925,0.38839,0.22321,0.62197,0.37194,0.21793,0.59917,0.55381,0.30135,0.46673,0.15188,0.3541,0.21807,0.70613,0.57274,0.51374,0.31757,0.2214,0.65668,0.06595,0.29963,0.15842,0.31985,0.33649,0.02126,0.17215,0.209,0.62286,0.44849,0.55561,0.20241,0.1911,0.19167,0.2377,0.57992,0.58958,0.5276,0.32915,0.65417,0.112,0.09607,0.20954,0.35889,0.23064,0.35864,0.45143,0.30206,0.37365,0.61757,0.26901,0.32927,0.39974,0.2938,0.25121,0.42067,0.26084,0.28717,0.07418,0.43851,0.44343,0.21107,0.59102,0.62223,0.16194,0.43195,0.55758,0.4611,0.45139,0.25982,0.69178,0.24368,0.29238,0.21157,0.42072,0.4578,0.49329,0.24468,0.37891,0.30627,0.37009,0.35438,0.09044,0.19706,0.31685,0.14081,0.12475,0.30722,0.39022,0.17486,0.64541,0.13281,0.34736,0.33486,0.64055,0.73813,0.2379,0.38382,0.36007,0.44306,0.0948,0.55321,0.19196,0.72965,0.5399,0.36107,0.3237,0.43121,0.51818,0.498,0.12299,0.34722,0.27763,0.17234,0.46098,0.56512,0.07906,0.39434,0.39522,0.25828,0.29851,0.27236,0.38509,0.20375,0.56041,0.45802,0.44931,0.25325,0.69786,0.10506,0.24704,0.57639,0.02663,0.5882,0.55464,0.49052,0.28408,0.55993,0.20888,0.16354,0.79381,0.47114,0.42953,0.23157,0.19376,0.31341,0.65066,0.76111,0.45958,0.83403,0.13982,0.76577,0.40518,0.51923,0.68057,0.26726,0.3508,0.21484,0.47254,0.49325,0.38606,0.31588,0.38406,0.30882,0.21897,0.37273,0.28482,0.40134,0.47074,0.71601,0.16502,0.182,0.70645,0.328,0.19232,0.36317,0.26549,0.25622,0.40566,0.68316,0.48201,0.15799,0.21499,0.43975,0.49621,0.23902,0.40365,0.44332,0.51485,0.49596,0.46987,0.29585,0.61346,0.3857,0.41556,0.37029,0.33492,0.51244,0.80866,0.46127,0.18924,0.32727,0.16567,0.54173,0.27377,0.29171,0.65409,0.39912,0.22523,0.33085,0.33342,0.17137,0.07564,0.3882,0.33363,0.26129,0.22944,0.37669,0.12874,0.21738,0.47639,0.56859,0.09846,0.52348,0.25622,0.40234,0.34487,0.58443,0.09661,0.19259,0.55469,0.37987,0.33247,0.37105,0.51136
090,train,1,Hemorrhage,0.80975,0.38158,0.2314,0.37008,0.22883,0.58029,0.64936,0.29178,0.30003,0.61753,0.47469,0.57567,0.57386,0.22783,0.80156,0.5496,0.3497,0.74726,0.25257,0.52997,0.32952,0.14672,0.57637,0.97599,0.2682,0.50385,0.50676,0.46289,0.65534,0.84929,0.24564,0.30074,0.46661,0.42521,0.24745,0.44265,0.39267,0.49453,0.50238,0.37451,0.41741,0.21534,0.31515,0.48739,0.74219,0.62692,0.24957,0.33793,0.61941,0.47567,0.32995,0.7581,0.26817,0.48073,0.45459,0.33904,0.7399,1.01166,0.83869,0.82673,0.83896,0.21077,0.4069,0.3129,0.47622,0.26763,0.39111,0.63377,0.28499,0.23453,0.59655,0.31984,0.57318,0.42805,0.32863,0.14296,0.52951,0.34373,0.79163,0.38317,0.55878,0.35474,0.34116,0.43802,1.12481,0.45963,0.18897,0.88396,0.33066,0.43056,0.55183,0.43427,0.23806,0.54076,0.44745,0.50708,0.36138,0.41981,0.67586,0.20042,0.29812,0.5847,0.43675,0.35154,0.1754,0.33814,0.56017,0.45207,0.33322,0.3296,0.34018,0.65356,0.30696,0.7082,0.63688,0.78742,0.3757,0.39135,0.41186,0.83642,0.29909,0.17258,0.70606,0.39941,0.54727,0.72713,0.81728,0.49618,0.51426,0.47295,0.38116,0.34874,0.64805,0.39994,0.28459,0.76381,0.39913,0.24743,0.65329,0.38602,0.57297,0.55147,0.18736,0.58653,0.58698,0.42298,0.48305,0.46497,0.48587,1.10389,0.6209,0.10128,0.29702,0.29051,0.94842,0.92795,0.7494,0.74409,0.47307,0.40588,0.46622,0.73096,0.10199,0.32487,0.3994,0.48843,0.31782,1.42807,0.9584,0.78833,0.45973,0.4266,0.23449,0.71373,0.55413,0.91218,0.22317,0.30944,0.42237,0.58952,0.45027,0.53269,0.45355,0.37093,0.21416,0.30643,0.35658,0.42609,0.80242,0.79858,0.34559,0.3927,0.30285,0.71886,0.30018,0.54271,0.52937,0.83829,0.52854,0.50233,0.93162,0.99681,0.30613,0.32082,0.71015,0.77957,0.34655,0.62861,0.81664,0.37104,0.47538,0.64897,0.58841,0.68447,0.36298,0.39943,0.51631,0.97033,0.43851,0.34536,0.29202,0.35448,0.68668,0.28521,0.23748,0.27894,0.40485,0.40234,0.81393,0.13562,0.60595,0.44491,0.38571,0.18269,0.82005,0.41478,0.20482,0.36963,0.19236,0.11771,0.45061,0.59318,0.77104,0.25002,0.74085,1.04015,0.36405,0.62737,0.43898,0.38786,0.44707,0.36874,0.85538,0.34379,0.56725,0.72949
061,train,1,Hemorrhage,1.23259,1.46563,0.34709,0.243,0.10841,0.29351,1.58949,0.17884,0.71542,0.32628,0.67433,0.76447,1.10174,0.46334,0.28081,1.47558,0.92584,0.87817,0.10088,0.79873,0.55482,0.29125,0.60966,1.42241,0.27385,0.25699,0.66343,0.45793,0.48641,1.57941,0.10175,0.02583,0.47447,0.29238,0.18538,0.32418,0.07473,0.27611,1.52716,0.54114,0.23958,0.51389,0.1026,1.01329,1.09776,1.97112,0.28486,1.13861,0.88684,0.88533,0.1835,1.11145,0.4605,0.81977,0.71839,0.88087,0.93201,0.98731,0.95192,1.07136,1.52033,0.50869,0.2722,0.29387,0.36255,0.5956,0.79227,1.21035,0.16329,0.09538,0.67158,0.50071,0.44171,0.53337,0.43822,0.32823,0.69037,0.25721,1.14656,0.42773,0.35358,0.24137,0.36153,0.01474,2.34964,0.35681,0.01771,1.51004,0.1865,0.37687,0.60925,0.28648,0.70092,0.57763,0.21044,0.88503,0.48972,0.97807,0.60956,0.55508,0.27192,0.89289,0.75672,0.73295,0.20283,0.35441,0.88949,0.93446,0.19487,0.19165,0.54722,1.25637,0.15955,1.2185,0.76443,0.77572,0.26541,0.24093,0.74221,1.33563,0.03321,0.4759,1.12176,0.15683,0.53758,0.85912,2.30025,1.6099,0.43175,0.87369,0.16077,0.30548,1.40452,1.19963,0.31482,1.33109,0.55752,0.49141,1.3462,0.66854,0.73792,1.04934,0.52018,0.95164,1.05148,0.36676,0.37766,1.13222,0.20672,1.51611,0.8033,0.33167,-0.01421,0.68224,2.06069,0.44712,0.79164,1.08876,0.61774,0.56807,0.30874,0.60332,0.11112,0.35036,0.75732,0.36002,0.14023,1.13544,0.99333,1.69112,0.6722,0.22035,0.23184,1.04659,0.83224,1.62291,0.43623,0.77,0.48135,1.28541,0.74747,0.21352,0.58827,0.31683,0.47808,0.16619,0.41729,1.50258,0.94844,1.49522,0.07965,0.83088,0.25247,0.71856,0.39457,1.27137,0.40032,0.73901,1.26522,0.85316,1.1021,1.95987,0.43254,0.43998,0.96718,0.41071,0.33417,0.5391,0.47071,0.06398,1.17485,0.72841,1.1503,1.52482,0.15457,0.14372,0.73123,1.66849,0.484,0.17419,0.23737,0.77929,0.57671,0.25264,0.11977,0.14748,0.28614,0.32245,1.39278,0.05727,1.35001,0.90417,1.14858,0.49666,1.02878,1.09635,0.47166,0.49154,0.43152,0.1849,0.3073,1.4601,0.9389,0.5551,1.04302,2.71343,0.07607,1.16956,0.24757,0.79443,0.63368,0.08078,0.63357,0.47677,0.36209,0.51697
081,train,1,Hemorrhage,0.36499,0.70066,0.56643,0.20763,0.12241,0.1497,0.59347,0.3178,0.30961,0.15881,0.35292,0.13292,0.31198,0.18344,0.25789,0.64896,0.28674,0.25012,0.10745,0.17808,0.36937,0.56102,0.16919,0.31752,0.26286,0.33384,0.22295,0.34779,0.39857,0.43307,0.15831,0.18406,0.08992,0.29249,0.12249,0.24858,0.16925,0.62916,0.62086,0.56125,0.12672,0.30455,0.09055,0.5261,0.22266,0.39681,0.19702,0.06695,0.35373,0.10082,0.26961,0.13617,0.33017,0.42196,0.17216,0.05726,0.14663,0.23921,0.2828,0.27859,0.49304,0.40946,0.50311,0.18408,0.29777,0.71082,0.19104,0.24903,0.19904,0.38054,0.2436,0.47765,0.81601,0.22198,0.31216,0.28073,0.38489,0.27039,0.39976,0.41571,0.53849,0.26678,0.35302,0.23431,0.56437,0.05497,0.24684,0.32273,0.28167,0.27874,0.41751,0.20673,0.53613,0.37221,0.11751,0.36565,0.44485,0.04562,0.47269,0.24716,0.20937,0.29434,0.45728,0.6329,0.29515,0.1084,0.3214,0.29339,0.25323,0.32639,0.79989,0.3206,0.10672,0.45175,0.15417,0.17997,0.0881,0.07352,0.06354,0.40529,0.4753,0.56835,0.56844,0.25139,0.33516,0.25286,0.32162,0.58066,0.07703,0.06571,0.36339,0.33299,0.66104,0.4664,0.50229,0.29153,0.13577,-0.01288,0.4985,0.9508,0.83552,0.09556,0.43741,0.2397,0.44419,0.23567,0.10564,0.42479,0.11258,0.38664,0.27507,0.55743,0.27619,0.39593,0.50795,0.38415,0.20186,0.43685,0.45453,0.11613,0.24248,0.28178,0.08116,0.17023,0.39343,0.18482,0.18061,0.18342,0.12154,0.48801,0.37068,0.1767,0.44396,0.40118,0.47033,0.44106,0.50488,0.38318,0.53771,0.29524,0.25464,0.15703,1.0126,0.2018,0.386,0.44277,0.7985,0.69458,0.22976,0.18575,0.17894,0.20804,0.28543,0.49267,0.33127,0.59028,0.36517,0.22985,0.41418,0.32193,0.09568,0.3857,0.4891,0.22424,0.06617,0.07291,0.36192,0.29597,0.33424,0.17567,0.38464,0.50146,0.19595,0.37396,0.20017,0.26337,0.28534,0.4642,0.33166,0.17213,0.24158,0.40563,0.21287,0.33069,0.29929,0.13485,0.16121,0.22969,0.72453,0.24273,0.5344,0.43681,0.41998,0.23014,0.17787,0.15477,0.41886,0.60431,0.28653,0.32696,0.33069,0.40016,0.24696,0.24839,0.55384,0.56318,0.20539,0.69228,0.21525,0.14452,0.72979,0.15341,0.15967,0.27984,0.36849,0.13757
036,train,1,Hemorrhage,0.27537,0.5097,0.40769,0.3649,0.13381,0.12057,0.37196,0.22873,0.29194,0.15999,0.50041,0.28178,0.29916,0.40344,0.38033,0.62253,0.3098,0.3944,0.1903,0.34063,0.35054,0.31393,0.24793,0.40879,0.17124,0.45802,0.16943,0.29157,0.67348,0.71873,0.06597,0.18698,0.11064,0.16985,0.15326,0.50702,0.16978,0.06235,0.36245,0.3671,0.28827,0.23996,0.37533,0.57923,0.13246,0.41823,0.16878,0.19562,0.32666,0.35424,0.33387,0.44374,0.18638,0.24078,0.15528,0.19623,0.23422,0.41978,0.24327,0.3467,0.54321,0.32602,0.32955,0.3801,0.42399,0.58555,0.35468,0.33119,0.05443,0.41832,0.31656,0.53234,0.46212,0.20422,0.3072,0.16697,0.30445,0.12422,0.74972,0.31542,0.61491,0.41553,0.46946,0.3937,0.7028,0.05317,0.34688,0.57801,0.19811,0.25719,0.57471,0.48593,0.57932,0.22608,0.26949,0.43822,0.18014,0.34684,0.60097,0.20524,0.22601,0.6008,0.45986,0.39034,0.29354,0.08626,0.26759,0.38986,0.07848,0.28779,0.60785,0.28469,0.0377,0.44054,0.12812,0.37531,0.40254,0.22853,0.22335,0.36037,0.23175,0.33444,0.71638,0.39249,0.33118,0.31334,0.44826,0.54135,0.12221,0.28289,0.4261,0.13641,0.56782,0.54905,0.22437,0.43891,0.20109,0.13741,0.50775,0.65327,0.68458,0.27945,0.2929,0.28821,0.36621,0.16125,0.21051,0.46663,0.08744,0.61308,0.31597,0.13314,0.445,0.28408,0.4816,0.23846,0.21839,0.6533,0.27749,0.32384,0.12701,0.49145,0.19047,0.24062,0.38495,0.24813,0.19822,0.26877,0.27967,0.64527,0.597,0.24012,0.36613,0.40488,0.5483,0.4802,0.19599,0.55872,0.38414,0.48711,0.40783,0.06297,0.56814,0.20846,0.18487,0.46779,0.50649,0.38722,0.29375,0.45047,0.46209,0.23757,0.38374,0.4833,0.35882,0.39782,0.20173,0.41877,0.44841,0.51821,0.49292,0.62322,0.43137,0.21491,0.24077,0.3517,0.1675,0.36984,0.53793,0.31851,0.75541,0.55182,0.45804,0.66877,0.44361,0.01537,0.35718,0.69487,0.4508,0.41236,0.35312,0.32846,0.1831,0.24553,0.45276,0.21481,0.19974,0.31733,0.38909,0.06966,0.52615,0.41367,0.33636,0.12942,0.23726,0.26622,0.22133,0.4546,0.2436,0.10004,0.24489,0.44909,0.46158,0.26827,0.63295,0.65231,0.3507,0.42733,0.48605,0.18467,0.49105,0.33511,0.32627,0.34102,0.39582,0.35514
141,train,0,Normal,0.26094,0.08502,0.32555,0.54034,0.23511,0.26157,0.36184,0.74359,0.26447,0.39017,0.34592,0.47024,0.26977,0.33555,0.49141,0.19612,0.14447,0.23537,0.15651,0.24269,0.25909,0.21012,0.42453,0.47442,0.24315,0.49538,0.30159,0.29583,0.62504,0.33087,0.29483,0.32277,0.18147,0.14976,0.39732,0.59501,0.48898,0.44396,0.12545,0.13017,0.60921,0.0956,0.34239,0.27482,0.26726,0.20759,0.15984,0.29935,0.26413,0.36952,0.4235,0.43306,0.29539,0.31379,0.24441,0.34513,0.23651,0.3492,0.43368,0.18136,0.41103,0.13905,0.29269,0.25592,0.46031,0.18629,0.45672,0.26504,0.29254,0.54111,0.44008,0.3841,0.37906,0.40433,0.41466,0.15033,0.63674,0.47035,0.28329,0.35607,0.55138,0.45583,0.18603,0.64169,0.1252,0.21578,0.45561,0.2464,0.35321,0.50032,0.22366,0.72224,0.25565,0.29201,0.32749,0.3841,0.39401,0.30886,0.5687,0.30616,0.27433,0.28692,0.47288,0.39383,0.20612,0.21018,0.31466,0.13478,0.30362,0.47652,0.2632,0.42719,0.19124,0.35249,0.16142,0.53781,0.66044,0.39718,0.25434,0.37212,0.49412,0.07894,0.47378,0.32269,0.51509,0.27148,0.16749,0.25112,0.33441,0.37933,0.71514,0.29139,0.33933,0.16636,0.20157,0.23035,0.27693,0.13468,0.16853,0.2927,0.37794,0.29204,0.18114,0.50509,0.42352,0.55789,0.22174,0.21983,0.14466,0.45057,0.23415,0.28614,0.47378,0.2228,0.28573,0.59527,0.39645,0.26388,0.59457,0.08968,0.31582,0.64524,0.26884,0.44725,0.06355,0.38071,0.23558,0.51438,0.24985,0.36598,0.69256,0.38382,0.5855,0.21615,0.56982,0.29165,0.23719,0.48174,0.65434,0.37153,0.42387,0.27102,0.23093,0.39653,0.12246,0.27239,0.39588,0.17382,0.33191,0.33364,0.72919,0.33888,0.2728,0.38215,0.28941,0.29381,0.34843,0.27438,0.25494,0.22615,0.51693,0.29467,0.34595,0.33688,0.36802,0.42803,0.35233,0.65255,0.33263,0.60889,0.44467,0.32802,0.16195,0.30709,0.69258,0.29707,0.1091,0.30106,0.59901,0.83353,0.34737,0.23336,0.34461,0.37406,0.51222,0.29586,0.27732,0.60978,0.15636,0.20794,0.2266,0.08751,0.10001,0.14774,0.29473,0.24821,0.30012,0.24451,0.27554,0.05238,0.31908,0.41473,0.39382,0.08474,0.7332,0.28148,0.6776,0.22081,0.57864,0.23799,0.27889,0.54465,0.39565,0.37288,0.32764,0.44223
135,train,0,Normal,0.33242,-0.03414,0.34749,0.84329,0.5283,0.39776,-0.024,0.59522,0.30744,0.6994,0.35476,0.38362,0.02149,0.20062,0.62986,0.28243,0.07145,0.13885,0.13052,0.19293,0.58766,0.0605,0.38032,0.20418,0.0527,0.29875,0.54164,0.2367,0.48129,0.06718,0.74996,0.83015,0.05113,0.27809,0.2539,0.66356,0.85085,0.60318,0.03645,0.08309,0.89677,0.03869,0.18998,0.05539,0.16113,0.03863,0.04025,0.12767,0.18203,0.3793,0.59387,0.33216,0.18437,0.20972,0.31146,0.33986,0.05749,0.29909,0.34293,0.0519,0.44541,0.06504,0.18344,0.15375,0.5334,0.20562,0.26562,-0.01779,0.62771,0.60926,0.36826,0.24299,0.31836,0.40472,0.22182,0.22191,0.72437,0.48126,0.20039,0.14454,0.58013,0.49617,0.1854,0.73793,-0.07904,0.01445,0.5778,0.17988,0.52747,0.38579,0.08574,1.09705,0.10606,0.34657,0.22938,0.29279,0.41385,0.14935,0.53568,0.39205,0.23573,0.01635,0.19227,0.09762,0.09545,0.1082,0.17524,0.02928,0.35116,0.80477,0.13761,0.42592,0.41492,0.40895,0.14742,0.25573,0.63175,0.3855,0.2683,0.01657,0.61722,0.14911,0.38816,0.21171,0.31539,0.22859,-0.03145,-0.00315,0.30976,0.15991,0.73923,0.1877,0.26191,-0.05821,0.14444,0.20749,0.4467,0.12985,-0.07197,0.22224,0.44977,0.18158,0.38381,0.54975,0.11648,0.23822,0.31814,0.0729,0.20936,0.22086,0.01607,0.31533,0.32311,0.18316,0.12041,0.63784,0.53499,-0.06111,0.31739,0.20691,0.21998,0.908,0.56884,0.37716,0.17637,0.17931,0.25464,0.21039,0.30628,0.27218,1.20575,0.03489,1.00636,0.0371,0.77796,0.18141,0.30181,0.19295,1.02825,0.12646,0.66564,0.39956,0.08355,0.50398,0.1678,0.23653,0.4156,-0.06662,0.01181,0.32835,1.14761,0.15448,0.05647,0.28201,0.28477,0.06819,0.40287,0.20521,0.16788,0.07445,0.15269,0.02068,0.17734,0.22857,0.13648,0.4738,0.20361,0.41468,0.20282,0.71165,0.12637,0.39376,0.14078,0.05358,0.81801,0.28419,0.17332,-0.03595,0.86189,1.21468,0.32193,0.3401,0.09625,0.31524,0.55386,0.5501,0.28807,0.81862,-0.0214,0.21302,0.02873,0.12066,-0.00514,-0.01516,0.18681,0.10011,0.3271,0.16484,0.44133,0.28087,0.18137,0.14718,0.28629,0.01823,0.62193,-0.02375,1.09601,0.04612,0.8259,0.2039,0.09081,0.76164,0.34923,0.27544,0.34234,0.22455
139,train,0,Normal,0.22431,-0.00095,0.57139,0.86105,0.49974,0.25817,0.10506,0.84118,0.29971,0.59817,0.41777,0.27317,-0.0029,0.12399,0.34013,0.30801,0.1644,0.16216,0.13116,0.10472,0.68321,0.16446,0.36864,0.15665,0.16077,0.29707,0.37398,0.2578,0.63545,0.06597,0.63749,0.83658,0.01722,0.21767,0.26288,0.70149,0.85181,0.63079,0.14573,0.05936,0.77218,0.06708,0.18547,0.10995,0.10211,0.06002,0.1491,0.10611,0.2139,0.43219,0.72462,0.34659,0.18943,0.1645,0.26027,0.45194,0.0063,0.30378,0.23317,0.0465,0.46892,0.05248,0.21754,0.25591,0.57603,0.18386,0.14953,-0.00117,0.72617,0.91207,0.41624,0.22919,0.34033,0.43233,0.30493,0.26943,0.88059,0.42791,0.1301,0.32785,0.55784,0.6513,0.02908,0.98755,-0.04652,0.01104,0.73679,0.17245,0.42227,0.39561,0.01544,1.11611,0.13429,0.24812,0.27644,0.46203,0.6198,0.21477,0.61903,0.55398,0.14211,0.08202,0.15813,0.25432,0.08271,0.0834,0.12121,0.07911,0.32473,1.03683,0.26855,0.38595,0.27996,0.40232,0.20475,0.30396,0.92809,0.40193,0.25681,0.04975,0.65027,0.11943,0.37179,0.04006,0.36461,0.22694,0.02092,-0.01757,0.08052,0.20513,0.83264,0.19001,0.15128,-0.00187,0.21524,0.02591,0.4065,0.11221,0.00601,0.31332,0.36916,0.19634,0.39857,0.52445,0.29263,0.3758,0.29046,0.18705,0.20605,0.18953,0.02492,0.3778,0.37718,0.17771,0.11228,0.4848,0.5556,-0.06714,0.32215,0.18056,0.31642,0.91308,0.60609,0.37926,0.25261,0.32587,0.25808,0.21304,0.05948,0.12066,1.2995,0.12506,1.05823,0.07662,0.56501,0.21074,0.34274,0.24745,1.22328,0.08408,0.48407,0.3953,0.1567,0.40242,0.1817,0.24456,0.43436,-0.02277,0.01496,0.2381,1.0291,0.18912,0.06613,0.33915,0.20152,0.03877,0.32342,0.29172,0.05607,0.08208,0.1082,0.04808,0.17405,0.20722,0.21469,0.42886,0.26245,0.3639,0.21812,0.91195,0.23604,0.34479,0.12248,0.1086,0.98993,0.42308,0.11952,0.02502,0.93616,1.41003,0.39345,0.26716,0.12237,0.27633,0.46277,0.45887,0.37238,1.17615,-0.02378,0.21837,0.08789,0.10865,0.01059,0.01531,0.23462,0.06744,0.25503,0.36274,0.4281,0.24893,0.16974,0.13597,0.3488,-0.01301,0.5937,0.04524,1.28881,0.09962,0.92491,0.19976,0.19566,0.93316,0.46214,0.20848,0.37167,0.19511
017,train,1,Hemorrhage,0.42058,0.37833,0.29082,0.28856,0.16058,0.33978,0.42562,0.35835,0.28641,0.4249,0.47181,0.4851,0.61208,0.44562,0.47834,0.41858,0.49102,0.50451,0.19066,0.37884,0.18265,0.17388,0.42642,0.51974,0.19199,0.42403,0.30446,0.38348,0.38726,0.66299,0.08587,0.15621,0.19593,0.28076,0.18848,0.52471,0.22604,0.35229,0.46613,0.32621,0.28039,0.26422,0.292,0.65565,0.43264,0.58085,0.24527,0.31861,0.30647,0.46201,0.25172,0.54071,0.25874,0.40293,0.28149,0.18362,0.32914,0.64564,0.55436,0.45915,0.67482,0.35851,0.29925,0.23719,0.22775,0.18574,0.29745,0.71617,0.18559,0.21657,0.46783,0.26219,0.26255,0.26169,0.39677,0.13046,0.4965,0.24936,0.47603,0.28926,0.47317,0.31366,0.35905,0.19251,0.8101,0.21036,0.11112,0.64569,0.36799,0.30723,0.34225,0.35478,0.40057,0.19374,0.42723,0.61017,0.26272,0.23989,0.46579,0.36498,0.44861,0.6047,0.47829,0.30064,0.19397,0.22009,0.40805,0.34968,0.13912,0.21869,0.33981,0.61471,0.25826,0.43882,0.39869,0.50132,0.35066,0.4795,0.58581,0.55792,0.19576,0.30163,0.45394,0.1561,0.42049,0.59163,0.70936,0.53168,0.33088,0.35985,0.36025,0.35663,0.52477,0.33919,0.37422,0.75538,0.35464,0.25766,0.66001,0.44844,0.35508,0.38986,0.40392,0.51586,0.42758,0.48093,0.44678,0.35947,0.32666,0.68264,0.47075,0.1052,0.13798,0.16203,0.67613,0.40434,0.44979,0.4289,0.42096,0.14718,0.48994,0.52093,0.20027,0.18492,0.4289,0.41103,0.24336,0.68164,0.44359,0.58475,0.32849,0.37063,0.20582,0.59909,0.50863,0.6509,0.29591,0.37554,0.38058,0.40611,0.43054,0.24276,0.27662,0.43573,0.16948,0.26179,0.39857,0.62042,0.57276,0.49323,0.22437,0.3053,0.2482,0.30627,0.33874,0.46242,0.3375,0.69639,0.36487,0.27704,0.67564,0.57761,0.2429,0.26176,0.26408,0.30363,0.21895,0.64526,0.4961,0.14463,0.59487,0.36645,0.67183,0.54381,0.2304,0.24398,0.31096,0.61177,0.36736,0.24151,0.32595,0.32537,0.53175,0.17295,0.12276,0.33175,0.26753,0.35326,0.62731,0.05672,0.66938,0.62239,0.37245,0.2874,0.51505,0.52979,0.21316,0.3862,0.24917,0.11311,0.32687,0.59651,0.443,0.18171,0.547,0.8783,0.29677,0.55452,0.2122,0.35671,0.62244,0.13689,0.35944,0.29949,0.31924,0.40833
130,train,0,Normal,0.18349,0.06102,0.54187,0.74494,0.41661,0.20622,0.10869,0.73848,0.2405,0.57529,0.29558,0.23217,0.15798,0.36628,0.36689,0.33384,0.11473,0.17687,0.12182,0.23717,0.49883,0.16068,0.35669,0.29682,0.13314,0.40215,0.3459,0.31397,0.58958,0.18988,0.60172,0.61304,0.08891,0.28114,0.2,0.71894,0.69047,0.61083,0.16964,0.11048,0.95326,0.0861,0.29145,0.15715,0.16849,0.12977,0.08789,0.15992,0.15209,0.36443,0.58802,0.31271,0.15564,0.10315,0.2664,0.32015,0.20901,0.29607,0.20827,-0.0123,0.42883,0.08964,0.16332,0.24734,0.465,0.1323,0.09155,0.16598,0.53862,0.78836,0.39032,0.28366,0.25856,0.40357,0.30425,0.41462,0.79363,0.42949,0.22491,0.17699,0.62982,0.66339,0.20743,0.79005,-0.0531,-0.01174,0.59466,0.15832,0.45691,0.31624,0.08687,1.0535,0.18324,0.2408,0.32208,0.43421,0.44218,0.32098,0.5597,0.38891,0.23235,0.18219,0.22923,0.18929,0.15199,0.04886,0.1658,0.05473,0.22377,0.69077,0.23403,0.35062,0.2699,0.12262,0.10974,0.34705,0.899,0.33541,0.32231,0.0394,0.76097,0.18126,0.42033,0.12581,0.50845,0.17364,0.0289,0.04418,0.31245,0.30086,0.75691,0.22407,0.08489,0.0247,0.27411,0.17308,0.49821,0.21149,0.07654,0.36231,0.29716,0.15446,0.43602,0.54198,0.26197,0.28219,0.36198,0.18894,0.24345,0.08344,0.0512,0.37244,0.30113,0.14987,0.1332,0.30727,0.48947,-0.05902,0.26215,0.31163,0.29157,0.82258,0.48833,0.37246,0.25242,0.18345,0.33517,0.24112,0.30888,0.23855,1.29005,0.18941,0.94302,0.09304,0.63095,0.19378,0.26114,0.3949,1.08788,0.17578,0.62691,0.37681,0.16164,0.41244,0.12519,0.24963,0.27877,0.00122,0.00178,0.30909,1.00761,0.17258,0.10736,0.32875,0.3266,0.11445,0.23365,0.31959,0.09072,0.08682,0.21345,0.07534,0.16171,0.24967,0.20473,0.42013,0.24512,0.46037,0.23632,0.75531,0.29044,0.38149,0.33614,0.23646,0.85263,0.34245,0.20134,0.08785,0.91793,1.17161,0.41042,0.13148,0.22047,0.15601,0.52312,0.48283,0.3595,0.96344,-0.01964,0.21503,0.22447,0.25987,0.15191,0.08019,0.41333,0.177,0.23152,0.26368,0.43296,0.18802,0.21561,0.29142,0.37338,0.02317,0.44448,0.04522,1.07048,0.18322,0.82358,0.29131,0.28257,0.78526,0.34088,0.34591,0.18972,0.15465
053,train,1,Hemorrhage,0.26911,-0.02973,0.37155,0.74541,0.5045,0.43459,0.09847,0.67041,0.26755,0.68585,0.41861,0.32755,0.21144,0.3406,0.51089,0.28305,0.24744,0.10622,0.16092,0.20974,0.44933,0.22012,0.42451,0.27414,0.06433,0.36469,0.37202,0.34067,0.65621,0.21244,0.69999,0.47327,0.0074,0.2421,0.21734,0.5089,0.66408,0.6242,0.1245,0.16471,0.8264,0.07109,0.38596,0.1541,0.17569,0.04786,-0.03993,0.06256,0.20012,0.49658,0.59121,0.28833,0.17573,0.22333,0.28707,0.46716,0.07857,0.36416,0.31184,0.01265,0.49261,0.16718,0.24993,0.34156,0.41979,0.13675,0.174,0.06341,0.56036,0.66496,0.4401,0.236,0.15248,0.37587,0.26609,0.13482,0.72659,0.51713,0.30933,0.21288,0.61793,0.5517,0.07088,0.71637,0.06232,0.0506,0.52697,0.18163,0.32876,0.28727,0.09408,1.10926,0.14157,0.36418,0.40127,0.46651,0.38501,0.24021,0.64377,0.45363,0.2391,0.12099,0.25728,0.22655,0.05883,0.01528,0.28829,0.03425,0.25243,0.94263,0.1445,0.49229,0.3891,0.28737,0.02456,0.34522,0.84809,0.40659,0.20234,0.10585,0.50496,0.07782,0.52566,0.23909,0.6866,0.11203,-0.01442,0.12502,0.36383,0.28555,0.85314,0.15577,0.19277,0.06044,0.30846,0.2121,0.44389,0.18104,-0.0211,0.27277,0.34272,0.17405,0.25975,0.43004,0.30467,0.39,0.45248,0.17603,0.25728,0.24168,0.02482,0.36993,0.38925,0.04844,0.09805,0.5104,0.56207,-0.07303,0.36395,0.31627,0.35993,0.67106,0.44256,0.43358,0.18077,0.37614,0.21835,0.24443,0.28723,0.29221,0.90762,0.13053,0.78246,0.09781,0.64911,0.18844,0.32499,0.3566,0.93666,0.20495,0.42825,0.44685,0.18233,0.36754,0.12336,0.15997,0.44818,-0.01376,0.04627,0.26376,0.91722,0.20495,0.19629,0.25278,0.22702,0.09445,0.29241,0.47686,0.09185,0.10482,0.33736,0.04828,0.23545,0.29751,0.24198,0.56009,0.16168,0.51319,0.26846,0.69663,0.40295,0.28708,0.08595,0.05721,0.8388,0.48898,0.23952,0.09315,0.80276,1.10749,0.41059,0.22113,0.21922,0.18489,0.42171,0.60705,0.45561,1.04181,-0.04258,0.26758,0.15444,0.17545,0.03455,0.02042,0.42038,0.19395,0.30179,0.35776,0.32064,0.25461,0.23663,0.25215,0.39412,0.00861,0.65018,0.11149,1.03288,0.11564,0.74148,0.21563,0.29089,0.67088,0.31638,0.43396,0.23483,0.23454
026,train,1,Hemorrhage,0.64312,0.76636,0.30907,0.2474,0.15037,0.32512,0.48768,0.3003,0.2199,0.30236,0.29586,0.23338,0.20798,0.16567,0.39181,0.67532,0.20135,0.27858,0.15198,0.2747,0.50365,0.43222,0.23725,0.30386,0.38869,0.30827,0.38171,0.42886,0.37567,0.50621,0.19637,0.29106,0.1741,0.27602,0.09182,0.2792,0.07956,0.30233,0.43564,0.53029,0.07883,0.27136,0.19091,0.48467,0.5889,0.52343,0.10604,0.18979,0.47647,0.27231,0.12909,0.27909,0.32995,0.33279,0.23383,0.14857,0.22812,0.52088,0.31054,0.44367,0.52869,0.41599,0.60027,0.2275,0.22877,0.67868,0.20657,0.35084,0.19633,0.26316,0.29072,0.59383,0.59643,0.14718,0.37115,0.27637,0.34449,0.23944,0.63541,0.35363,0.51813,0.23541,0.40589,0.21064,0.73299,0.24965,0.07979,0.50329,0.17023,0.31348,0.41965,0.13378,0.54626,0.25926,0.16415,0.47264,0.29197,0.21531,0.37556,0.23573,0.37691,0.41107,0.4332,0.45651,0.26627,0.24651,0.52968,0.40343,0.16131,0.59219,0.44461,0.22272,0.25071,0.34339,0.29677,0.21616,0.08793,0.11963,0.21682,0.45298,0.29962,0.58843,0.67348,0.50301,0.27154,0.35679,0.58478,0.5412,0.087,0.10733,0.33044,0.2586,0.57005,0.58873,0.41403,0.54676,0.2483,0.11786,0.50803,0.6291,0.96957,0.32154,0.37573,0.25554,0.37659,0.26904,0.21647,0.44129,0.13426,0.51022,0.404,0.30876,0.11421,0.34043,0.67759,0.46082,0.22837,0.42548,0.31515,0.2117,0.20884,0.22054,0.17476,0.02999,0.37781,0.22969,0.11937,0.36977,0.28979,0.50771,0.22992,0.11622,0.19033,0.55036,0.43455,0.56463,0.36341,0.35319,0.39965,0.41558,0.28626,0.32418,0.8053,0.30115,0.24773,0.31976,0.73063,0.52373,0.30554,0.39015,0.16258,0.16857,0.4844,0.44381,0.39944,0.64598,0.22552,0.2893,0.58352,0.31154,0.16051,0.59899,0.47967,0.23903,0.07142,0.24323,0.50277,0.2246,0.32823,0.20611,0.23547,0.51481,0.31694,0.29176,0.15397,0.20796,0.20894,0.57596,0.27272,0.16651,0.13302,0.45732,0.27014,0.30723,0.13617,0.1341,0.29898,0.17878,0.68854,0.13483,0.44469,0.48004,0.28408,0.30249,0.16337,0.21674,0.26604,0.52953,0.36038,0.21789,0.49202,0.27252,0.35438,0.21431,0.45317,0.82492,0.1647,0.65911,0.09482,0.21408,0.45252,0.12643,0.20669,0.17083,0.47504,0.31065
106,val,0,Normal,0.34563,0.46441,0.639,0.86914,0.37455,0.13787,0.40952,0.57873,0.27881,0.21881,0.31483,0.33334,0.0809,0.43508,0.44022,0.56399,0.02637,0.14981,0.22324,0.07712,0.58742,0.25314,0.41467,0.25913,0.28385,0.45498,0.348,0.20603,0.89971,0.52707,0.46551,0.49431,-0.02349,0.16488,0.14325,0.54088,0.482,0.45632,0.23349,0.3029,0.43458,0.14524,0.24667,0.3522,0.16844,0.20476,0.12348,0.19919,0.1588,0.52243,0.59318,0.24647,0.19665,0.43173,0.23103,0.33572,0.0767,0.35616,0.39956,0.16317,0.52594,0.25982,0.36041,0.45104,0.37283,0.52112,0.24566,0.34335,0.41933,0.73053,0.45044,0.4242,0.40199,0.36876,0.59398,0.22151,0.73678,0.48541,0.51055,0.42644,0.70916,0.56702,0.17258,0.72444,0.48957,0.13033,0.50185,0.18458,0.17469,0.47805,0.64128,0.75602,0.34698,0.2014,0.18893,0.43323,0.4597,0.1042,0.64432,0.33849,0.27177,0.28304,0.80819,0.46686,0.09657,0.27602,0.16219,0.32317,0.31064,0.86467,0.52251,0.36256,0.11411,0.54588,0.32407,0.67967,0.61144,0.19624,0.08985,0.2754,0.53818,0.15174,0.71897,0.39498,0.61966,0.11399,0.06105,0.11878,0.10571,0.17531,0.71457,0.20512,0.46906,0.29152,0.21927,0.13851,0.1372,0.02831,0.48862,0.76701,0.80762,0.2104,0.38955,0.25043,0.36304,0.3826,0.37106,0.35954,0.14256,0.19362,0.11725,0.48842,0.70967,0.31191,0.23406,0.66575,0.57099,0.23622,0.72743,0.15278,0.2518,0.51611,0.34914,0.38704,0.76692,0.24751,0.20866,0.29842,0.28592,0.32049,0.90992,0.19456,1.01033,0.17647,0.67979,0.69802,0.4803,0.54454,1.01701,0.23192,0.30858,0.19091,0.6269,0.36119,0.16235,0.28115,0.55007,0.30145,0.20087,0.48327,0.9361,0.46373,0.42002,0.33524,0.17108,0.21418,0.36901,0.34382,0.06478,0.21605,0.40243,0.38231,0.50456,0.40197,0.23455,0.46687,0.58381,0.42307,0.28572,0.54355,0.71989,0.34377,0.16006,0.46186,0.91275,0.46768,0.25796,0.3877,0.67389,0.87869,0.42772,0.15611,0.1862,0.30616,0.59047,0.40661,0.25417,0.67708,0.29974,0.36143,0.19824,0.13095,0.00127,0.17675,0.13701,0.10803,0.42601,0.39232,0.44105,0.3649,0.27364,0.20135,0.43369,0.30141,0.79744,0.10269,0.98423,0.21001,0.66747,0.06401,0.72361,0.5853,0.33318,0.18789,0.34256,0.19997
043,val,1,Hemorrhage,0.61405,0.43779,0.15846,0.17854,0.13882,0.33842,0.54772,0.40978,0.39189,0.40346,0.3536,0.5533,0.48164,0.4114,0.46839,0.52914,0.37812,0.57901,0.22425,0.41761,0.37557,0.35774,0.48159,0.6752,0.2415,0.27733,0.53791,0.42636,0.30898,0.49342,0.19438,0.18076,0.36376,0.34374,0.26632,0.23406,0.17845,0.35757,0.53022,0.33182,0.28395,0.2513,0.16568,0.40146,0.57865,0.63372,0.11694,0.37532,0.30407,0.23276,0.25211,0.65482,0.41811,0.587,0.56879,0.14452,0.45201,0.59142,0.60073,0.38621,0.82157,0.27248,0.47788,0.27629,0.29174,0.36726,0.38737,0.67738,0.32664,0.08796,0.43749,0.49707,0.62439,0.25872,0.45343,0.07795,0.27027,0.34491,0.53043,0.3115,0.47309,0.26947,0.30989,0.15489,0.69943,0.46549,0.15543,0.86063,0.28662,0.3858,0.33904,0.1998,0.35425,0.46453,0.20696,0.47878,0.36411,0.24918,0.4012,0.37575,0.30651,0.27284,0.415,0.53255,0.33464,0.25896,0.57484,0.46698,0.20573,0.47399,0.3505,0.58007,0.21168,0.51088,0.46206,0.56377,0.11349,0.195,0.37385,0.63452,0.24089,0.25944,0.608,0.52198,0.2688,0.37995,0.66339,0.56706,0.35899,0.44511,0.20909,0.48045,0.67903,0.57591,0.25846,0.62643,0.3749,0.06315,0.4403,0.53224,0.55196,0.57716,0.34504,0.42115,0.57581,0.46928,0.28845,0.57173,0.35823,0.77613,0.49441,0.25361,0.11287,0.29713,0.72125,0.86663,0.47764,0.53606,0.46786,0.23013,0.37286,0.38035,0.1228,0.43344,0.36851,0.25383,0.1844,0.62537,0.55991,0.7137,0.17461,0.34848,0.31654,0.52231,0.22332,1.0411,0.40191,0.49625,0.23656,0.57504,0.34454,0.26501,0.32312,0.4602,0.38393,0.18422,0.6543,0.63498,0.48516,0.48161,0.30174,0.36385,0.21767,0.35795,0.28317,0.5478,0.36541,0.31424,0.31929,0.26381,0.50828,0.73433,0.42816,0.39353,0.23565,0.30859,0.22783,0.5939,0.52303,0.10653,0.42611,0.4072,0.39596,0.66474,0.14558,0.55503,0.51736,0.60669,0.27149,0.18419,0.25416,0.45884,0.33487,0.21483,0.24692,0.13728,0.30141,0.32568,0.67074,0.1398,0.37769,0.29777,0.3619,0.33358,0.81021,0.51821,0.50832,0.27341,0.19949,0.23223,0.26446,0.47765,0.23574,0.1608,0.61069,0.88238,0.21639,0.36599,0.1396,0.30092,0.54668,0.24179,0.37088,0.37936,0.35602,0.40209
096,val,1,Hemorrhage,0.48153,0.68857,0.11075,0.31913,0.17512,0.33,0.74946,0.24075,0.35236,0.44175,0.31373,0.4743,0.69674,0.55558,0.71615,0.74088,0.60556,0.66577,0.28645,0.43517,0.16147,0.2583,0.64951,0.91357,0.32007,0.48105,0.49069,0.50392,0.47874,0.8364,0.24688,0.11646,0.38974,0.27522,0.37888,0.3356,0.12915,0.24075,0.52369,0.42383,0.24789,0.14489,0.36122,0.61429,0.6594,0.71777,0.16786,0.32682,0.85188,0.48341,0.31494,1.02436,0.40101,0.41041,0.41257,0.4068,0.56908,0.6424,0.82262,0.51854,0.80114,0.30434,0.38208,0.38062,0.27169,0.26881,0.67191,0.68685,0.29472,0.06024,0.38707,0.4834,0.62317,0.38001,0.32337,0.13933,0.53312,0.48889,0.55016,0.2616,0.24885,0.35023,0.19066,0.17695,1.32241,0.40656,0.19934,0.73627,0.31844,0.44092,0.3996,0.29593,0.55542,0.32466,0.29269,0.56004,0.16543,0.54664,0.49438,0.11603,0.30173,0.49768,0.46736,0.42778,0.19541,0.30283,0.68861,0.42562,0.19684,0.27847,0.31761,0.66783,0.24772,0.66086,0.31117,0.7544,0.36397,0.26215,0.29589,0.84308,0.12911,0.04654,0.8609,0.53879,0.30889,0.68077,0.89435,0.74897,0.50418,0.51341,0.32112,0.34268,0.57133,0.59998,0.34622,0.76013,0.34904,0.1727,0.61628,0.3921,0.36055,0.7246,0.20482,0.42483,0.48779,0.47332,0.30108,0.59985,0.23439,1.04028,0.45513,0.16444,0.08261,0.0901,1.01266,0.69065,0.52451,0.67626,0.31631,0.32339,0.45589,0.54149,0.11277,0.26517,0.34048,0.35087,0.31473,1.11286,1.12137,0.93594,0.20281,0.43493,0.13256,0.78479,0.38671,0.83791,0.19391,0.5692,0.43451,0.76363,0.5136,0.26473,0.26154,0.3895,0.32893,0.17501,0.34054,0.71415,0.60448,0.63985,0.23886,0.1835,0.50731,0.49664,0.34389,0.55969,0.18379,0.47316,0.72589,0.56363,0.89127,1.03563,0.306,0.1896,0.7294,0.43267,0.31378,0.76339,0.47361,0.1276,0.53148,0.4661,0.51512,0.55579,0.19059,0.34781,0.53897,0.97621,0.3136,0.14603,0.31972,0.22037,0.28482,0.28538,0.27191,0.17202,0.37656,0.17527,0.70513,0.14694,0.65564,0.4286,0.35344,0.36535,0.78,0.59333,0.23716,0.19539,0.25383,0.12221,0.37026,0.8622,0.45031,0.32715,0.63183,1.19824,0.26195,0.41556,0.13969,0.25674,0.53823,0.1769,0.50309,0.38027,0.28185,0.52964
154,val,0,Normal,0.12754,0.04977,0.18875,0.61868,0.35064,0.24617,0.06421,0.56559,0.33574,0.64933,0.22847,0.43131,0.07564,0.19589,0.2678,0.21776,0.12456,0.13884,0.1195,0.08813,0.45079,0.22585,0.31532,0.2279,0.29326,0.19444,0.28089,0.41822,0.33828,0.18263,0.50145,0.44581,0.03415,0.17262,0.20156,0.58972,0.55593,0.45395,0.10476,0.131,0.57387,0.13341,0.30068,0.16112,0.19983,0.06381,0.0883,0.05153,0.13773,0.25138,0.32187,0.265,0.30572,0.1187,0.20598,0.34473,0.24891,0.35339,0.21238,0.12667,0.40174,0.12464,0.32872,0.32506,0.43049,0.25437,0.19996,0.04895,0.30899,0.50803,0.22607,0.30089,0.26907,0.36985,0.38763,0.11254,0.74421,0.29711,0.14498,0.20846,0.37346,0.53588,0.28489,0.52804,0.13192,-0.01613,0.64054,0.15075,0.50569,0.31466,0.00711,0.66616,0.16154,0.20148,0.27317,0.256,0.33876,0.17651,0.41242,0.35965,0.20651,0.10759,0.17829,0.22999,0.1919,0.1934,0.16234,0.13966,0.2882,0.3736,0.24851,0.21559,0.17234,0.34818,0.30609,0.31919,0.65885,0.3076,0.27372,-0.01148,0.67389,0.15343,0.30263,0.22684,0.24709,0.29475,0.02786,0.01912,0.22445,0.2621,0.54028,0.14642,0.09403,0.10397,0.19763,0.22006,0.31757,0.04996,0.09127,0.22062,0.37839,0.19842,0.22903,0.49095,0.31492,0.41509,0.39822,-0.0028,0.14349,0.22784,0.1665,0.43019,0.47104,0.24968,0.21607,0.22226,0.29019,0.01348,0.2205,0.19096,0.19808,0.75411,0.36894,0.22876,0.14235,0.1659,0.1987,0.19442,0.32097,0.27218,0.74823,0.19485,0.68989,0.12319,0.20188,0.13082,0.23011,0.32959,0.64643,0.16621,0.34579,0.38063,0.13049,0.37024,0.28806,0.21785,0.4248,-0.02401,0.11862,0.20975,0.78947,0.10612,0.2318,0.37229,0.26942,0.19716,0.02044,0.23153,0.12298,0.16103,0.28309,0.17247,0.15314,0.15298,0.3172,0.36422,0.30754,0.38659,0.23065,0.74122,0.10664,0.39701,0.02578,-0.02411,0.63074,0.29881,0.09686,0.06962,0.60246,0.99039,0.38346,0.15468,0.28737,0.17101,0.439,0.25924,0.37991,0.68816,0.12967,0.4285,0.28469,0.19306,0.09934,0.08699,0.34243,0.25883,0.11335,0.26244,0.41485,0.25291,0.31339,0.20175,0.32813,0.06112,0.33558,0.09213,0.55563,0.20015,0.55018,0.2349,0.16958,0.56347,0.35542,0.21036,0.28833,0.32883
197,val,0,Normal,0.38229,0.11758,0.36252,0.79088,0.5859,0.58054,0.04978,0.65349,0.31082,0.6651,0.17101,0.37798,0.07685,0.27232,0.61268,0.22316,-0.03608,0.14945,0.21589,0.23674,0.53578,0.06184,0.36846,0.25481,0.27634,0.28289,0.52735,0.25861,0.44937,-0.01348,0.714,0.70882,0.19643,0.16838,0.17077,0.66193,0.69097,0.75697,0.02579,0.04255,0.84446,0.05522,0.19807,-0.00242,0.35696,0.01686,0.06128,0.24726,0.30063,0.35635,0.537,0.23291,0.22659,0.30615,0.30547,0.28483,0.07748,0.19652,0.63795,-0.00631,0.54647,-0.0302,0.46113,0.25001,0.45292,0.13391,0.23126,0.05437,0.46683,0.42045,0.54013,0.08251,0.43369,0.33205,0.39828,0.32495,0.5267,0.52174,0.29183,0.19841,0.47736,0.35315,0.24053,0.57433,0.11028,0.20516,0.47189,0.34561,0.78394,0.25787,0.05997,0.83256,0.08822,0.27809,0.18556,0.22508,0.3277,0.10575,0.39641,0.52527,0.36176,0.07156,0.24086,0.30675,0.10629,0.25072,0.30497,0.07384,0.2342,0.90021,0.12384,0.23047,0.41233,0.13523,0.1285,0.40752,0.42031,0.36662,0.20198,0.10274,0.50418,0.16607,0.53201,0.47342,0.31396,0.12938,0.08551,-0.04052,0.47918,0.21639,0.6262,0.37281,0.28812,0.05187,0.30009,0.11839,0.42159,0.1113,-0.0417,0.14303,0.70284,0.13973,0.25278,0.48793,0.27979,0.32772,0.4493,0.01668,0.13604,0.279,0.06204,0.28965,0.39367,0.09886,0.22257,0.60301,0.51454,-0.09807,0.26629,0.17723,0.09639,0.69952,0.46902,0.31292,0.33506,0.23953,0.31424,0.12248,0.2659,0.30251,0.89075,0.04528,0.79549,0.06142,0.54817,0.32465,0.52296,0.15974,0.74846,0.25742,0.43511,0.47044,0.16485,0.52603,0.26464,0.0851,0.41332,0.10806,-0.03451,0.28656,0.91409,0.11683,0.24927,0.15024,0.29099,0.12554,0.19989,0.05283,0.01587,-0.01059,0.13035,0.03509,0.39283,0.18357,0.12193,0.47503,0.38667,0.27696,0.24061,0.637,0.10615,0.22531,0.25103,0.10743,0.6922,0.49311,0.12901,-0.01493,0.73056,0.98351,0.22812,0.30923,0.18725,0.04946,0.58305,0.49581,0.69719,0.77987,-0.01131,0.3299,0.08386,0.10554,-0.0091,0.18878,0.40157,0.05112,0.35511,0.18652,0.51701,0.24981,0.29896,0.09644,0.15546,0.15092,0.66626,0.00841,0.93997,0.20551,0.51451,0.12794,0.12675,0.60603,0.41112,0.33254,0.32841,0.1515
118,val,0,Normal,0.15171,0.05283,0.3923,0.43959,0.39021,0.2999,0.12025,0.60963,0.21326,0.54741,0.30809,0.22581,0.17911,0.17225,0.35617,0.32548,0.21434,0.11389,0.15039,0.08451,0.36406,0.25985,0.26726,0.12361,0.206,0.3213,0.34848,0.2843,0.50635,0.17449,0.54923,0.40597,0.02673,0.25175,0.20138,0.65019,0.59169,0.46335,0.14571,0.19617,0.44922,0.05189,0.33419,0.09053,0.19262,0.0771,0.11313,0.06724,0.1339,0.4769,0.64781,0.26545,0.17595,0.08223,0.30004,0.45029,0.07482,0.26197,0.20292,0.07727,0.38676,0.18643,0.23659,0.37094,0.42739,0.23494,0.06357,0.05867,0.52533,0.82587,0.21871,0.20139,0.26014,0.38088,0.33521,0.30336,0.73925,0.42317,0.20526,0.24188,0.40887,0.60194,0.12358,0.6896,0.02389,0.00766,0.68138,0.06524,0.39889,0.23422,-0.02615,0.73742,0.13643,0.16844,0.27157,0.39762,0.5014,0.19221,0.5996,0.46772,0.16442,0.33736,0.23513,0.23966,0.15542,0.05671,0.0657,0.10058,0.24943,0.58052,0.28958,0.34328,0.25949,0.28509,0.12063,0.25491,0.52265,0.29465,0.29441,0.12585,0.50467,0.13601,0.24279,0.08615,0.43421,0.15493,0.04738,0.01668,0.08494,0.14459,0.64086,0.25379,0.12356,0.02839,0.25361,0.18563,0.34241,0.05534,0.17592,0.25295,0.18056,0.12984,0.38081,0.34503,0.25996,0.35191,0.36381,0.08666,0.24507,0.15934,0.09417,0.34655,0.4153,0.10972,0.08377,0.28011,0.2787,-0.02252,0.20881,0.25833,0.61117,0.68432,0.35515,0.19072,0.2118,0.24411,0.25823,0.20726,0.22825,0.11891,0.96619,0.20182,0.67938,0.16732,0.40903,-0.01118,0.29038,0.22461,0.92773,0.09462,0.59833,0.51316,0.18666,0.48611,0.21842,0.3633,0.3868,0.11526,0.04113,0.26194,0.74268,0.09027,0.37714,0.43009,0.21545,0.10515,0.16033,0.3271,0.16074,0.11677,0.14248,0.10298,0.29867,0.1508,0.12636,0.31415,0.31318,0.35354,0.19372,0.67396,0.1478,0.45722,0.04483,0.02129,0.78552,0.39337,0.10302,0.0625,0.66958,1.08075,0.22583,0.23538,0.24655,0.18762,0.38879,0.3975,0.40795,0.84401,0.06263,0.35945,0.13628,0.28112,0.11078,0.18623,0.19777,0.14465,0.13551,0.33264,0.37358,0.13665,0.2253,0.13843,0.39242,0.04687,0.29606,0.15072,0.95415,0.20744,0.73052,0.19184,0.27585,0.42069,0.37606,0.21905,0.25379,0.21134
163,val,0,Normal,0.12553,0.0064,0.09749,0.82761,0.76447,0.71594,-0.08127,0.41059,0.30193,0.74528,0.23563,0.3803,0.02118,-0.02605,0.4712,0.34522,0.18447,0.08398,0.22623,0.04259,0.46762,0.06482,0.24296,0.04283,0.2838,0.09841,0.5479,0.28415,0.13414,0.17492,0.86113,0.37326,0.08251,0.16827,0.18127,0.14387,0.51217,1.07916,0.00545,0.13947,0.34917,0.02838,0.32393,0.14507,0.35829,-0.00831,0.00636,0.05312,0.1455,0.19816,0.29476,0.1636,0.35696,0.28196,0.21102,0.43132,0.08208,0.25621,0.4823,0.038,0.54802,0.13575,0.45463,0.10642,0.38886,0.1758,0.4048,0.08417,0.55406,0.23941,0.27116,0.11044,0.23829,0.22431,0.27064,0.11563,0.51246,0.50639,0.14329,0.10146,0.36098,0.16342,0.17762,0.37856,0.03184,0.00196,0.06615,0.0966,0.57157,0.51204,0.06179,0.45395,0.02156,0.34561,0.15673,0.1966,0.39583,0.13659,0.12582,0.48612,0.40803,-0.0403,0.178,0.21217,0.0378,0.20604,0.13707,0.15903,0.21697,0.53797,0.1272,0.37998,0.33819,0.40945,0.27893,0.31653,0.33428,0.31859,0.12007,-0.00086,0.51707,0.17194,0.34854,0.2711,0.09027,0.40752,-0.02878,-0.04491,0.07202,0.07831,0.2817,0.04144,0.28574,0.05143,0.17627,0.28699,0.45066,0.01765,-0.03117,0.32995,0.39079,0.32392,0.27828,0.49853,0.23263,0.28719,0.26287,0.04877,0.10889,0.07194,0.22138,0.61298,0.51261,0.2967,0.10698,0.50591,0.45363,-0.07229,0.38606,0.36472,0.10484,0.57658,0.30002,0.30778,0.22447,0.30854,0.26245,0.12948,0.13674,0.0823,0.41236,0.01147,0.68148,0.05099,0.42026,0.18355,0.4603,0.24738,0.27679,0.13211,0.12919,0.55496,0.05071,0.48694,0.22052,0.03536,0.41503,0.00608,0.05864,0.28048,0.8093,0.08868,0.1808,0.11041,0.12349,0.10739,0.29922,0.09324,-0.0219,0.12248,0.16399,-0.01121,0.30712,0.23794,0.21502,0.52033,0.55854,0.21289,0.14968,0.18813,0.09136,0.15209,-0.0428,0.00719,0.48053,0.4372,0.07952,-0.0207,0.604,0.7276,0.27834,0.35727,0.22413,0.10635,0.70904,0.33663,0.22341,0.47811,0.08402,0.33634,0.05283,0.08673,0.00497,0.12829,0.33229,0.09514,0.20226,0.16046,0.27444,0.18964,0.09012,0.00989,0.19051,0.02569,0.33208,0.02177,0.73946,0.17919,0.24544,0.16078,0.1998,0.43605,0.5449,0.04928,0.42714,0.12228
001,val,1,Hemorrhage,0.50853,0.43417,0.48376,0.43482,0.2609,0.23954,0.57311,0.40044,0.41997,0.33698,0.55842,0.37968,0.6268,0.28471,0.26509,0.55953,0.46253,0.45612,0.23137,0.32559,0.38788,0.07394,0.44343,0.3875,0.15727,0.7109,0.44121,0.36126,0.53322,0.54734,0.1616,0.46863,0.04196,0.1816,0.24525,0.48562,0.42371,0.3422,0.49818,0.36256,0.42148,0.17211,0.17552,0.39896,0.27157,0.34815,0.30737,0.16034,0.30044,0.31569,0.3485,0.73029,0.31525,0.39234,0.1291,0.18543,0.61226,0.57146,0.52422,0.34652,0.53292,0.12565,0.28595,0.14617,0.38043,0.35937,0.18511,0.26675,0.19597,0.3299,0.61786,0.23277,0.30162,0.31343,0.34693,0.19573,0.39962,0.1454,0.40138,0.34422,0.52764,0.32351,0.18333,0.42898,0.81076,0.16916,0.3157,0.52275,0.44087,0.35025,0.42717,0.53552,0.44798,0.17613,0.29102,0.5631,0.36215,0.45257,0.31176,0.17722,0.33082,0.42263,0.50484,0.26638,0.38355,0.24577,0.18722,0.21588,0.27938,0.40546,0.23224,0.47126,0.15174,0.31836,0.271,0.61277,0.47967,0.13799,0.31522,0.54321,0.41856,0.25876,0.60823,0.14988,0.66734,0.22156,0.50258,0.5089,0.25629,0.51772,0.42602,0.41802,0.40836,0.24588,0.38708,0.44073,0.43709,0.13939,0.44885,0.40285,0.30365,0.23535,0.27971,0.34986,0.29105,0.36558,0.39602,0.60417,0.27347,0.7639,0.36666,0.21175,0.36214,0.29919,0.7266,0.49398,0.36577,0.46315,0.38677,0.23272,0.33067,0.56609,0.32671,0.2963,0.32735,0.41649,0.25481,0.55789,0.57029,0.45134,0.65118,0.21648,0.63532,0.57352,0.48432,0.74097,0.2862,0.49082,0.39755,0.57796,0.37042,0.36914,0.41139,0.42203,0.26974,0.26009,0.345,0.21835,0.5379,0.47267,0.48079,0.3657,0.23746,0.57707,0.20529,0.32144,0.23699,0.45864,0.16189,0.27571,0.56454,0.62501,0.16262,0.16624,0.39006,0.33687,0.1671,0.31945,0.50955,0.43962,0.49018,0.52153,0.49134,0.46323,0.31862,0.21261,0.33981,0.47929,0.44524,0.61482,0.43063,0.21341,0.37389,0.24758,0.39092,0.29925,0.28061,0.36829,0.41484,0.19253,0.56177,0.52338,0.36232,0.19776,0.62854,0.37052,0.32143,0.37649,0.32253,0.26824,0.36165,0.46112,0.614,0.2174,0.50051,0.36459,0.32628,0.38037,0.51031,0.204,0.42112,0.40063,0.29378,0.29955,0.34911,0.48204
082,val,1,Hemorrhage,0.55785,1.07992,0.35266,0.20367,0.0229,0.15855,0.74934,0.17054,0.27184,0.23403,0.63182,0.33164,0.42407,0.40529,0.41661,1.07321,0.39511,0.46933,0.10928,0.45879,0.49828,0.36017,0.34603,0.55531,0.20376,0.40782,0.33261,0.22774,0.57776,0.878,0.03168,0.13752,0.14966,0.24046,0.16143,0.23667,0.0688,0.22381,0.89198,0.58834,0.21552,0.25668,0.19633,0.59525,0.5029,0.68158,0.25792,0.2597,0.498,0.41888,0.2652,0.49646,0.33219,0.41742,0.17486,0.15484,0.22834,0.82974,0.44249,0.56433,0.6326,0.33253,0.40925,0.22151,0.29103,0.79496,0.50467,0.48181,0.29315,0.22174,0.46523,0.53426,0.59344,0.24514,0.34605,0.3355,0.24348,0.19902,0.83771,0.41731,0.53866,0.2405,0.2974,0.12866,1.21731,0.23935,0.24281,0.72184,0.21849,0.32676,0.66454,0.28512,0.6988,0.13158,0.17034,0.49716,0.287,0.28464,0.42256,0.2391,0.26902,0.6064,0.57318,0.64399,0.28941,0.24452,0.60518,0.55962,0.21656,0.23692,0.5142,0.43031,0.1599,0.75826,0.41706,0.37888,0.20609,0.1309,0.15208,0.81417,0.15825,0.47973,0.914,0.38426,0.35001,0.37801,0.91207,0.84818,-0.00074,0.2605,0.31737,0.24636,0.95028,0.81233,0.38338,0.66118,0.20725,0.10244,0.93532,0.75435,1.07502,0.29277,0.37542,0.27495,0.61368,0.34538,0.11091,0.89511,0.05663,0.6273,0.57102,0.29899,0.15512,0.35938,0.67842,0.57999,0.35949,0.85579,0.57702,0.35856,0.15269,0.3702,0.11416,0.23318,0.66446,0.32683,0.16252,0.4909,0.27781,0.77188,0.42265,0.24405,0.21695,0.54302,0.45722,0.90144,0.30901,0.56309,0.55647,0.61933,0.48301,0.18234,0.86745,0.36778,0.29388,0.35274,0.58483,0.9067,0.39335,0.72248,0.17457,0.44161,0.44213,0.5069,0.33468,0.72256,0.45697,0.53567,0.56744,0.58839,0.44339,1.06323,0.60047,0.42032,0.2414,0.25058,0.31141,0.4081,0.52532,0.15839,0.6063,0.71087,0.46599,0.80907,0.23363,0.15867,0.51692,0.82786,0.32068,0.11621,0.3008,0.59155,0.23656,0.29103,0.14279,0.22482,0.11745,0.16059,0.75862,0.06022,0.56859,0.47345,0.37305,0.30258,0.42289,0.25374,0.38517,0.55836,0.36267,0.23947,0.35679,0.62007,0.49912,0.45989,0.66667,1.00684,0.09364,0.73944,0.28889,0.2199,0.72902,0.13761,0.2735,0.14546,0.45407,0.38766
023,val,1,Hemorrhage,0.63868,0.53176,0.39703,0.53824,0.21264,0.38939,0.82929,0.30664,0.4988,0.39998,0.60722,0.65489,0.68804,0.31627,0.40621,0.54377,0.48194,0.42722,0.18855,0.73731,0.21647,0.19917,0.56101,0.70454,0.19258,0.67553,0.36914,0.45487,0.42837,1.04366,0.13805,0.25263,0.15263,0.16419,0.30039,0.67751,0.31057,0.22625,0.63049,0.37011,0.49549,0.31046,0.44067,0.44506,0.54121,0.64504,0.13701,0.40043,0.43829,0.51319,0.21579,1.1018,0.15557,0.37765,0.28372,0.21685,1.05822,0.78843,0.62544,0.66568,0.66601,0.28388,0.32846,0.24471,0.4085,0.25244,0.2793,0.47142,0.14683,0.25925,0.56312,0.39099,0.27515,0.27525,0.31456,0.11981,0.48205,0.32533,0.71455,0.26489,0.57912,0.37797,0.32562,0.35947,1.18504,0.17388,0.34895,0.75713,0.48236,0.26592,0.42035,0.50928,0.69032,0.35449,0.3323,0.60206,0.26528,0.684,0.39435,0.1632,0.30926,0.55669,0.31562,0.30111,0.27059,0.34745,0.3631,0.32026,0.13016,0.35265,0.41899,0.67555,0.10825,0.42713,0.40721,0.90053,0.62568,0.34377,0.46135,0.85326,0.39153,0.18506,0.56565,0.16412,0.68942,0.5599,0.93717,0.67052,0.49653,0.84192,0.49982,0.16397,0.37909,0.33242,0.16935,0.76124,0.52194,0.17038,0.59104,0.30106,0.21337,0.38186,0.2557,0.67134,0.36134,0.52157,0.47838,0.52705,0.41204,0.96509,0.55937,0.07282,0.23746,0.26904,1.03559,0.48961,0.33996,0.83453,0.24099,0.4024,0.27534,0.85704,0.18788,0.33482,0.22631,0.4464,0.22945,1.09315,0.77524,0.66196,0.53553,0.22349,0.56868,0.81455,0.46493,0.70447,0.09241,0.49877,0.39007,0.8146,0.44516,0.38469,0.19651,0.31438,0.30218,0.16449,0.32439,0.297,0.62801,0.58344,0.52154,0.26255,0.2869,0.79228,0.43021,0.5657,0.07694,0.56461,0.25492,0.53894,1.03279,0.94755,0.19432,0.21173,0.6844,0.42262,0.23217,0.52464,0.62662,0.27801,0.47407,0.5512,0.60576,0.41879,0.31419,0.12861,0.51615,0.63778,0.54338,0.4124,0.49244,0.19676,0.60282,0.30187,0.37774,0.24797,0.22473,0.31265,0.60363,0.22489,0.90943,0.4681,0.49708,0.11883,0.79102,0.61511,0.17737,0.32419,0.21003,0.17487,0.29289,0.81985,0.82573,0.29165,0.59484,0.73807,0.37701,0.37185,0.50961,0.54664,0.37704,0.5373,0.43013,0.43084,0.36832,0.67301
067,val,1,Hemorrhage,1.0209,1.0582,0.14094,0.23064,0.08526,0.38108,1.19992,0.29741,0.56945,0.31858,0.63888,0.74944,0.75142,0.56201,0.62149,0.81202,0.77442,0.6449,0.23959,0.71058,0.31878,0.47479,0.42379,1.12983,0.42471,0.36335,0.44773,0.53963,0.36622,1.08718,0.19536,-0.0246,0.37019,0.22279,0.28106,0.26647,0.09109,0.30918,0.84063,0.41105,0.19035,0.23586,0.33233,0.61811,1.01407,1.01816,0.21977,0.66718,0.47676,0.46794,0.19545,0.85904,0.54145,0.73355,0.46212,0.73537,0.64376,0.90073,0.79404,0.78486,0.9644,0.29988,0.44048,0.28143,0.21869,0.4099,0.64249,0.88225,0.3142,0.16586,0.61358,0.6246,0.36792,0.38423,0.41829,0.17848,0.68593,0.48568,0.77571,0.36369,0.45376,0.17499,0.33954,0.079,1.50952,0.50538,0.09649,0.97932,0.17057,0.32033,0.47769,0.15485,0.54597,0.46723,0.27879,0.55123,0.29419,0.65193,0.50763,0.19665,0.31317,0.74791,0.71755,0.50473,0.20812,0.31482,0.91955,0.73418,0.24535,0.3375,0.34891,0.81695,0.22166,0.63601,0.39086,0.61155,0.30954,0.27351,0.38115,1.14104,0.19286,0.21459,0.86611,0.4257,0.42374,0.5998,1.51669,1.13327,0.38699,0.71609,0.21568,0.45099,1.13575,0.90868,0.21121,1.15433,0.2867,0.24982,0.94022,0.38426,0.5311,0.61345,0.36676,0.57766,0.8954,0.45549,0.16833,0.68665,0.18403,1.26677,0.82439,0.2352,0.14964,0.49275,1.15973,0.79661,0.73042,0.74997,0.51462,0.55373,0.53263,0.49091,0.13879,0.30141,0.11137,0.64695,0.19221,1.13237,0.69374,1.33297,0.45253,0.33913,0.11033,0.77318,0.35353,1.12532,0.12807,0.71827,0.4073,0.85167,0.53842,0.23262,0.48186,0.29522,0.50784,0.22085,0.33953,0.96838,0.87799,1.0146,0.13922,0.44356,0.34574,0.63258,0.35353,0.72843,0.42603,0.56872,0.8154,0.6271,0.79885,1.27979,0.3981,0.20897,0.782,0.36661,0.47041,0.48464,0.41506,0.11602,0.60727,0.70005,0.56464,0.88527,0.24766,0.24393,0.68536,1.10901,0.25197,0.14073,0.36282,0.55009,0.46781,0.35052,0.22762,0.17364,0.3325,0.16476,1.04757,0.11464,0.90551,0.61077,0.53876,0.41775,0.79042,0.91069,0.2891,0.29167,0.19969,0.17694,0.30263,0.92796,0.54508,0.32966,0.9036,1.66663,0.12618,0.71974,0.25244,0.45284,0.53329,0.06127,0.34848,0.36286,0.20714,0.49609
030,val,1,Hemorrhage,0.61044,0.66217,0.60171,0.25246,0.16036,0.30889,0.72018,0.2686,0.50447,0.44037,0.61489,0.57565,0.76339,0.14593,0.3532,0.5679,0.35782,0.40446,0.22457,0.65974,0.44033,0.26186,0.32512,0.39309,0.28222,0.69688,0.57294,0.37687,0.38347,0.68835,0.18731,0.28593,0.0517,0.42645,0.10719,0.25093,0.26047,0.362,0.68392,0.4467,0.38079,0.34613,0.09266,0.27486,0.36364,0.50363,0.27347,0.20402,0.19816,0.52764,0.35367,0.49093,0.28258,0.59331,0.25737,0.10095,0.56471,0.64061,0.53849,0.60892,0.68815,0.14592,0.52284,0.30696,0.23597,0.52004,0.09344,0.32923,0.35865,0.2621,0.52133,0.42796,0.60862,0.19884,0.51446,0.31416,0.26273,0.19097,0.46495,0.45184,0.5904,0.32122,0.24167,0.28893,0.93455,0.34921,0.24677,0.70415,0.25358,0.18821,0.4386,0.36517,0.41388,0.18098,0.22213,0.38724,0.40233,0.44409,0.23996,0.41565,0.30905,0.48667,0.58022,0.68902,0.26983,0.30054,0.32793,0.48435,0.3109,0.50688,0.36712,0.50987,0.27139,0.55404,0.542,0.4114,0.27993,0.17164,0.33303,0.74208,0.26149,0.42439,0.65981,0.25941,0.67223,0.25398,0.70676,0.56467,0.07624,0.38045,0.37327,0.27364,0.71434,0.21997,0.45928,0.49143,0.31831,0.11476,0.72871,0.71168,0.6495,0.23354,0.38222,0.43908,0.34589,0.42454,0.35512,0.5489,0.12586,0.70836,0.55882,0.38018,0.22683,0.38041,0.65811,0.58384,0.39944,0.55744,0.36518,0.45576,0.20568,0.47613,0.23109,0.22725,0.65928,0.29851,0.20733,0.63921,0.3517,0.32465,0.54783,0.10715,0.43349,0.67758,0.38379,0.73892,0.4222,0.31106,0.34595,0.41941,0.32464,0.3447,0.60876,0.5286,0.24859,0.27113,0.41563,0.34618,0.68383,0.64637,0.22615,0.37065,0.40868,0.68421,0.34982,0.48647,0.33789,0.63493,0.18928,0.30068,0.44243,0.71293,0.52074,0.43641,0.17211,0.29972,0.36826,0.27129,0.65072,0.21803,0.56987,0.56412,0.46003,0.45224,0.21442,0.36172,0.41455,0.65393,0.26471,0.25999,0.32723,0.58964,0.50106,0.39852,0.24175,0.20973,0.32135,0.36111,0.80477,0.24422,0.90115,0.61017,0.52233,0.26803,0.534,0.38942,0.44682,0.57606,0.43881,0.51408,0.40166,0.5055,0.52934,0.39919,0.66729,0.65469,0.18457,0.45529,0.40383,0.2398,0.57839,0.34263,0.22138,0.29926,0.29456,0.3857
016,val,1,Hemorrhage,0.69134,0.5332,0.17366,0.33341,0.13549,0.44377,0.40278,0.39849,0.33784,0.44335,0.43844,0.34419,0.32845,0.15264,0.54494,0.36252,0.28713,0.41427,0.08814,0.47139,0.5678,0.14594,0.38567,0.2652,0.25418,0.25539,0.6321,0.15672,0.24435,0.28329,0.29655,0.30898,0.06514,0.21945,0.12917,0.16134,0.20317,0.43114,0.46806,0.4024,0.18152,0.20741,0.07483,0.36427,0.4071,0.29022,0.17816,0.12712,0.3283,0.23808,0.31671,0.34098,0.4605,0.49332,0.20412,0.05953,0.2587,0.57583,0.60766,0.43113,0.67017,0.22435,0.46059,0.20904,0.15898,0.28732,0.2496,0.27892,0.36623,0.09702,0.29984,0.39019,0.54872,0.23463,0.3094,0.10776,0.12504,0.22059,0.61814,0.32045,0.55151,0.0259,0.24997,0.06141,0.68571,0.32912,0.21873,0.56268,0.35117,0.30613,0.4871,0.21131,0.26019,0.35482,0.10299,0.29555,0.40396,0.17543,0.16045,0.29387,0.38989,0.28135,0.34976,0.42641,0.40518,0.51833,0.34112,0.23132,0.2757,0.44013,0.31511,0.36221,0.29159,0.5436,0.44371,0.22248,0.14158,0.14169,0.19351,0.40809,0.32241,0.47405,0.68827,0.43912,0.23038,0.14231,0.52166,0.38844,0.11556,0.2655,0.19329,0.38603,0.7113,0.29413,0.43361,0.38132,0.31792,0.08642,0.47731,0.65174,0.84973,0.31007,0.3114,0.17397,0.4203,0.21793,0.1339,0.53691,0.20213,0.56161,0.24064,0.36299,0.09276,0.27577,0.61832,0.80254,0.27669,0.29343,0.41062,0.20116,0.16239,0.21928,0.30101,0.3518,0.43933,0.27638,0.16328,0.3717,0.21656,0.37919,0.32634,0.0849,0.31973,0.46879,0.37082,0.824,0.4131,0.28476,0.29059,0.48529,0.26033,0.27911,0.50222,0.42448,0.52096,0.08262,0.43955,0.32776,0.34802,0.47764,0.1033,0.36767,0.31169,0.25422,0.14201,0.41368,0.26428,0.32884,0.17103,0.23871,0.29041,0.623,0.54135,0.47854,0.09412,0.23857,0.35113,0.4176,0.57094,0.2262,0.15236,0.60792,0.41815,0.40755,0.08722,0.357,0.47593,0.39843,0.15611,0.26174,0.22449,0.4908,0.18087,0.20425,0.23617,0.20604,0.33815,0.20477,0.46248,0.29136,0.346,0.28967,0.18838,0.30855,0.45739,0.25624,0.45815,0.2924,0.49613,0.28372,0.2934,0.15286,0.2522,0.22034,0.62274,0.45205,0.08768,0.42114,0.2136,0.17844,0.30777,0.16847,0.1704,0.21165,0.52069,0.34934
063,val,1,Hemorrhage,0.57989,0.39733,0.38546,0.23264,0.14448,0.13561,0.70492,0.24353,0.48064,0.22341,0.61181,0.54828,0.60569,0.37373,0.4127,0.58183,0.44945,0.43753,0.17216,0.46825,0.36288,0.27375,0.19495,0.56404,0.24136,0.55414,0.43578,0.34091,0.72007,0.91379,0.06275,0.15884,0.12246,0.16588,0.19154,0.47033,0.23088,0.32709,0.43575,0.45761,0.28224,0.26733,0.28207,0.47857,0.41314,0.57059,0.47592,0.40271,0.43995,0.54069,0.25192,0.56983,0.20566,0.54965,0.22438,0.26007,0.32812,0.65441,0.44556,0.55809,0.82209,0.47427,0.33009,0.36592,0.35163,0.55433,0.31541,0.47777,0.19245,0.2827,0.45966,0.3126,0.40481,0.26629,0.39045,0.31051,0.54514,0.20733,0.68239,0.40906,0.5479,0.52356,0.36423,0.39958,0.69543,0.17278,0.2363,0.58818,0.31412,0.30669,0.4114,0.37502,0.59542,0.1707,0.30286,0.57527,0.28443,0.47729,0.70822,0.22489,0.24461,0.67918,0.60118,0.52135,0.16107,0.26616,0.37156,0.32751,0.22278,0.30613,0.70069,0.44704,0.11767,0.65045,0.27599,0.4092,0.15323,0.23187,0.36159,0.80666,0.18679,0.35147,0.64954,0.21998,0.48386,0.56111,0.9224,0.64767,0.07702,0.24311,0.40902,0.25352,0.73645,0.49715,0.37874,0.48749,0.24686,0.19732,0.68981,0.55887,0.41163,0.22687,0.28619,0.48683,0.50633,0.35448,0.25186,0.50551,0.17716,0.59483,0.64079,0.16194,0.36512,0.50063,0.65225,0.47054,0.38137,0.76505,0.32407,0.49399,0.14437,0.48718,0.19415,0.18003,0.37003,0.43054,0.28367,0.7995,0.376,0.66997,0.50825,0.25177,0.41333,0.73738,0.54967,0.59384,0.24768,0.56421,0.51711,0.48516,0.48131,0.29727,0.75046,0.36844,0.18645,0.29153,0.3173,0.51404,0.65803,0.46304,0.24596,0.37196,0.543,0.75187,0.34086,0.61989,0.31875,0.53464,0.56977,0.39991,0.55235,0.72736,0.3279,0.22709,0.30941,0.3164,0.17045,0.19007,0.49353,0.24535,0.55041,0.62787,0.43221,0.45853,0.32227,0.12727,0.4379,0.72782,0.33869,0.30713,0.31278,0.47491,0.33432,0.29436,0.23246,0.29995,0.24111,0.20115,0.68358,0.10638,0.83949,0.52657,0.43315,0.27452,0.29744,0.34433,0.1567,0.51064,0.2464,0.10437,0.1591,0.42564,0.61895,0.40771,0.5686,0.85944,0.32319,0.58346,0.4686,0.19494,0.43031,0.17664,0.31224,0.30663,0.42456,0.37325
162,val,0,Normal,0.62754,0.40904,0.14928,0.43778,0.55793,0.9431,0.1228,0.46807,0.18927,0.52031,0.24779,0.44511,0.08957,-0.05923,0.58779,0.52246,0.08864,0.116,0.16493,0.10927,0.6175,0.13465,0.18904,0.10543,0.42723,0.10005,0.71835,0.31784,0.25731,0.21292,0.80105,0.30598,0.09039,0.29653,0.13761,0.10557,0.3606,1.18821,0.08136,0.39,0.03492,0.39761,0.03402,0.12125,0.49729,0.07804,0.02686,0.04655,0.32354,0.33077,0.34952,0.01216,0.38388,0.66886,0.18063,0.32637,0.11904,0.43549,0.45114,0.19019,0.60845,0.12066,0.7469,0.36409,0.18849,0.2552,0.29154,0.25297,0.46491,0.07889,0.17419,0.38646,0.46642,0.30572,0.52467,0.0038,0.29375,0.65898,0.16892,0.35777,0.63287,0.0423,0.14438,0.11578,0.45652,0.16146,0.10001,0.3096,0.29991,0.29567,0.43685,0.12128,0.01775,0.30772,0.17774,0.26593,0.42761,0.03006,0.02424,0.73725,0.62759,-0.03341,0.33778,0.82685,0.0465,0.40419,0.2871,0.23297,0.23499,0.84657,0.21408,0.29102,0.36921,0.80161,0.58436,0.38279,0.13918,0.36596,0.08367,0.22986,0.50022,0.43041,0.61306,0.83943,0.28204,0.04962,0.00724,-0.00679,0.06751,0.13803,0.23209,0.02876,0.80659,0.16628,0.23696,0.41144,0.12771,0.06517,0.22279,0.4955,0.80763,0.18789,0.34375,0.10671,0.57219,0.41291,0.28745,0.20118,0.2252,0.14284,0.28637,0.79181,0.19933,0.41931,0.23416,0.88259,0.63728,0.00286,0.8099,0.32936,0.27875,0.17515,0.17272,0.34816,0.43214,0.25558,0.21106,0.28691,0.31592,0.00787,0.18597,0.04595,0.33318,0.25728,0.46692,0.5685,0.49931,0.32173,0.28967,0.04795,0.1112,0.58583,0.36351,0.72402,0.33044,-0.06496,0.5862,0.29453,0.09778,0.35911,0.24103,0.25578,0.40724,0.09486,0.22112,0.21853,0.45024,0.27827,-0.02534,0.00548,0.07477,0.22608,0.78148,0.48375,0.04217,0.42687,0.79541,0.29985,0.31382,0.06498,0.14973,0.3827,0.06273,0.12679,0.18364,0.50415,0.26705,0.30274,0.16735,0.30394,0.24657,0.61848,0.16047,0.3418,0.35089,0.08291,0.32802,0.30601,0.29599,0.57744,0.43537,-0.01551,0.00176,0.25476,0.21601,0.10314,0.49843,0.32007,0.75871,0.40051,0.51377,0.16777,0.11715,0.22212,0.76878,0.16544,0.24126,0.42138,0.11535,0.15621,0.41598,0.21885,0.40876,0.09217,0.51899,0.27631
140,val,0,Normal,0.25199,-0.01948,0.45456,0.64603,0.43386,0.36329,0.18274,0.6928,0.27605,0.45992,0.41896,0.31329,0.19484,0.19493,0.42343,0.28306,0.14463,0.20572,0.17215,0.14229,0.42105,0.28316,0.34527,0.33979,0.15684,0.40843,0.45076,0.32127,0.61477,0.17817,0.54829,0.48339,0.05241,0.28273,0.25804,0.61909,0.59597,0.72632,0.08852,0.10534,0.84807,0.07798,0.2839,0.20408,0.19572,0.11773,0.08616,0.14877,0.25053,0.37092,0.44313,0.35066,0.22989,0.22794,0.27759,0.40514,0.14581,0.33469,0.26814,0.06636,0.46455,0.11139,0.24678,0.3236,0.44038,0.19821,0.22233,0.11467,0.50376,0.64309,0.45928,0.31977,0.19282,0.47256,0.36896,0.24444,0.74721,0.35555,0.21457,0.24295,0.65526,0.58277,0.1547,0.66341,-0.02721,0.01872,0.48667,0.20648,0.33693,0.31065,0.11361,0.86623,0.18897,0.38794,0.31242,0.29739,0.45556,0.23845,0.62326,0.43933,0.30076,0.14866,0.26409,0.21143,0.13808,0.07605,0.22019,0.05969,0.32413,0.79422,0.26409,0.43713,0.28341,0.36373,0.15997,0.36834,0.68456,0.49309,0.26508,0.13902,0.51303,0.1948,0.45531,0.25146,0.51908,0.15778,0.06964,0.17518,0.29657,0.27481,0.76339,0.26311,0.22411,0.0601,0.24787,0.10415,0.29283,0.14643,0.03538,0.27243,0.27753,0.30429,0.18915,0.43779,0.31182,0.31355,0.27082,0.21977,0.24643,0.21214,0.11399,0.38282,0.38336,0.22045,0.09657,0.58095,0.47279,0.02537,0.38288,0.21445,0.26663,0.61585,0.44144,0.41208,0.2336,0.30475,0.25603,0.2642,0.1195,0.23883,0.81607,0.30108,0.8397,0.10991,0.58574,0.22521,0.4143,0.35118,1.01672,0.22268,0.39408,0.35703,0.15628,0.39956,0.18244,0.22846,0.44136,0.07445,0.05443,0.23654,0.85233,0.27589,0.07618,0.31243,0.24732,0.18711,0.42037,0.26261,0.13599,0.17295,0.2659,0.16219,0.26515,0.25139,0.23265,0.46402,0.26268,0.46261,0.33005,0.78187,0.35815,0.33101,0.10692,0.22708,0.71735,0.44085,0.27257,0.11579,0.69248,1.03964,0.32635,0.16736,0.2358,0.20816,0.62232,0.53647,0.41559,0.84174,0.00334,0.30256,0.17982,0.08358,0.0618,0.09334,0.27762,0.14115,0.38013,0.21719,0.36795,0.14156,0.29325,0.28343,0.4073,0.00357,0.69171,0.11161,0.94289,0.20432,0.70993,0.25106,0.22593,0.59976,0.4108,0.28654,0.22648,0.22347
156,val,0,Normal,0.18151,0.03516,0.47331,0.71595,0.47987,0.33158,0.10082,0.73316,0.2612,0.66155,0.13691,0.32569,0.02819,0.13392,0.39952,0.17712,0.05317,0.12106,0.17547,0.12329,0.56633,0.25563,0.36577,0.18173,0.1767,0.29907,0.45787,0.31092,0.60258,0.13211,0.90702,0.79283,0.08479,0.19416,0.20672,0.65463,0.84267,0.57559,0.07289,0.11613,0.77587,0.05551,0.26956,0.0593,0.19645,0.05032,-0.00787,0.06958,0.18605,0.43623,0.67564,0.22346,0.20175,0.18686,0.43205,0.51875,0.158,0.31423,0.25086,0.15146,0.49432,0.15917,0.21918,0.38163,0.47391,0.2267,0.16096,0.02596,0.68215,0.94217,0.19511,0.20202,0.41166,0.44411,0.2447,0.22727,0.99754,0.43955,0.23729,0.19755,0.6196,0.60857,0.10774,0.87672,-0.03348,0.09506,0.90452,0.21774,0.42031,0.29487,-0.0392,1.0403,0.23577,0.27787,0.28936,0.29671,0.45915,0.34537,0.62714,0.4444,0.14026,0.10052,0.19424,0.20091,0.04693,0.16601,0.14949,0.0809,0.39723,0.86508,0.26252,0.25564,0.37365,0.27218,0.19206,0.23805,0.79526,0.29859,0.21593,0.01988,0.77086,0.1085,0.30193,0.17458,0.45785,0.11219,0.03516,-0.02366,0.2445,0.24879,0.71169,0.1934,0.1248,-0.0122,0.18211,0.11487,0.3336,0.02521,0.01247,0.154,0.49159,0.16873,0.38966,0.48355,0.29494,0.19735,0.38677,0.01794,0.24125,0.19621,-0.01134,0.45457,0.40624,0.15879,0.09687,0.33693,0.35751,-0.06911,0.07339,0.25582,0.33641,0.77823,0.55779,0.22578,0.18199,0.23789,0.25758,0.21657,0.23122,0.26393,1.0465,0.20463,0.824,0.04638,0.39015,0.08997,0.30189,0.2853,1.20216,0.09551,0.67214,0.44324,0.18192,0.37607,0.27241,0.23002,0.43536,-0.06191,0.06612,0.3337,0.99611,0.10535,0.17465,0.47728,0.16494,0.13346,0.02866,0.29327,0.08823,0.04279,0.21324,0.09094,0.16692,0.20263,0.21016,0.42999,0.33812,0.20231,0.15423,0.88857,0.05446,0.41026,0.08102,0.01259,0.97542,0.43616,0.20891,0.04989,0.90284,1.31276,0.33011,0.29249,0.04677,0.24203,0.43666,0.34516,0.61475,0.83903,-0.00241,0.39672,0.12622,0.11448,0.01858,0.04396,0.2585,0.14392,0.1198,0.24647,0.49615,0.36884,0.13631,0.03618,0.43548,-0.02552,0.38642,0.07884,1.27486,0.18393,0.91114,0.10792,0.14108,0.75179,0.4433,0.31768,0.35651,0.21415
104,val,0,Normal,0.2477,-0.05745,0.62119,0.83631,0.51444,0.26877,0.09938,0.78516,0.23746,0.52652,0.33477,0.30469,0.07951,0.23568,0.35787,0.27124,0.14786,0.06569,0.16178,0.10021,0.68751,0.25284,0.39803,0.08135,0.16438,0.31371,0.20454,0.2163,0.83955,0.21348,0.57823,0.803,0.01649,0.14764,0.24267,0.85079,0.88528,0.69826,0.11512,0.12014,1.01923,0.0538,0.4252,0.15762,0.20457,0.01322,-0.02259,0.08504,0.30747,0.54684,0.74128,0.29568,0.20201,0.0912,0.23038,0.5275,0.10628,0.29636,0.23933,-0.01151,0.67311,0.12868,0.07531,0.32777,0.53233,0.18085,0.32847,-0.03978,0.56621,0.99015,0.43214,0.11319,0.23051,0.49458,0.18119,0.26534,1.00535,0.53137,0.17153,0.18929,0.43136,0.79055,-0.00616,1.11401,0.04311,0.00592,0.76184,0.21942,0.37609,0.424,0.0377,1.17192,0.1963,0.17049,0.23779,0.41031,0.47466,0.22897,0.87581,0.40344,0.20326,0.09909,0.2896,0.16687,0.02875,0.02347,0.1657,0.07046,0.26078,1.15753,0.19343,0.25994,0.20278,0.18754,0.05977,0.30054,1.14285,0.40369,0.37977,0.03138,0.80785,0.06864,0.40232,0.10607,0.50398,0.21221,-0.02675,0.00452,0.30246,0.19178,0.88478,0.22816,0.15283,0.00113,0.30512,0.10119,0.32891,0.0677,-0.06668,0.29362,0.3302,0.28385,0.38155,0.60509,0.21621,0.33946,0.2991,0.04126,0.17003,0.19305,-0.03421,0.33318,0.39289,0.15049,0.08784,0.45017,0.617,-0.03978,0.34398,0.20406,0.30664,0.86238,0.69559,0.39125,0.06785,0.29312,0.32471,0.16554,0.24072,0.28856,1.42352,0.24108,1.07849,0.01016,0.63463,0.15176,0.32551,0.3505,1.4038,0.1458,0.83989,0.47741,0.19857,0.33194,0.09629,0.2147,0.45998,0.00093,0.08361,0.30464,1.30517,0.19124,0.0447,0.43587,0.20604,-0.01524,0.25577,0.28032,0.12728,0.11718,0.34804,0.1023,0.06227,0.09437,0.32747,0.62932,0.16095,0.37684,0.13958,0.94434,0.10021,0.44193,0.0085,-0.03814,1.14499,0.48816,0.09338,-0.01896,1.08727,1.62785,0.4413,0.16708,0.11856,0.20785,0.51469,0.68624,0.38888,1.22054,-0.07425,0.23779,0.02404,0.13363,0.03789,0.01729,0.30589,0.06703,0.13221,0.25703,0.30008,0.15658,0.20417,0.15917,0.49075,-0.00863,0.50653,0.03427,1.47232,0.04341,1.05131,0.06438,0.18708,0.96136,0.42762,0.26475,0.28189,0.20793
025,val,1,Hemorrhage,0.57952,0.45424,0.35075,0.38017,0.25127,0.31578,0.72306,0.24989,0.39189,0.40106,0.65788,0.45246,0.52774,0.49284,0.61553,0.42375,0.29848,0.41797,0.24715,0.53035,0.34413,0.24658,0.55403,0.4972,0.35875,0.61432,0.60673,0.34109,0.40031,0.85574,0.26647,0.16646,0.12815,0.33582,0.22641,0.27805,0.25456,0.3738,0.45834,0.3995,0.31205,0.18541,0.22682,0.35053,0.44008,0.42107,0.11961,0.18427,0.52613,0.47819,0.37566,0.69955,0.20323,0.38786,0.30976,0.19025,0.70735,0.6856,0.66556,0.55584,0.79923,0.39118,0.33853,0.31098,0.23879,0.33048,0.29892,0.61381,0.4049,0.18055,0.56584,0.36929,0.39526,0.38326,0.3287,0.14428,0.35426,0.36588,0.5974,0.36294,0.47624,0.36242,0.26589,0.27597,0.95191,0.23324,0.17692,0.64781,0.4291,0.24247,0.545,0.2984,0.42128,0.36592,0.34434,0.49213,0.29155,0.59794,0.3782,0.29059,0.26831,0.40855,0.69788,0.51958,0.17986,0.22961,0.572,0.30246,0.29699,0.31952,0.22394,0.71802,0.34981,0.53424,0.43722,0.63941,0.30263,0.23005,0.34663,0.66251,0.26958,0.22374,0.7199,0.2525,0.50281,0.3977,0.78938,0.46535,0.31142,0.52245,0.36441,0.21064,0.65565,0.43794,0.25676,0.57572,0.42857,0.17206,0.66852,0.46366,0.26329,0.3642,0.40637,0.41325,0.30339,0.48013,0.49297,0.5811,0.29646,0.65837,0.31819,0.41403,0.27912,0.18975,0.75515,0.73337,0.45385,0.4966,0.38609,0.32148,0.40355,0.5268,0.214,0.38944,0.48115,0.23547,0.28881,0.82115,0.71886,0.68376,0.39456,0.26445,0.51754,0.56334,0.35769,0.95611,0.42624,0.56816,0.33097,0.72335,0.29204,0.45916,0.69542,0.54798,0.17709,0.10007,0.41994,0.46605,0.83181,0.66234,0.27362,0.28247,0.33044,0.62034,0.34167,0.39045,0.43819,0.51076,0.32467,0.36666,0.82461,0.78951,0.36151,0.27144,0.50745,0.32358,0.36224,0.41167,0.54276,0.19957,0.65341,0.48986,0.44443,0.67286,0.3046,0.50789,0.67429,0.63651,0.29961,0.24903,0.38326,0.24447,0.49603,0.31394,0.20947,0.17376,0.2929,0.38075,0.58003,0.20603,0.69894,0.4422,0.29772,0.28115,0.61298,0.4011,0.35021,0.22574,0.33309,0.39735,0.26762,0.45736,0.5851,0.39161,0.6377,0.58834,0.3002,0.4173,0.30315,0.27855,0.53474,0.38257,0.49539,0.39092,0.32932,0.43071
190,val,0,Normal,0.51562,0.04846,0.24371,0.55511,0.58308,0.53192,0.0784,0.49656,0.57628,0.77301,0.21022,0.58623,0.05621,0.07459,0.52232,0.23369,0.28214,0.03553,0.2193,0.24739,0.6337,0.17647,0.31085,0.26625,0.12043,0.3663,0.61521,0.45637,0.46292,0.07446,0.97928,0.54562,0.14853,0.34333,0.21731,0.33215,0.52299,0.71173,0.06155,0.13831,0.70565,0.15719,0.207,-0.0209,0.35664,0.04037,0.08498,0.13967,0.2447,0.41971,0.37701,0.23521,0.10039,0.35143,0.49129,0.42011,0.14216,0.27061,0.40156,0.21625,0.72335,0.13822,0.35106,0.35339,0.30698,0.12,0.26107,0.15088,0.71134,0.43873,0.40979,0.14174,0.24824,0.27968,0.55351,0.24551,0.51342,0.46836,0.1992,0.26439,0.75187,0.29824,0.04531,0.49449,0.29313,0.1894,0.38847,0.29457,0.46877,0.41724,0.02496,0.7151,0.02328,0.44408,0.54109,0.37004,0.47163,0.07932,0.30149,0.74716,0.17422,0.11747,0.28536,0.35994,0.09846,0.43222,0.36615,0.16478,0.42168,0.6407,0.25816,0.36509,0.57328,0.15728,0.49725,0.30395,0.35577,0.32525,0.2174,0.15425,0.40936,0.12906,0.6829,0.35223,0.45033,0.19465,0.09557,0.02027,0.36391,0.24028,0.49227,0.30591,0.19896,-0.00853,0.30748,0.38961,0.3326,0.18977,-0.02799,0.37297,0.34664,0.18442,0.31761,0.36554,0.27012,0.5115,0.50877,0.11472,0.38719,0.11009,0.19119,0.33067,0.35342,0.3644,0.21826,0.57014,0.33956,-0.05274,0.23594,0.38588,0.24768,0.44116,0.41299,0.34536,0.28157,0.33718,0.29679,0.3478,0.41348,0.1704,0.70423,0.02435,0.52405,0.14719,0.30716,0.34594,0.47249,0.1695,0.54832,0.0683,0.38666,0.63814,0.19153,0.36773,0.18093,0.13312,0.36248,0.06721,0.0731,0.31583,0.7823,0.3069,0.371,0.15407,0.16734,0.12246,0.25322,0.18749,0.09654,0.02898,0.15164,0.00944,0.30578,0.34095,0.20636,0.5762,0.37962,0.33004,0.28004,0.49206,0.22336,0.17299,0.12617,0.14867,0.5536,0.72752,0.22262,0.20305,0.41195,0.71887,0.16874,0.26744,0.29093,0.38863,0.40518,0.52209,0.47822,0.99545,0.08764,0.47194,0.04669,0.13824,0.00185,0.1879,0.34767,0.17986,0.36411,0.23002,0.50316,0.29036,0.27883,0.15472,0.21797,0.27613,0.62222,0.1578,0.67847,0.12143,0.56243,0.35167,0.19177,0.47578,0.44241,0.26807,0.41084,0.27517
159,val,0,Normal,0.18987,0.1872,0.57778,0.5305,0.39676,0.14462,0.12809,0.59747,0.29184,0.61896,0.23451,0.27152,0.11307,0.19352,0.22893,0.38962,0.17092,0.09856,0.34549,-1e-05,0.38446,0.55454,0.40984,0.1848,0.1176,0.30426,0.39624,0.19996,0.55861,0.18035,0.75966,0.5059,0.03943,0.18704,0.10661,0.51447,0.52299,0.5595,0.19527,0.21772,0.45269,0.1645,0.22888,0.13861,0.18344,0.18139,0.20374,0.08776,0.11891,0.33821,0.61763,0.14699,0.11563,0.22431,0.35788,0.39186,0.04304,0.2697,0.23727,0.16102,0.44618,0.23083,0.30922,0.28796,0.30511,0.35743,0.12049,0.06379,0.61883,0.79618,0.23596,0.25319,0.23331,0.35433,0.4392,0.30949,0.81153,0.39853,0.18025,0.17706,0.55099,0.58933,0.12494,0.75614,0.0604,0.00467,0.60814,0.12549,0.28007,0.2291,0.08382,0.83348,0.18092,0.23623,0.3167,0.36955,0.50834,0.02487,0.66355,0.27522,0.07862,0.27886,0.32801,0.40354,0.1285,0.17369,0.27431,0.10298,0.28831,0.63441,0.26508,0.14054,0.32783,0.27512,0.27899,0.20232,0.40066,0.32731,0.36549,0.19793,0.53246,0.1207,0.45998,0.16186,0.41524,0.15436,0.09776,0.08367,0.07798,0.07584,0.66564,0.23346,0.12377,0.12778,0.18471,0.14482,0.27647,0.11565,0.02869,0.3444,0.28466,0.17788,0.32631,0.34781,0.31957,0.27926,0.3864,0.1115,0.26153,0.13328,0.00183,0.417,0.61587,0.26486,0.09978,0.21409,0.25423,0.00144,0.11705,0.34436,0.26176,0.55855,0.45195,0.12782,0.37231,0.23307,0.22376,0.24386,0.11285,0.09656,0.86994,0.14382,0.81403,0.24728,0.44246,0.04964,0.30549,0.21596,1.05839,0.06035,0.36515,0.46956,0.27363,0.32246,0.24219,0.36396,0.33878,0.00877,0.08068,0.14469,0.75697,0.05458,0.33229,0.60653,0.32595,0.07757,0.11921,0.28985,0.22321,0.06684,0.0573,0.04802,0.26553,0.21092,0.11723,0.25885,0.24432,0.21135,0.14894,0.58088,0.14122,0.38631,0.07371,0.01368,0.75517,0.36658,0.14514,0.01062,0.57995,1.01223,0.18634,0.25517,0.11542,0.33397,0.39342,0.31202,0.38416,0.62237,0.25942,0.47788,0.21008,0.19355,0.05975,0.02385,0.14957,0.1799,0.08638,0.33439,0.40426,0.25783,0.19548,0.1692,0.28568,0.11654,0.27208,0.17069,1.06378,0.23768,0.69625,0.21001,0.19558,0.53718,0.30318,0.21538,0.29809,0.18616
066,val,1,Hemorrhage,1.03578,1.68692,0.25547,0.17154,0.07257,0.15906,1.28481,0.17751,0.39321,0.27054,0.74041,0.33295,0.93061,0.79956,0.17599,1.72258,0.75111,0.84791,0.03453,0.95605,0.52136,0.41625,0.65728,1.31651,0.38206,0.36981,0.38238,0.41582,0.59244,1.3661,0.04382,-0.03659,0.50318,0.32341,0.27362,0.35258,0.01634,0.12435,1.3745,0.51184,0.25557,0.25561,0.30892,1.32293,1.00535,1.63296,0.1228,0.68682,0.4572,0.63431,0.11285,1.13268,0.39583,0.39747,0.31317,1.0342,0.85096,1.17775,0.67368,0.96883,0.96296,0.52618,0.35195,0.28378,0.30116,0.46011,1.08367,1.37991,0.11955,0.02543,0.68599,0.63099,0.38993,0.45238,0.19073,0.03565,0.5172,0.30018,0.99875,0.24855,0.36028,0.38158,0.40664,0.00871,2.23964,0.13332,-0.06959,1.54326,0.13372,0.47281,0.6175,0.40124,0.87399,0.02413,0.2537,0.85335,0.2687,0.7718,0.50025,0.27438,0.19915,0.69589,0.58398,0.41997,0.2607,0.15528,0.76837,1.02063,0.04352,0.35123,0.84562,0.97932,0.07283,0.88121,0.40451,0.64757,0.39535,0.23304,0.53409,0.85124,0.02936,0.58557,1.59037,0.25196,0.30884,0.79708,1.66965,1.70641,0.47842,0.96778,0.21387,0.31697,1.36176,1.44179,0.48479,1.37841,0.56329,0.24999,1.1529,1.0428,1.03757,1.05874,0.55826,0.60618,1.23102,0.10411,0.23544,1.54651,0.15163,1.52984,0.56234,0.14266,0.05545,0.48051,1.90162,0.46636,0.78209,1.11799,0.55944,0.42399,0.1365,0.48934,0.12127,0.33231,0.49313,0.23293,0.18707,0.84827,1.23346,2.22362,0.43412,0.46712,0.14469,0.69216,0.34188,1.88988,0.36543,0.80835,0.43738,1.38947,0.61798,0.06219,0.54285,0.09081,0.79466,0.1626,0.41665,1.37053,0.44589,1.37543,0.19394,0.63637,0.10748,0.45118,0.46259,1.03549,0.42891,0.64186,1.0316,1.23146,1.04187,1.9652,0.26882,0.46292,0.95263,0.65528,0.06955,0.55799,0.58415,0.06652,1.27812,0.75977,1.25714,2.14014,0.02997,0.07961,1.00256,1.63095,0.63908,0.066,0.58241,0.54464,0.38618,0.1512,0.21284,0.07025,0.26956,0.18414,1.21039,-0.07987,0.93915,0.69723,1.15332,0.2759,1.2348,1.07932,0.42008,0.25414,0.2699,0.07601,0.25214,1.46274,0.69315,0.63565,1.42459,2.38403,0.15335,0.95021,0.16901,0.19685,0.87324,0.14834,0.52086,0.60296,0.37806,0.5504
134,val,0,Normal,0.28693,0.02435,0.49909,0.95722,0.6983,0.50829,0.13174,0.60597,0.3003,0.66202,0.30737,0.44687,0.14285,0.2267,0.53353,0.35637,0.00913,0.14558,0.06224,0.20371,0.77209,0.05834,0.36816,0.15257,0.16131,0.29645,0.48355,0.23582,0.69211,0.07414,0.71817,0.90936,0.05109,0.26285,0.24667,0.67194,1.04386,0.87879,0.03197,0.14963,0.95456,0.04366,0.16853,0.09869,0.32967,-0.03014,0.1233,0.08855,0.1946,0.43065,0.64457,0.27565,0.22414,0.27645,0.28417,0.39996,0.0462,0.25612,0.29109,0.07071,0.5584,0.10201,0.2849,0.1996,0.59435,0.16671,0.38049,-0.01524,0.65574,0.7169,0.49014,0.27083,0.26085,0.3153,0.33226,0.31114,0.77025,0.56088,0.15096,0.1716,0.57535,0.62382,0.2125,0.83632,-0.05952,0.1038,0.60712,0.26803,0.48921,0.49292,0.12918,1.11508,0.0854,0.31123,0.14122,0.35328,0.58476,0.18608,0.60399,0.58764,0.33246,0.0275,0.37728,0.26169,0.11377,0.16074,0.22897,0.06845,0.31193,1.09442,0.28463,0.33594,0.39624,0.44607,0.22424,0.27024,0.64888,0.35282,0.32006,0.12772,0.65579,0.17618,0.31378,0.31573,0.38492,0.27432,-0.03802,-0.05076,0.18244,0.19251,0.84741,0.13465,0.28539,-0.00328,0.27204,0.16091,0.34307,0.08421,0.0266,0.28307,0.61248,0.25474,0.34765,0.43607,0.13762,0.44017,0.29286,0.11113,0.27102,0.15791,0.11367,0.36216,0.30323,0.20534,0.14274,0.72479,0.70278,-0.06329,0.54535,0.18632,0.2284,0.82714,0.51006,0.50909,0.30146,0.20241,0.35901,0.22004,0.19142,0.19098,1.31323,0.07929,1.0921,0.05507,0.76405,0.29148,0.44191,0.23655,1.29446,0.11261,0.74996,0.44163,0.17029,0.45747,0.15702,0.18987,0.50919,0.0553,0.0631,0.39793,1.20094,0.25941,0.20419,0.27625,0.20731,0.09676,0.51276,0.13345,0.10486,0.04467,0.09847,0.04264,0.28522,0.16849,0.1449,0.49544,0.35216,0.31201,0.20139,0.77655,0.23574,0.39068,0.18395,0.03893,0.86718,0.39184,0.17351,0.02026,0.9129,1.31336,0.32837,0.25601,0.21614,0.24237,0.6134,0.6788,0.29701,1.18512,-0.0232,0.25831,0.04675,0.11202,0.04318,0.1195,0.3492,0.03677,0.38204,0.20932,0.49675,0.17019,0.2262,0.06078,0.26451,0.0256,0.78688,-0.0315,1.25829,0.0947,0.79556,0.11952,0.2132,0.82901,0.40903,0.15125,0.33953,0.1534
113,val,0,Normal,0.4077,0.11203,0.25364,0.52273,0.4593,0.72958,0.04055,0.52593,0.34167,0.60472,0.21594,0.51429,0.12872,0.09133,0.41107,0.29285,0.16159,0.11271,0.23783,0.17757,0.48493,0.16861,0.3859,0.30078,0.21033,0.29387,0.60742,0.37566,0.33475,0.08943,0.76428,0.51567,0.11192,0.17815,0.14949,0.29651,0.46413,0.62988,0.07543,0.26937,0.51029,0.29293,0.19041,0.10901,0.32741,0.11829,0.13003,0.10171,0.24039,0.38699,0.40902,0.2365,0.25901,0.28151,0.38515,0.26256,0.10672,0.3421,0.41327,0.28309,0.64726,0.13138,0.46187,0.39943,0.51764,0.04047,0.18882,0.18611,0.48378,0.42036,0.29872,0.35939,0.23604,0.26561,0.39968,0.21442,0.36549,0.29613,0.37105,0.28585,0.77993,0.23685,0.10052,0.35398,0.10393,0.08993,0.36438,0.3043,0.32253,0.27602,0.09267,0.44382,0.02638,0.33961,0.33657,0.23522,0.39711,0.08543,0.25503,0.4579,0.33626,0.07078,0.3092,0.42912,0.16527,0.31136,0.34141,0.04875,0.32594,0.50587,0.25581,0.31252,0.52589,0.4217,0.26781,0.23172,0.2109,0.3759,0.08863,0.16288,0.32639,0.20011,0.60812,0.40934,0.27629,0.18908,0.1021,0.03221,0.15678,0.29726,0.35796,0.25875,0.24271,0.05753,0.26942,0.39691,0.19761,0.14243,-0.01688,0.30586,0.44929,0.16876,0.10055,0.23412,0.38412,0.35273,0.38952,0.1017,0.40788,0.10651,0.2812,0.40746,0.48131,0.25734,0.25035,0.46131,0.31092,-0.02894,0.29238,0.27745,0.28964,0.45985,0.2953,0.33828,0.34054,0.33083,0.20673,0.44075,0.12404,0.23307,0.49125,0.03454,0.47051,0.14277,0.30933,0.20667,0.50616,0.13038,0.32572,0.07906,0.16727,0.51138,0.11844,0.46019,0.22174,0.15875,0.53238,0.12835,0.1657,0.25388,0.51152,0.25545,0.13743,0.2724,0.13474,0.10081,0.28781,0.22879,0.1087,0.06971,0.09384,0.11436,0.37651,0.3723,0.12424,0.38549,0.31026,0.50309,0.34134,0.43079,0.33536,0.3818,0.07141,0.17157,0.52417,0.62526,0.19338,0.1253,0.40323,0.59823,0.16044,0.3113,0.28942,0.27868,0.25393,0.39423,0.42199,0.54866,0.07313,0.58248,0.17701,0.12449,0.0399,0.23055,0.27344,0.12137,0.33882,0.38048,0.36099,0.33472,0.48138,0.19649,0.2135,0.12191,0.5755,0.07416,0.40148,0.16351,0.50669,0.33451,0.30641,0.35736,0.33106,0.19301,0.47535,0.24887
039,val,1,Hemorrhage,0.50589,1.2803,0.65667,0.47515,0.15851,0.00548,0.40204,0.18637,0.27745,0.30733,0.389,0.1652,0.18523,0.28218,0.24237,1.13342,0.12749,0.31784,0.10797,0.19441,0.55865,0.40133,0.3847,0.49419,0.21515,0.42072,0.55619,0.19745,0.5973,0.72222,0.15635,0.24979,0.03763,0.14072,0.1661,0.31945,0.12429,0.21815,0.77358,0.54331,0.13347,0.35075,0.21787,0.45421,0.30027,0.56184,0.09769,0.12292,0.36328,0.2864,0.26923,0.321,0.13167,0.63465,0.24894,0.17334,0.11443,0.54069,0.32546,0.38898,0.61054,0.44721,0.38016,0.50325,0.32998,0.87305,0.1995,0.5033,0.51868,0.17878,0.24121,0.50631,0.57137,0.19805,0.39705,0.20107,0.2447,0.25844,0.78194,0.33952,0.5998,0.23062,0.42472,0.25807,1.06552,0.12309,0.26406,0.53376,0.13492,0.19986,0.93233,0.27347,0.59462,0.08821,0.21081,0.66846,0.15663,0.41535,0.46812,0.22024,0.17524,0.25784,0.82779,0.85092,0.10377,0.4315,0.24273,0.32489,0.18327,0.33231,0.40529,0.21073,0.04042,0.7262,0.52224,0.47328,0.17351,0.04787,0.12508,0.27241,0.32673,0.49895,1.16361,0.4869,0.53769,0.17147,0.59086,0.59088,0.05872,0.33082,0.26993,0.08464,0.85895,0.60602,0.18409,0.25854,0.22428,0.14283,0.70447,1.10616,1.04752,0.24061,0.76779,0.19431,0.43566,0.14006,0.06895,0.76534,0.13484,0.43633,0.19167,0.51287,0.24025,0.43117,0.59733,0.44583,0.32007,0.83074,0.54852,0.39285,0.00249,0.29902,0.07249,0.28306,1.01913,0.10585,0.21786,0.18821,0.34039,0.8989,0.31863,0.21519,0.3773,0.43154,0.30605,0.80565,0.4192,0.44863,0.56788,0.53014,0.25119,0.12985,0.85541,0.2263,0.1803,0.31072,0.43268,0.41555,0.16283,0.74207,0.33095,0.45223,0.32537,0.42798,0.49856,0.68126,0.28463,0.36884,0.37603,0.31395,0.45175,0.82603,0.66681,0.78878,0.13736,0.21536,0.42082,0.23144,0.27168,0.30811,0.67788,0.59152,0.26434,1.0345,0.35246,0.14338,0.61892,0.79966,0.27858,0.1328,0.3332,0.4838,0.11458,0.39787,0.32367,0.10287,0.15128,0.11117,0.87823,0.25014,0.60337,0.22155,0.52478,0.29355,0.23369,0.17904,0.28264,0.35069,0.65167,0.43433,0.37124,0.52381,0.36241,0.46444,0.91647,0.75706,0.39407,0.50832,0.24828,0.15694,0.99929,0.26215,0.31307,0.19203,0.53042,0.11543
087,val,1,Hemorrhage,0.33448,0.28019,0.30097,0.54375,0.12115,0.25774,0.63302,0.19554,0.31127,0.27812,0.7561,0.43887,0.60875,0.44754,0.49171,0.30312,0.55045,0.3248,0.20304,0.40573,0.22312,0.22829,0.46822,0.32777,0.28823,0.68365,0.26844,0.37065,0.54573,0.94054,0.11132,0.17666,0.24529,0.1292,0.33728,0.65115,0.21423,0.15718,0.36418,0.41495,0.43427,0.13304,0.44612,0.42873,0.38211,0.63541,0.15662,0.41461,0.45427,0.67785,0.22197,1.04063,0.16824,0.06619,0.11326,0.40484,0.79761,0.72853,0.61052,0.47881,0.6866,0.21382,0.12159,0.2757,0.43644,0.22636,0.19055,0.39708,0.04079,0.27494,0.52593,0.23458,0.1702,0.4992,0.2147,0.15171,0.44618,0.24514,0.5175,0.18248,0.49893,0.5824,0.19041,0.4829,0.75135,0.11584,0.36044,0.49238,0.34902,0.31444,0.3849,0.49029,0.60017,0.09622,0.2713,0.64451,0.23659,0.60311,0.51797,0.09824,0.33489,0.62989,0.42857,0.21089,0.22734,0.21664,0.23413,0.15125,0.09942,0.26922,0.34068,0.51669,0.02984,0.47113,0.25834,0.84231,0.69861,0.27088,0.39489,0.58878,0.22659,0.12038,0.5077,0.10587,0.65245,0.64597,0.83547,0.60311,0.43867,0.60601,0.36103,0.20306,0.39517,0.37396,0.25699,0.67022,0.4841,0.31273,0.55272,0.3394,0.05864,0.34178,0.28953,0.61311,0.32525,0.30022,0.33171,0.45501,0.3427,0.82947,0.45421,0.07708,0.41931,0.0789,0.75159,0.2842,0.35965,0.6359,0.20229,0.31922,0.22638,0.8539,0.22059,0.21878,0.26095,0.30857,0.25494,0.74152,0.72875,0.68621,0.65755,0.24796,0.35348,0.7206,0.3056,0.55486,0.15917,0.42433,0.29385,0.72028,0.45517,0.27376,0.32476,0.24546,0.2578,0.30403,0.2551,0.1169,0.60897,0.46177,0.46192,0.17188,0.42169,0.91773,0.24455,0.32778,0.08145,0.59731,0.46747,0.56707,1.07643,0.83032,0.0468,0.08489,0.62189,0.39348,0.16771,0.46642,0.60319,0.37679,0.44954,0.61399,0.66825,0.48468,0.42098,0.11157,0.35248,0.66423,0.4984,0.46149,0.4424,0.14249,0.44448,0.20867,0.28995,0.23029,0.24935,0.34302,0.30461,0.21986,0.64982,0.60938,0.33634,0.10953,0.52187,0.53375,0.06181,0.28422,0.18309,0.07703,0.27282,0.5356,0.76446,0.17989,0.39073,0.79895,0.35026,0.42061,0.57691,0.2642,0.20473,0.40525,0.40356,0.43214,0.30083,0.61092
185,val,0,Normal,0.1819,-0.05373,0.61191,0.98241,0.6016,0.33575,0.19715,0.79693,0.27404,0.62513,0.20392,0.3251,-0.01747,0.30247,0.52413,0.19164,0.01592,0.1238,0.15922,0.1965,0.50641,0.23574,0.51427,0.24574,0.08897,0.37625,0.30044,0.27706,0.58139,0.116,0.89277,0.9124,0.02193,0.18272,0.26018,0.95404,1.1349,0.68203,0.09893,-0.00288,1.22325,0.08591,0.28699,0.02299,0.17319,0.10794,0.06961,0.05187,0.20195,0.35734,0.72068,0.344,0.23735,0.14234,0.40786,0.39182,0.07859,0.31037,0.395,0.0167,0.53689,0.04289,0.16039,0.19633,0.49739,0.16777,0.17776,0.0476,0.72768,0.92817,0.42787,0.15003,0.30091,0.50484,0.24006,0.30821,0.84429,0.45356,0.20314,0.26769,0.62456,0.78847,0.15126,1.11279,0.01465,0.08474,0.71009,0.2868,0.63252,0.26518,0.03697,1.36739,0.20359,0.34549,0.31599,0.28414,0.57455,0.29372,0.80249,0.49542,0.1852,0.02396,0.18098,0.11752,0.06421,0.04978,0.2754,0.02548,0.29876,1.18088,0.16312,0.26593,0.33896,0.1838,0.15339,0.37533,1.16214,0.37094,0.28967,0.05836,0.93161,0.09965,0.38888,0.0959,0.58702,0.17796,0.04341,-0.01911,0.37483,0.37307,0.98839,0.26164,0.11828,-0.00116,0.22724,0.09027,0.40381,0.18227,-0.09203,0.1771,0.32317,0.26084,0.36078,0.57502,0.19796,0.25441,0.44439,0.08984,0.18855,0.1831,-0.04611,0.34545,0.30542,0.09739,0.0722,0.42649,0.53044,-0.08878,0.21897,0.18208,0.27159,0.87131,0.66813,0.49664,0.16929,0.26207,0.36136,0.17828,0.20428,0.19332,1.36468,0.19434,1.13312,0.04858,0.76133,0.12966,0.27816,0.32538,1.56111,0.1997,0.78663,0.41429,0.17667,0.4186,0.12283,0.21521,0.32909,-0.06676,-0.00523,0.23566,1.2623,0.21355,0.01978,0.3886,0.31554,0.12534,0.19222,0.27325,0.11536,0.05318,0.26745,0.10665,0.15649,0.26582,0.30189,0.47619,0.1519,0.46385,0.14911,0.94567,0.2112,0.38415,0.24633,0.09697,1.0777,0.39472,0.15969,-0.03552,1.07481,1.52711,0.34223,0.23058,0.21598,0.20396,0.61411,0.7049,0.53889,1.07518,-0.07411,0.30704,0.06957,0.17064,0.00583,-0.0514,0.27177,0.11244,0.23636,0.1946,0.34484,0.15422,0.18528,0.23718,0.43294,-0.04021,0.55791,0.02551,1.53074,0.06034,1.07302,0.21927,0.17671,1.09715,0.4778,0.35027,0.23254,0.18897
085,val,1,Hemorrhage,0.43622,0.14487,0.21704,0.4871,0.35929,0.31829,0.06547,0.39075,0.2071,0.31914,0.45334,0.3534,0.29177,0.24918,0.62449,0.26325,0.25824,0.31629,0.17178,0.19886,0.45755,0.13391,0.36224,0.2954,0.14624,0.38905,0.42182,0.21473,0.50869,0.31511,0.35396,0.338,0.19591,0.21326,0.2385,0.4956,0.45869,0.3899,0.10882,0.24493,0.46072,-0.00095,0.26535,0.2257,0.16951,0.13881,-0.012,0.16991,0.22894,0.30838,0.3227,0.38087,0.2598,0.18115,0.28124,0.25205,0.09998,0.4693,0.37831,0.1289,0.41425,0.07208,0.21795,0.19939,0.41286,0.15924,0.26589,0.11462,0.28355,0.38558,0.34527,0.32434,0.36571,0.16966,0.26366,0.18908,0.46666,0.3963,0.33761,0.06516,0.61451,0.29269,0.24154,0.53418,0.2032,0.14743,0.3216,0.32906,0.32838,0.39045,0.31729,0.57933,0.13749,0.39909,0.21833,0.17805,0.32923,0.15351,0.36543,0.20181,0.42052,0.1341,0.20655,0.08795,0.30783,0.08053,0.21123,0.00998,0.34749,0.41147,0.17203,0.253,0.17173,0.25879,0.16815,0.43711,0.27898,0.29386,0.13133,0.17564,0.42571,0.11638,0.56732,0.3219,0.209,0.19915,0.091,0.29597,0.26794,0.18806,0.46395,0.19499,0.321,0.18396,0.17812,0.46276,0.4306,0.05328,0.09962,0.14211,0.42616,0.31835,0.13348,0.22083,0.11142,0.27001,0.27287,0.23481,0.1605,0.42851,0.10194,0.17532,0.45582,0.08897,0.41116,0.5362,0.36171,0.1013,0.29233,0.16929,0.24978,0.62282,0.31223,0.37824,0.09027,0.19495,0.18383,0.30284,0.32593,0.38919,0.68366,0.10898,0.45248,0.16883,0.4117,0.23088,0.19381,0.26892,0.4231,0.24403,0.39262,0.29947,0.16717,0.39124,0.17222,0.32679,0.48637,0.05317,0.30379,0.38309,0.60647,0.24656,0.04018,0.25906,0.16319,0.16464,0.29687,0.27817,0.22205,0.21567,0.32418,0.23135,0.20644,0.16687,0.29599,0.42096,0.15129,0.39771,0.39241,0.55015,0.30294,0.40886,0.25603,0.30758,0.38912,0.274,0.33792,0.28373,0.52592,0.6828,0.42646,0.28228,0.13954,0.24876,0.51471,0.34117,0.38528,0.36016,0.13783,0.17099,0.04436,0.24047,0.09794,-0.02059,0.28305,0.23545,0.18956,0.3149,0.43306,0.12301,0.2349,0.21159,0.32091,0.08071,0.73976,0.18601,0.47939,0.17921,0.44332,0.16423,0.13753,0.38845,0.32609,0.16298,0.45028,0.42635
193,val,0,Normal,0.35018,-0.05183,0.17963,0.77155,0.62093,0.41847,-0.02567,0.48066,0.31586,0.76051,0.32685,0.44738,0.21153,0.09018,0.42693,0.21008,0.09031,0.04458,0.22182,0.16311,0.47755,0.09911,0.37849,0.15457,-0.03122,0.19831,0.41192,0.18035,0.32314,0.21794,0.99115,0.4227,0.12624,0.16209,0.34778,0.45434,0.62836,0.80026,-0.00933,0.24705,0.8767,0.087,0.30923,0.09234,0.13564,0.03701,0.08762,0.05278,0.23045,0.25761,0.47073,0.37258,0.12651,0.28226,0.57213,0.28851,0.11417,0.38504,0.36554,0.08922,0.38062,0.13243,0.3378,0.23016,0.43001,0.05134,0.22515,0.07623,0.59095,0.36811,0.40858,0.13485,0.12986,0.30915,0.22222,0.17877,0.46782,0.58277,0.26425,0.18382,0.42587,0.22719,0.05546,0.53516,0.09147,0.08933,0.44004,0.06047,0.53981,0.37034,0.09581,0.87898,0.04842,0.50482,0.29597,0.29421,0.32511,0.29119,0.33824,0.43548,0.27107,-0.01004,0.22544,0.17621,0.19233,0.1324,0.30047,0.02405,0.33889,0.51764,0.23903,0.27706,0.51215,0.19582,0.19856,0.42919,0.40859,0.4721,0.07227,0.03248,0.4304,0.09403,0.43447,0.2096,0.20897,0.33008,0.0311,0.01677,0.30226,0.31456,0.45468,0.16852,0.16042,0.12546,0.27173,0.21429,0.34335,0.13598,-0.06968,0.13054,0.22964,0.22539,0.11414,0.47283,0.19272,0.30836,0.64448,0.15962,0.40859,0.07398,0.08721,0.25518,0.38891,0.2074,0.28009,0.31776,0.45796,-0.06479,0.15922,0.26898,0.25363,0.47902,0.3031,0.45062,0.16169,0.24934,0.26563,0.16954,0.19263,0.29074,0.63531,0.01744,0.66538,0.14471,0.08519,0.27095,0.43794,0.21521,0.46766,0.18028,0.37852,0.48253,0.0657,0.53169,0.17298,0.15105,0.26761,0.04596,0.03972,0.23582,0.92915,0.16924,0.07428,0.13451,0.09413,0.08937,0.18608,0.24835,0.05699,-0.03167,0.29405,0.04512,0.24093,0.28646,0.08766,0.43654,0.06963,0.31851,0.20136,0.39494,0.05251,0.3088,0.11633,0.0478,0.49824,0.34485,0.2209,-0.04281,0.50325,0.66628,0.26359,0.13435,0.21335,0.17845,0.43282,0.54148,0.24859,0.72405,-0.03566,0.36156,0.06978,0.12975,0.00487,0.03898,0.26983,0.11721,0.1088,0.21957,0.49795,0.19684,0.23119,0.14016,0.27969,0.18575,0.4627,0.00699,0.52333,-0.02666,0.5241,0.28723,0.10951,0.51592,0.3779,0.29219,0.44436,0.26444
008,val,1,Hemorrhage,0.28091,0.37321,0.51004,0.44734,0.19049,0.16837,0.47861,0.34808,0.36835,0.2576,0.67736,0.3546,0.38066,0.31873,0.09894,0.352,0.44978,0.30992,0.20046,0.25968,0.34853,0.22422,0.31883,0.28498,0.26019,0.52311,0.41036,0.21479,0.29269,0.4903,0.13855,0.24207,0.05633,0.14675,0.15712,0.45519,0.36522,0.32144,0.39156,0.42611,0.38945,0.26355,0.18722,0.49147,0.31231,0.48349,0.22772,0.26742,0.35963,0.35384,0.30545,0.62979,0.25829,0.2244,0.16136,0.17747,0.51593,0.60797,0.3081,0.24693,0.58097,0.18566,0.2386,0.18052,0.26088,0.31906,0.20987,0.20377,0.15054,0.30343,0.51277,0.1866,0.22276,0.26572,0.29884,0.16971,0.29815,0.13593,0.29948,0.1945,0.41626,0.38452,0.23114,0.40669,0.50159,0.01966,0.36348,0.45798,0.40311,0.30397,0.26844,0.46774,0.45713,0.16891,0.19641,0.45508,0.22857,0.37916,0.29579,0.32677,0.30607,0.50072,0.49911,0.294,0.31654,0.19681,0.11625,0.24963,0.21336,0.30235,0.30708,0.4925,0.0601,0.18223,0.29791,0.58296,0.42508,0.18579,0.39335,0.45451,0.3472,0.26008,0.53552,0.05524,0.37692,0.26163,0.55782,0.48884,0.17524,0.43098,0.40389,0.33841,0.25689,0.30483,0.44542,0.47864,0.36339,0.1478,0.44356,0.44441,0.19329,0.30415,0.31536,0.40051,0.2185,0.30981,0.3428,0.38921,0.16546,0.55651,0.43294,0.22491,0.40193,0.26444,0.71438,0.38755,0.28048,0.37956,0.28735,0.1782,0.23618,0.50234,0.37115,0.34086,0.34093,0.2876,0.26714,0.49577,0.50566,0.4081,0.66447,0.22145,0.62951,0.40694,0.35278,0.59782,0.37195,0.42772,0.27612,0.5285,0.28195,0.16997,0.38114,0.17973,0.25437,0.29627,0.35159,0.25397,0.52191,0.32595,0.47737,0.23443,0.24286,0.59692,0.22012,0.26704,0.0926,0.38586,0.32792,0.27298,0.47229,0.58788,0.10739,0.16273,0.34779,0.30238,0.15362,0.34385,0.45665,0.28389,0.49576,0.50836,0.53027,0.46564,0.28647,0.1591,0.2833,0.354,0.41398,0.50287,0.3377,0.34447,0.45626,0.08712,0.38527,0.31635,0.32133,0.45656,0.44308,0.08517,0.43666,0.48119,0.41866,0.19868,0.61123,0.47936,0.32905,0.25577,0.33785,0.23522,0.1967,0.56081,0.44331,0.24206,0.43751,0.46322,0.31815,0.36268,0.55074,0.14713,0.403,0.34347,0.24962,0.27836,0.35801,0.3781
189,val,0,Normal,0.238,0.12349,0.52332,0.73397,0.60617,0.70881,0.2415,0.58295,0.45393,0.74565,0.15394,0.63861,0.04182,0.20157,0.58101,0.14611,0.01912,0.03714,0.16302,0.14286,0.47197,0.23959,0.54257,0.35866,0.29685,0.18591,0.56557,0.40998,0.55112,0.17653,1.19734,0.56249,0.13014,0.43557,0.16557,0.56271,0.7585,0.5795,0.20839,0.11405,0.78588,0.12221,0.23321,0.02907,0.52609,0.06832,0.06334,0.13295,0.24522,0.4613,0.41259,0.23597,0.29317,0.45988,0.54336,0.51896,0.01145,0.22185,0.37376,0.21307,0.81127,0.13783,0.66788,0.38542,0.46791,0.15693,0.3751,0.21466,0.77952,0.68494,0.32725,0.29239,0.48389,0.28154,0.61884,0.33785,0.77885,0.67565,0.30288,0.3825,0.51238,0.52875,0.04641,0.73584,0.02998,0.26385,0.53843,0.39211,0.43728,0.44318,-0.00736,0.88248,0.05279,0.37745,0.23977,0.1146,0.61615,0.15141,0.49614,0.56922,0.25439,0.10475,0.31604,0.31827,0.10087,0.32233,0.33059,0.2984,0.31892,1.01376,0.19203,0.37417,0.43131,0.22326,0.338,0.29163,0.45971,0.41842,0.25556,0.21574,0.60189,0.07759,0.42385,0.48754,0.40543,0.27045,0.07451,-0.04155,0.2984,0.22351,0.76,0.05566,0.18292,-0.03749,0.17571,0.21257,0.39455,0.12943,-0.02868,0.19449,0.41996,0.16117,0.16729,0.48454,0.2925,0.63571,0.49167,-0.00262,0.41048,0.06914,0.2513,0.41178,0.43562,0.21349,0.01805,0.64946,0.45925,-0.06843,0.29095,0.29277,0.11512,0.56898,0.31589,0.32632,0.20342,0.1726,0.36174,0.34867,0.25647,0.17918,0.9059,0.04821,0.66464,0.14269,0.47295,0.13427,0.46847,0.14258,0.92209,0.10235,0.45812,0.53096,0.19351,0.42826,0.18106,0.08126,0.43815,0.09448,0.02933,0.41122,1.02872,0.1709,0.3681,0.32945,0.31201,0.22429,0.25657,0.16605,0.04862,0.0603,0.18614,0.01485,0.51768,0.17417,0.28648,0.43093,0.60824,0.42626,0.18757,0.59813,0.19417,0.31248,0.06642,0.0265,0.821,0.82866,0.2136,0.10696,0.62693,1.02635,0.18642,0.2746,0.29487,0.39425,0.42444,0.54894,0.41479,1.07328,0.03862,0.77741,0.25487,0.05527,0.00569,0.14207,0.28502,0.19126,0.22905,0.24438,0.59142,0.15286,0.30959,-0.035,0.36625,0.11521,0.66712,0.04342,0.98015,0.05201,0.64058,0.35984,0.21918,0.69031,0.40384,0.24163,0.24488,0.23685
182,test,0,Normal,0.166,-0.00058,0.65234,0.88118,0.67042,0.31742,0.09532,0.69188,0.1519,0.56177,0.27906,0.28742,0.01219,0.22391,0.45507,0.35861,0.01279,0.11811,0.1652,0.022,0.6478,0.17008,0.58153,0.18466,0.22725,0.33166,0.46916,0.18854,0.60987,0.07026,0.69308,0.79948,0.05663,0.2553,0.32354,0.77071,0.98535,0.83105,0.11577,0.06878,0.94379,0.08809,0.18989,0.10151,0.19672,-0.00229,0.08682,0.02841,0.15659,0.42445,0.65235,0.31087,0.14584,0.29298,0.36792,0.47005,0.06095,0.32579,0.32909,0.04827,0.57605,0.10356,0.24705,0.15646,0.56461,0.11551,0.22902,0.06363,0.70999,0.75875,0.42446,0.1421,0.40646,0.44087,0.37369,0.33628,0.75464,0.61719,0.24243,0.18155,0.4128,0.49747,0.05843,0.91024,-0.05666,0.14206,0.67261,0.21898,0.40427,0.26466,0.09053,1.00531,0.08712,0.33105,0.1639,0.39336,0.4795,0.24921,0.63582,0.59521,0.25694,0.06886,0.3465,0.25084,0.0905,0.06289,0.18754,0.09888,0.32525,1.02403,0.1134,0.43308,0.38953,0.33314,0.10717,0.34207,0.65843,0.43037,0.21796,0.21425,0.67194,0.07278,0.37318,0.19653,0.55239,0.15772,-0.01753,-0.06911,0.36757,0.28843,0.74711,0.15881,0.19258,-0.02381,0.22517,0.10812,0.36009,0.13097,0.01532,0.24354,0.23939,0.25473,0.23657,0.39494,0.17133,0.4417,0.55351,0.09819,0.30755,0.14749,0.07034,0.41597,0.50914,0.07988,0.04811,0.70048,0.6072,-0.09954,0.4356,0.11485,0.36193,0.79239,0.50879,0.50123,0.26462,0.26273,0.34837,0.23318,0.10265,0.25112,1.10429,0.14967,1.11343,0.00286,0.58628,0.22024,0.45061,0.2562,1.135,0.09533,0.4851,0.51612,0.17301,0.36354,0.17175,0.25085,0.46014,0.14675,0.05675,0.29083,1.22762,0.09252,0.16022,0.22008,0.09454,0.04944,0.45567,0.26396,0.06276,0.00698,0.23382,-0.00639,0.256,0.27103,0.13377,0.43791,0.27297,0.27744,0.16144,0.86008,0.2563,0.34861,0.17425,0.02769,0.91277,0.5746,0.19095,0.00263,0.93838,1.33397,0.38475,0.2271,0.12145,0.07089,0.68691,0.54433,0.30683,1.02149,-0.02352,0.28814,-0.05505,0.09302,-0.00647,0.05852,0.17511,0.02176,0.34546,0.21064,0.49356,0.24401,0.18625,0.20128,0.32479,0.08789,0.54481,0.01413,1.20136,0.11737,0.83074,0.04324,0.32176,0.85852,0.37457,0.25639,0.25018,0.22072
033,test,1,Hemorrhage,0.67701,1.21206,0.58135,0.13754,0.00486,0.09029,1.06262,0.19466,0.31557,0.12285,0.61924,0.40966,0.57732,0.55705,0.21304,1.04713,0.61692,0.64954,0.07889,0.60992,0.31664,0.53197,0.30018,1.03085,0.1667,0.3694,0.06654,0.26183,0.73053,1.22044,-0.02804,0.07596,0.19433,0.14094,0.11224,0.51187,0.12801,0.08585,0.92693,0.54423,0.23698,0.51648,0.2789,0.86866,0.47746,1.10232,0.2361,0.36903,0.40539,0.56618,0.13928,0.59336,0.15122,0.4507,0.26052,0.75925,0.50337,0.63844,0.34074,0.82628,0.75026,0.85493,0.43643,0.2968,0.32654,0.91491,0.59519,0.85874,0.05633,0.22889,0.59839,0.58874,0.46114,0.36158,0.26862,0.23549,0.49793,0.118,0.97461,0.44848,0.46223,0.39217,0.45006,0.26995,1.4672,0.02727,0.2214,0.92543,0.12366,0.30234,0.94056,0.44811,0.72543,0.21963,0.19403,0.79335,0.32529,0.5093,1.01485,0.20113,0.21857,0.85295,0.73572,0.67171,0.22105,0.1489,0.71002,0.7051,-0.00913,0.19657,0.85115,0.46197,0.01415,0.72352,0.26778,0.20292,0.35917,0.0516,0.31256,0.55484,0.12582,0.64417,0.7898,0.12323,0.45409,0.65533,1.17471,1.30248,0.11145,0.3855,0.4083,0.2656,1.00501,1.09739,0.40826,0.82567,0.18791,0.23945,1.06839,0.91218,0.98891,0.43439,0.62412,0.51766,0.81888,-0.00381,0.04597,0.72232,0.20516,0.81663,0.52428,0.26068,0.25378,0.53438,1.15156,0.42148,0.46251,1.43702,0.54873,0.25096,0.18681,0.41329,0.13122,0.189,0.60348,0.31362,0.12769,0.49446,0.51349,1.32469,0.56842,0.29824,0.31451,0.62122,0.52925,0.91109,0.25504,0.82867,0.59374,0.94335,0.58783,0.04618,0.95965,0.08772,0.18855,0.3089,0.59145,0.97235,0.46712,0.77909,0.17251,0.4496,0.3292,0.82683,0.3996,0.97882,0.3122,0.76351,0.80109,0.67028,0.63542,1.51097,0.5567,0.45243,0.53701,0.47669,0.18765,0.37762,0.60621,0.22904,1.1064,0.69772,0.78491,1.32638,0.35456,0.05422,0.49826,1.2228,0.4366,0.26941,0.43705,0.48594,0.23779,0.25127,0.2813,0.25286,0.08506,0.20891,1.03382,-0.0152,0.98934,0.71009,0.88394,0.36057,0.51988,0.63872,0.22552,0.58362,0.22854,0.17419,0.27231,0.88763,0.62697,0.38385,0.98875,1.81092,0.29835,0.80371,0.48529,0.36456,0.96721,0.10161,0.32204,0.36866,0.41182,0.55736
102,test,0,Normal,0.01796,0.04912,0.58751,0.73475,0.40379,0.06115,0.15908,0.74637,0.30065,0.25206,0.3631,0.19382,0.10392,0.34057,0.20547,0.46816,0.16086,0.13372,0.2721,0.01892,0.46491,0.33863,0.36174,0.24565,0.17462,0.40771,0.16944,0.35623,0.85071,0.3842,0.37177,0.465,-0.01555,0.06472,0.27009,0.81853,0.62882,0.39873,0.22491,0.16207,0.50397,0.17178,0.45015,0.26127,0.12676,0.16297,0.03967,0.17801,0.2915,0.53867,0.67363,0.36211,0.08417,0.03575,0.14691,0.54604,0.17376,0.18065,0.04909,-0.00657,0.54699,0.37496,0.16083,0.4092,0.46978,0.34855,0.18199,0.16315,0.2951,0.91079,0.23969,0.20074,0.26911,0.59429,0.37238,0.16072,0.88807,0.42817,0.36897,0.25411,0.36999,0.81494,0.07606,0.89487,0.12924,-0.0748,0.80903,0.08745,0.24767,0.3388,0.09202,1.02543,0.45848,0.09438,0.29364,0.55118,0.4674,0.29702,0.87459,0.39856,0.12613,0.28843,0.37638,0.31444,0.05303,0.10213,0.02506,0.14594,0.10447,0.7705,0.49044,0.15673,0.05337,0.23474,0.08271,0.32591,0.95417,0.3525,0.3529,0.142,0.5981,0.22787,0.40002,0.14442,0.65603,0.18711,0.07215,0.1423,0.24096,0.23289,0.80839,0.18326,0.11505,0.13479,0.30036,0.06316,0.24169,0.11782,0.08296,0.51786,0.29359,0.31785,0.42983,0.43075,0.26716,0.27734,0.3777,0.21464,0.08357,0.23768,0.09575,0.30885,0.53917,0.23237,0.15564,0.26706,0.26753,0.10347,0.26047,0.21742,0.18573,0.68823,0.4017,0.23222,0.31261,0.19755,0.21455,0.19363,0.10173,0.13258,1.09426,0.3144,0.92798,0.04649,0.64682,0.1498,0.37999,0.32378,1.1391,0.2329,0.47257,0.2412,0.32506,0.26482,0.10212,0.41472,0.50932,0.03888,0.03158,0.30353,1.0523,0.19237,0.32072,0.46337,0.2312,0.08878,0.1396,0.38188,0.13742,0.21572,0.3135,0.18382,0.17882,0.1067,0.34362,0.44363,0.20362,0.33937,0.24437,0.72414,0.39863,0.36759,0.13559,0.24937,1.0567,0.29949,0.07001,0.1174,0.85476,1.35033,0.37164,0.09926,0.07807,0.11933,0.52381,0.41976,0.34246,0.90061,0.01451,0.14574,0.19961,0.12216,0.13245,0.08979,0.20269,0.12859,0.17534,0.39842,0.41148,0.14924,0.25031,0.29386,0.4559,0.09331,0.40465,0.22502,1.32245,0.19845,0.86234,0.1715,0.35713,0.60469,0.42318,0.32215,0.18823,0.18111
034,test,1,Hemorrhage,0.45992,0.75659,0.31178,0.21765,0.03006,0.08561,0.47959,0.1268,0.28667,0.19318,0.65554,0.24793,0.52415,0.41216,0.17342,0.7938,0.4719,0.38587,0.13156,0.4439,0.38266,0.34113,0.19114,0.4598,0.10662,0.37664,0.1609,0.21266,0.66802,0.80998,0.01982,0.06484,0.13412,0.1048,0.20394,0.46707,0.09321,0.13587,0.50585,0.53363,0.22112,0.23498,0.37977,0.74291,0.20043,0.51441,0.25823,0.20588,0.43493,0.34156,0.21605,0.43709,0.22399,0.23167,0.10203,0.20939,0.27979,0.57828,0.25261,0.46317,0.47434,0.43307,0.33263,0.23948,0.42478,0.70416,0.33467,0.30458,0.03326,0.25707,0.35826,0.37875,0.45652,0.20055,0.20251,0.21981,0.34332,0.10343,0.7098,0.36454,0.50229,0.30888,0.30053,0.23316,0.93154,0.01214,0.26328,0.4728,0.18328,0.35583,0.59489,0.43747,0.64286,0.16277,0.21156,0.74832,0.14031,0.39349,0.56928,0.10961,0.25649,0.72398,0.40622,0.50394,0.26819,0.12393,0.39924,0.37729,0.07171,0.22277,0.65907,0.27333,0.02314,0.46247,0.15536,0.26146,0.20857,0.03368,0.17827,0.48577,0.129,0.41154,0.6466,0.10517,0.35925,0.46506,0.64719,0.85026,0.04458,0.18553,0.27355,0.2096,0.64434,0.81223,0.42944,0.69852,0.20362,0.14136,0.61459,0.6877,0.67325,0.27177,0.35471,0.46181,0.43082,0.10128,0.09378,0.57539,0.10653,0.56194,0.32561,0.09422,0.29544,0.40238,0.71894,0.21417,0.2451,0.86264,0.29577,0.24266,0.10142,0.36847,0.09392,0.15126,0.40224,0.19213,0.19779,0.38805,0.27364,0.89023,0.56321,0.29563,0.28762,0.56226,0.44363,0.66936,0.32468,0.62227,0.52617,0.58721,0.62098,0.04542,0.72812,0.07169,0.17213,0.47559,0.30197,0.43732,0.30631,0.51559,0.29632,0.27819,0.42171,0.61426,0.38222,0.63537,0.17282,0.52055,0.6891,0.47599,0.41694,0.8549,0.33827,0.20057,0.2134,0.36828,0.107,0.37498,0.39753,0.25265,0.56152,0.68243,0.4905,0.64823,0.36938,-0.02108,0.33827,0.72721,0.40394,0.26808,0.26125,0.30151,0.12786,0.25249,0.29464,0.29641,0.06962,0.13529,0.60313,-0.00767,0.61857,0.57849,0.53623,0.18031,0.3272,0.3314,0.15462,0.49944,0.21647,0.12497,0.21122,0.58041,0.4873,0.30638,0.4947,0.9889,0.2547,0.62708,0.4107,0.17238,0.53919,0.10662,0.30158,0.33691,0.3704,0.29414
007,test,1,Hemorrhage,0.4949,0.40319,0.43368,0.48254,0.34205,0.30782,0.45042,0.31739,0.20773,0.43101,0.48266,0.39523,0.40684,0.22293,0.34137,0.40101,0.21672,0.29786,0.28722,0.37208,0.32355,0.10996,0.33002,0.14309,0.22054,0.65015,0.43231,0.30055,0.47315,0.59486,0.29726,0.37797,0.03474,0.25002,0.14324,0.4864,0.43388,0.29735,0.42178,0.36402,0.38784,0.21022,0.2458,0.15594,0.23767,0.38564,0.07564,0.07361,0.20552,0.6003,0.35345,0.60629,0.26449,0.27469,0.16505,0.17181,0.58984,0.44684,0.38784,0.33869,0.66483,0.15722,0.13064,0.15554,0.37702,0.29837,0.19045,0.23231,0.30069,0.31867,0.48355,0.20741,0.34671,0.25049,0.23259,0.16173,0.30742,0.17025,0.43324,0.2644,0.42588,0.28404,0.21606,0.50591,0.6276,0.0869,0.36507,0.4696,0.43457,0.30078,0.32295,0.58181,0.27061,0.17001,0.25972,0.35993,0.35001,0.35726,0.18051,0.2301,0.34157,0.43943,0.24758,0.30809,0.33845,0.22359,0.12462,0.16419,0.35846,0.32281,0.19018,0.2707,0.31609,0.43466,0.45688,0.52895,0.4643,0.13854,0.24226,0.4693,0.40264,0.23078,0.4974,0.15854,0.60582,0.26071,0.49815,0.3997,0.14671,0.49579,0.35043,0.16138,0.25628,0.15981,0.2761,0.3331,0.42086,0.12336,0.42142,0.38152,0.28154,0.17471,0.24799,0.23756,0.3099,0.29426,0.50283,0.37969,0.21616,0.56329,0.27781,0.36643,0.40482,0.18036,0.60935,0.4267,0.3327,0.31641,0.3327,0.31139,0.23398,0.62229,0.31254,0.31154,0.36219,0.3199,0.20487,0.55787,0.32705,0.3183,0.56123,0.07447,0.60784,0.49452,0.5036,0.53629,0.37774,0.27707,0.25411,0.49726,0.28279,0.57547,0.40557,0.5231,0.22024,0.22106,0.43369,0.236,0.54749,0.49842,0.51391,0.16637,0.27499,0.61251,0.2154,0.23178,0.30916,0.45671,0.20419,0.29638,0.43865,0.59246,0.24278,0.20545,0.30563,0.35353,0.38137,0.29252,0.49488,0.45607,0.34839,0.44302,0.42809,0.37923,0.31719,0.29845,0.37247,0.27137,0.48334,0.50783,0.31636,0.36618,0.52058,0.10527,0.35285,0.25299,0.23296,0.48742,0.42019,0.29377,0.49494,0.33964,0.31872,0.09055,0.43566,0.25071,0.13672,0.41449,0.39682,0.22544,0.31588,0.34702,0.6464,0.21464,0.2675,0.42194,0.34734,0.33892,0.56947,0.22738,0.20508,0.5557,0.32454,0.27539,0.37819,0.51996
174,test,0,Normal,0.10087,0.23415,0.52925,0.93873,0.86925,0.35713,-0.00498,0.65483,0.26659,0.55991,0.10051,0.36539,-0.00768,-0.069,0.18842,0.5852,-0.0039,-0.01034,0.25812,-0.06597,0.73226,0.03181,0.39677,0.07714,0.37166,0.03576,0.59862,0.25297,0.10886,0.10362,1.13542,0.61114,0.00421,0.24228,0.13336,0.17905,0.57684,1.19295,0.16077,0.14627,0.66184,0.3118,0.18598,0.09171,0.27905,0.03545,0.17707,0.02085,0.14482,0.27146,0.43053,0.08606,0.10155,0.45242,0.41559,0.50794,-0.02689,0.18041,0.25968,0.11737,0.49535,0.27039,0.58676,0.44211,0.42369,0.27798,0.31119,0.18636,0.98866,0.64929,0.15717,0.27747,0.38807,0.12563,0.58073,0.18346,0.8035,0.68208,0.2671,0.28305,0.31965,0.43471,0.04916,0.71016,0.05691,0.03271,0.32532,0.15663,0.57864,0.34978,0.06288,0.66987,-0.02045,0.46493,0.12291,0.24447,0.49243,0.20778,0.44314,0.67195,0.33438,-0.02551,0.32453,0.72468,0.10796,0.29367,0.26686,0.17881,0.33745,0.80657,0.16464,0.17157,0.44233,0.56062,0.51111,0.17113,0.35341,0.46325,0.15355,-0.02112,0.72977,0.1591,0.39221,0.30812,0.2091,0.23673,0.0304,-0.07849,0.03425,0.06546,0.38159,0.01069,0.15201,-0.00425,0.02005,0.06655,0.3162,0.12064,0.05479,0.53255,0.36607,0.22169,0.56286,0.44909,0.51796,0.3506,0.77641,0.06768,0.28645,0.0126,0.19404,0.88892,0.61869,0.27118,0.05404,0.5221,0.58774,-0.09793,0.27658,0.44598,0.11746,0.60446,0.31658,0.32368,0.6025,-0.0178,0.30076,0.19647,0.03627,-0.0223,0.39318,0.09505,0.82359,0.07446,0.4232,0.15696,0.73538,0.23746,0.79583,-0.04894,-0.01245,0.84814,0.31054,0.65119,0.27596,-0.01291,0.5519,0.17539,-0.04072,0.33458,0.97316,0.06308,0.23993,0.11524,0.20188,0.2291,0.32788,0.17207,-0.07738,0.06928,0.29602,-0.07538,0.56157,0.40666,0.13178,0.51114,0.83661,0.14841,0.0776,0.33725,0.39204,0.27975,0.00764,0.0765,0.50336,0.69048,0.17928,0.04993,0.59366,1.07209,0.2334,0.42381,0.17332,0.2079,0.70723,0.18074,0.27861,0.57048,0.225,0.64024,0.17171,0.0049,0.00558,0.30299,0.03633,0.07732,0.26625,0.09954,0.58394,0.32931,0.24033,0.02079,0.23666,0.34389,0.4322,-0.0111,1.03418,0.23889,0.49462,0.17903,0.41519,0.74884,0.49437,-0.03768,0.36244,0.12224
040,test,1,Hemorrhage,0.71748,0.72803,0.29955,0.20845,0.17993,0.14112,0.70796,0.33337,0.43785,0.25991,0.58071,0.39086,0.70132,0.31329,0.23546,0.77373,0.7517,0.52888,0.1607,0.4509,0.28646,0.32062,0.30732,0.54752,0.19789,0.4396,0.42352,0.38391,0.55593,0.90357,0.05072,0.08458,0.15473,0.36162,0.17086,0.35338,0.05244,0.12456,0.57125,0.49084,0.1255,0.2145,0.36887,0.92121,0.62199,0.84932,0.18473,0.40563,0.42634,0.62633,0.25328,0.7127,0.25612,0.3932,0.1298,0.3551,0.55099,0.59075,0.44076,0.50024,0.82278,0.37744,0.24508,0.17963,0.24943,0.50483,0.37772,0.37635,0.06242,0.19036,0.51093,0.39354,0.5555,0.21733,0.30123,0.23046,0.55939,0.2317,0.55883,0.4026,0.39708,0.27166,0.37666,0.16444,1.13028,0.02665,0.11984,0.67072,0.10659,0.38645,0.40486,0.26832,0.64717,0.08938,0.31077,0.81992,0.29572,0.29044,0.53836,0.26882,0.33273,0.82037,0.48621,0.56029,0.23465,0.17171,0.4316,0.43676,0.14277,0.3348,0.44424,0.68491,-0.00236,0.65314,0.29856,0.39842,0.23478,0.12643,0.43043,0.77694,0.03995,0.45912,0.67789,0.23781,0.49114,0.47384,0.93546,0.97129,0.13586,0.43038,0.27182,0.4435,0.73973,0.63229,0.39621,0.93815,0.40029,0.19147,0.5936,0.86632,0.4113,0.47829,0.39678,0.58657,0.40098,0.36052,0.1835,0.49287,0.20779,0.73304,0.37953,0.19117,0.07375,0.35234,1.24762,0.47332,0.40822,0.98364,0.4066,0.41938,0.1245,0.40039,0.13341,0.16329,0.33827,0.43279,0.18687,0.59116,0.67229,0.81068,0.51163,0.19019,0.33853,0.72018,0.50317,0.70198,0.2755,0.4755,0.40087,0.63246,0.50281,0.28199,0.5409,0.24753,0.21118,0.31516,0.45936,0.66153,0.53558,0.71149,0.10413,0.35347,0.53333,0.58869,0.40818,0.63729,0.24035,0.43927,0.75601,0.46999,0.4918,0.82868,0.32754,0.33217,0.34752,0.32741,0.16529,0.2585,0.36905,0.07991,0.50857,0.51814,0.54097,0.49489,0.19545,0.04028,0.35774,0.65399,0.37965,0.21449,0.29122,0.31774,0.33231,0.27528,0.2002,0.19264,0.12742,0.10998,0.85516,0.08196,0.83022,0.71827,0.67199,0.16808,0.57044,0.49997,0.2612,0.54699,0.27477,0.11649,0.21197,0.88242,0.53447,0.33928,0.63061,1.2619,0.1167,0.60487,0.22116,0.24685,0.53766,0.12629,0.30254,0.41859,0.2771,0.31561
006,test,1,Hemorrhage,0.36873,0.25496,0.15965,0.4873,0.26702,0.32805,0.26919,0.28068,0.33463,0.50495,0.27982,0.52414,0.41239,0.2165,0.69885,0.21396,0.34412,0.2929,0.22138,0.50443,0.57211,0.11384,0.34225,0.51464,0.12902,0.32617,0.39561,0.34792,0.52281,0.46603,0.26653,0.28908,0.30601,0.21165,0.29151,0.6456,0.33338,0.31692,0.25182,0.17473,0.44307,0.08262,0.3245,0.32578,0.31911,0.35266,0.18313,0.21591,0.29303,0.52145,0.22329,0.53367,0.29212,0.39706,0.26531,0.13538,0.45764,0.67964,0.58327,0.45326,0.63467,0.07107,0.19447,0.20421,0.45243,0.16617,0.38044,0.25897,0.21255,0.1907,0.35647,0.30408,0.49025,0.38313,0.23889,0.1519,0.32657,0.29968,0.47198,0.18409,0.45629,0.31019,0.26267,0.37945,0.47654,0.27492,0.34878,0.38014,0.38799,0.39781,0.24237,0.44608,0.25593,0.23421,0.29582,0.30727,0.12008,0.33394,0.28201,0.33683,0.41824,0.34227,0.36328,0.23257,0.30975,0.31477,0.18942,0.22952,0.2955,0.35405,0.08538,0.34321,0.22767,0.3923,0.37315,0.54493,0.33513,0.16729,0.299,0.46828,0.27362,0.10361,0.5561,0.29972,0.23799,0.52881,0.41055,0.22781,0.38927,0.51345,0.34047,0.16195,0.39346,0.31035,0.21804,0.73495,0.35541,0.21459,0.13411,0.31793,0.30922,0.42539,0.167,0.36207,0.28136,0.5026,0.36819,0.12055,0.25187,0.64173,0.41251,0.19041,0.22151,0.3038,0.44023,0.38033,0.44769,0.26612,0.3514,0.25195,0.19829,0.6895,0.15638,0.3339,0.1782,0.27575,0.30358,0.72653,0.51164,0.55347,0.44853,0.22774,0.45173,0.4783,0.25939,0.35472,0.1183,0.31252,0.1503,0.42786,0.50613,0.38918,0.15844,0.53479,0.13835,0.26386,0.12997,0.13219,0.36211,0.49527,0.34966,0.22497,0.26262,0.49964,0.19604,0.21237,0.14999,0.40663,0.37508,0.19772,0.56226,0.39722,0.23331,0.11425,0.21438,0.30893,0.22489,0.48732,0.35505,0.30585,0.2597,0.38767,0.45373,0.27073,0.25404,0.28896,0.28402,0.44176,0.4021,0.35803,0.33086,0.32953,0.18187,0.25392,0.3835,0.21945,0.24831,0.3857,0.34057,0.19221,0.27414,0.3467,0.10904,0.18299,0.41008,0.44301,0.10491,0.19263,0.38623,0.18578,0.19241,0.4502,0.38577,0.25828,0.45867,0.49079,0.28818,0.28401,0.26828,0.22161,0.17164,0.39147,0.39036,0.244,0.32118,0.52765
032,test,1,Hemorrhage,0.32725,0.23322,0.29706,0.44996,0.20442,0.32522,0.23807,0.30999,0.21338,0.31812,0.4252,0.40122,0.23866,0.36681,0.4916,0.25268,0.29527,0.3877,0.29329,0.22558,0.2398,0.22017,0.34504,0.35616,0.3174,0.46629,0.327,0.36471,0.44303,0.50869,0.24895,0.14289,0.10241,0.14215,0.21257,0.51009,0.2476,0.23736,0.22911,0.30963,0.39989,0.13741,0.33732,0.18071,0.20924,0.43501,0.04148,0.2785,0.45602,0.33762,0.32564,0.67064,0.30872,0.15431,0.27136,0.30453,0.24819,0.50744,0.45902,0.2081,0.50254,0.14749,0.14631,0.34146,0.43512,0.22843,0.21576,0.27471,0.23998,0.43454,0.33474,0.27026,0.39413,0.31561,0.24904,0.24628,0.45918,0.28179,0.40015,0.29915,0.5164,0.41661,0.09637,0.49763,0.33249,0.15947,0.30716,0.32795,0.28535,0.27444,0.34986,0.47569,0.3374,0.14399,0.33705,0.32869,0.32449,0.43372,0.38355,0.17947,0.38841,0.39346,0.32341,0.36667,0.24905,0.16264,0.3128,0.10837,0.15028,0.49679,0.19926,0.37201,0.20845,0.36975,0.26366,0.54851,0.41056,0.2421,0.34071,0.41416,0.37369,0.07503,0.5045,0.28699,0.33023,0.39963,0.34766,0.31042,0.31191,0.45376,0.41416,0.29748,0.22051,0.25172,0.23373,0.28533,0.29562,0.16273,0.18159,0.25332,0.20185,0.31796,0.09938,0.28038,0.33631,0.39823,0.26621,0.28592,0.23653,0.58769,0.17206,0.15596,0.42709,0.10987,0.38794,0.40809,0.40832,0.30284,0.32171,0.21449,0.3575,0.54412,0.21207,0.29546,0.1279,0.34391,0.26596,0.41981,0.49707,0.38813,0.55558,0.38211,0.34247,0.41542,0.38645,0.30548,0.16271,0.38787,0.3014,0.47126,0.40669,0.30182,0.33513,0.3432,0.20143,0.26538,0.29108,0.18135,0.33421,0.39621,0.3407,0.23524,0.26602,0.47285,0.23937,0.22087,0.20258,0.40672,0.50805,0.37092,0.62208,0.58603,0.20673,0.15672,0.44213,0.39588,0.25089,0.47134,0.50644,0.35788,0.19312,0.38998,0.33834,0.31088,0.49623,0.24952,0.23937,0.41648,0.36981,0.47212,0.35478,0.2523,0.24011,0.3632,0.38683,0.27973,0.44448,0.3917,0.20561,0.15999,0.28035,0.19807,0.20001,0.11886,0.34092,0.33932,0.15559,0.28031,0.29955,0.13113,0.32122,0.35201,0.41826,0.19345,0.45972,0.57439,0.39487,0.33968,0.38792,0.21999,0.33105,0.28283,0.37513,0.29999,0.34621,0.47751
097,test,1,Hemorrhage,0.45599,0.90369,0.23638,0.226,0.05696,0.1613,0.64515,0.21511,0.21744,0.19191,0.37117,0.27997,0.55348,0.6974,0.27265,0.80055,0.3291,0.51362,0.10343,0.49835,0.38499,0.37765,0.30761,0.60268,0.28526,0.47009,0.23603,0.27517,0.4993,0.59605,-0.00425,0.03791,0.31559,0.20024,0.27663,0.42239,0.09146,0.25286,0.62362,0.44604,0.15885,0.20083,0.28164,0.89848,0.43222,0.61844,0.08837,0.28602,0.40887,0.49167,0.11741,0.77786,0.46278,0.2737,0.19536,0.51129,0.4005,0.54987,0.41348,0.3226,0.70189,0.28175,0.37331,0.22367,0.35955,0.45151,0.64648,0.44772,0.04408,0.0656,0.47546,0.45555,0.34738,0.38064,0.32789,0.0996,0.22187,0.34087,0.45124,0.27352,0.31424,0.2991,0.33845,0.01088,0.96835,0.05041,0.1254,0.6036,0.34568,0.56033,0.67116,0.34287,0.62376,0.27288,0.13678,0.62229,0.31028,0.3088,0.4713,0.26779,0.34975,0.45307,0.47984,0.51325,0.3914,0.10878,0.33287,0.52887,0.11747,0.37638,0.35356,0.4994,0.07528,0.49802,0.25123,0.28286,0.2462,0.07655,0.24597,0.53612,0.20484,0.44521,0.7434,0.3293,0.28694,0.51352,0.70883,0.87518,0.24801,0.36578,0.09118,0.38811,0.66755,0.82615,0.4466,0.60904,0.20406,0.08779,0.51562,0.69959,0.67413,0.54821,0.42131,0.34919,0.5526,0.34056,0.06553,0.71876,0.16241,0.70265,0.34244,0.22165,0.15158,0.31035,0.88584,0.58136,0.40625,0.69673,0.62639,0.12701,0.20387,0.20096,0.04664,0.2602,0.39519,0.26151,0.30155,0.53052,0.48066,0.96124,0.30869,0.34164,0.26593,0.51481,0.43371,0.84633,0.36809,0.79792,0.41777,0.66402,0.48643,0.05328,0.34654,0.28256,0.40145,0.19312,0.60543,0.79232,0.23461,0.66045,0.26827,0.42219,0.24196,0.26939,0.14711,0.57212,0.33208,0.34235,0.5351,0.42015,0.44562,1.01134,0.3813,0.25464,0.35646,0.33324,0.24575,0.50748,0.4252,0.22651,0.61345,0.49021,0.56947,0.83818,0.16941,0.10915,0.40972,0.76601,0.42794,0.21155,0.40639,0.33292,0.21015,0.35766,0.36455,0.22695,0.20346,0.18162,0.60015,0.00349,0.44454,0.43539,0.46002,0.30847,0.53548,0.45188,0.3784,0.31621,0.29194,0.08804,0.20919,0.67753,0.20433,0.2328,0.59939,1.087,0.19248,0.58418,0.19146,0.13118,0.57299,0.10265,0.26043,0.3158,0.32261,0.1964
187,test,0,Normal,0.28784,-0.06942,0.63854,0.91498,0.57849,0.29966,0.16526,0.7875,0.27085,0.62807,0.29271,0.38305,0.09483,0.30865,0.46949,0.27871,0.12868,0.07426,0.18411,0.22717,0.63509,0.19878,0.44557,0.14892,0.19334,0.35549,0.32898,0.14283,0.71864,0.14481,0.8018,0.87712,0.07928,0.20519,0.22713,0.84564,1.00974,0.80495,0.08016,0.06639,1.12633,0.01368,0.28718,0.09622,0.21183,0.07247,0.01114,0.10411,0.19924,0.31728,0.73501,0.314,0.2154,0.10903,0.40278,0.47168,0.04966,0.29524,0.44523,0.07826,0.60303,0.1077,0.06933,0.22011,0.52282,0.21984,0.33066,0.02146,0.71601,0.98741,0.47995,0.09816,0.22792,0.34169,0.22288,0.32011,0.986,0.44534,0.18525,0.15848,0.57436,0.74661,0.11246,1.02487,0.0441,0.08416,0.76908,0.22199,0.61626,0.38376,0.11875,1.18679,0.11257,0.33826,0.18393,0.31664,0.54327,0.27026,0.80019,0.4111,0.22115,0.08262,0.28914,0.08254,0.07098,0.07448,0.20853,-0.01478,0.26333,1.28325,0.17813,0.35759,0.31565,0.12072,0.15184,0.21735,0.9537,0.43455,0.35455,0.02618,0.78937,0.07562,0.472,0.13923,0.4972,0.19725,0.00575,-0.00733,0.44229,0.18638,0.91454,0.23077,0.13571,-0.0016,0.21081,0.17873,0.39387,0.06537,-0.03034,0.23398,0.23237,0.34452,0.37277,0.51594,0.12985,0.29977,0.36521,0.08694,0.2163,0.25086,-0.04576,0.32573,0.34272,0.06768,0.09463,0.52403,0.61623,-0.05007,0.26405,0.23227,0.25175,0.83323,0.70432,0.4048,0.17158,0.26994,0.35332,0.27707,0.30753,0.26864,1.45665,0.23372,1.2125,0.02659,0.67568,0.24678,0.281,0.41527,1.4868,0.12273,0.75495,0.46249,0.13133,0.30774,0.16206,0.23812,0.4125,-0.04387,0.09894,0.27187,1.35415,0.21282,0.00589,0.40149,0.20979,0.03253,0.29647,0.27437,0.15776,0.1081,0.25437,0.13758,0.04749,0.19415,0.29853,0.5767,0.12507,0.31765,0.15436,0.89058,0.14238,0.40322,0.15902,0.05733,1.10273,0.44571,0.14138,-0.0086,1.05106,1.55612,0.41925,0.18198,0.18459,0.14888,0.60846,0.73076,0.40153,1.1522,-0.062,0.28082,0.03975,0.20228,0.00879,-0.01701,0.26596,0.07706,0.2169,0.20432,0.35035,0.20621,0.14529,0.15158,0.39934,-0.00714,0.54726,0.01118,1.49008,0.04362,1.03054,0.10069,0.16604,1.02585,0.38016,0.26195,0.24092,0.19978
160,test,0,Normal,0.17049,0.13196,0.59716,0.68791,0.53711,0.16241,0.22133,0.66414,0.27106,0.71444,0.1849,0.26106,0.05582,0.18382,0.39296,0.34483,0.15659,0.12595,0.1942,0.05672,0.61001,0.35019,0.42436,0.15088,0.13459,0.29508,0.34936,0.22311,0.59112,0.15044,0.80305,0.76107,0.06585,0.20935,0.16032,0.74196,0.85476,0.60989,0.18331,0.15031,0.66136,0.16135,0.2315,0.13277,0.16647,0.11442,0.06484,0.02603,0.1538,0.50345,0.63751,0.17544,0.13894,0.19113,0.39972,0.47622,0.07385,0.24825,0.3469,0.09237,0.51105,0.11241,0.33225,0.28278,0.3454,0.30802,0.17839,0.02937,0.75005,0.84718,0.2927,0.25582,0.33077,0.38507,0.32484,0.2383,0.80227,0.41318,0.16149,0.22219,0.48258,0.797,0.20593,0.90227,0.03339,0.04003,0.72932,0.27034,0.35145,0.22393,0.07597,1.04169,0.12681,0.27874,0.31828,0.34,0.55878,0.13646,0.74999,0.49474,0.06669,0.17001,0.38748,0.29708,0.09708,0.06338,0.21896,0.11538,0.33583,0.9382,0.316,0.29641,0.30855,0.34831,0.15905,0.23588,0.77576,0.37556,0.33083,0.11341,0.67869,0.18518,0.42234,0.15003,0.58151,0.17054,0.07254,0.02692,0.07111,0.08458,0.80631,0.16177,0.20484,0.02836,0.22255,0.07986,0.28014,0.12038,0.07132,0.28565,0.41913,0.14466,0.35553,0.46125,0.27722,0.37259,0.56353,0.03622,0.23648,0.08621,-0.0006,0.41572,0.39373,0.18209,0.09858,0.30337,0.4115,-0.01685,0.16977,0.31978,0.26923,0.77921,0.63078,0.26089,0.31779,0.22517,0.25163,0.14913,0.17241,0.15337,1.04114,0.10084,1.06601,0.12109,0.56833,-0.01285,0.38674,0.20217,1.3376,0.04601,0.54338,0.67163,0.2776,0.41001,0.21463,0.31912,0.45659,0.08204,0.06064,0.19738,0.96881,0.15819,0.28075,0.39044,0.229,0.08667,0.23253,0.2801,0.04994,0.03541,0.13564,0.0436,0.23157,0.15269,0.1585,0.32915,0.25368,0.25827,0.1875,0.76499,0.24696,0.48392,0.04436,0.03502,0.90636,0.48199,0.23856,0.04504,0.7489,1.21808,0.2444,0.33621,0.18824,0.18575,0.49919,0.4081,0.42099,0.90811,0.09694,0.47755,0.18949,0.21059,0.03688,0.06646,0.17737,0.2095,0.11608,0.36034,0.44118,0.23004,0.22689,0.10656,0.33691,0.03921,0.39559,0.06359,1.26651,0.18759,0.88039,0.17495,0.29951,0.77405,0.40479,0.17823,0.25187,0.19786
027,test,1,Hemorrhage,0.77805,0.56039,0.42359,0.4069,0.25746,0.42941,0.75254,0.26831,0.47929,0.34643,0.65345,0.67881,0.58524,0.39692,0.70925,0.42621,0.50424,0.47265,0.33062,0.64369,0.38899,0.25562,0.41116,0.46286,0.34583,0.80732,0.4951,0.424,0.56595,1.0354,0.27686,0.19212,0.12571,0.31184,0.17786,0.43329,0.30403,0.35056,0.63701,0.54791,0.30556,0.1065,0.28974,0.36976,0.82515,0.61229,0.12935,0.25821,0.54626,0.73875,0.29065,0.8783,0.25164,0.3628,0.31933,0.29275,0.9104,0.7491,0.77917,0.61761,0.91485,0.23185,0.33512,0.32414,0.23173,0.29796,0.38408,0.46306,0.25914,0.2646,0.68166,0.1864,0.41433,0.24985,0.37231,0.23123,0.31365,0.35465,0.58683,0.30857,0.3907,0.48148,0.28553,0.40295,1.28441,0.32927,0.25182,0.76463,0.38155,0.25239,0.58571,0.50266,0.42602,0.21141,0.4062,0.6934,0.42176,0.52249,0.42028,0.35781,0.39595,0.66905,0.587,0.3968,0.14437,0.2776,0.38613,0.30994,0.23059,0.503,0.29736,0.65121,0.36281,0.56509,0.60004,0.66745,0.35795,0.23693,0.45822,0.87719,0.26035,0.22443,0.65976,0.37554,0.65365,0.54523,1.03028,0.55054,0.33464,0.58863,0.4115,0.36239,0.62405,0.29456,0.28686,0.84161,0.44829,0.13704,0.67571,0.31837,0.43647,0.39607,0.26452,0.39925,0.31907,0.66055,0.44748,0.61596,0.2457,0.76142,0.43791,0.16761,0.33371,0.25956,1.04057,0.7745,0.62455,0.75265,0.43802,0.4767,0.49797,0.65503,0.38088,0.32829,0.31554,0.49217,0.2541,0.90775,0.84709,0.55984,0.70833,0.28699,0.52765,0.87147,0.32157,0.92069,0.32315,0.49523,0.37315,0.63837,0.35633,0.5261,0.33982,0.3826,0.47684,0.13944,0.36701,0.43218,0.90393,0.78076,0.40641,0.38512,0.45603,0.68746,0.39938,0.48179,0.29073,0.67289,0.38832,0.46844,0.71327,0.97037,0.28429,0.21496,0.57781,0.55149,0.3901,0.38815,0.65781,0.35056,0.49116,0.51957,0.42527,0.45636,0.33425,0.47227,0.62154,0.6564,0.37767,0.41528,0.51499,0.32872,0.6512,0.37081,0.23355,0.25441,0.41058,0.54036,0.77748,0.23226,0.65336,0.66283,0.46566,0.20635,0.70877,0.49985,0.32657,0.40674,0.28339,0.18899,0.33862,0.65612,0.76068,0.29428,0.5432,0.80635,0.25237,0.50776,0.45865,0.34896,0.5186,0.44281,0.38396,0.19561,0.3392,0.55994
191,test,0,Normal,0.30477,0.08005,0.16622,0.37656,0.42925,0.57517,0.1155,0.28266,0.25864,0.62286,0.36412,0.32994,0.16744,0.2861,0.57452,0.18995,0.14443,0.05276,0.24807,0.20665,0.23837,0.13635,0.38199,0.35894,0.14194,0.24425,0.52273,0.25863,0.33104,0.20901,0.82783,0.3014,0.17159,0.35008,0.3229,0.16493,0.49694,0.61411,-0.01724,0.24631,0.48532,0.08481,0.18247,0.08748,0.24417,0.07434,0.06559,0.10465,0.22009,0.15012,0.45007,0.3678,0.21121,0.25105,0.4195,0.29575,0.06938,0.40528,0.42567,0.24504,0.42668,0.17618,0.17691,0.30319,0.3411,0.06929,0.22579,0.1872,0.52671,0.26758,0.43998,0.23373,0.15888,0.3093,0.17255,0.07083,0.3375,0.462,0.30176,0.13407,0.45637,0.2822,0.00701,0.37173,0.10535,0.12934,0.23198,0.05342,0.37058,0.29909,0.12553,0.52942,0.01591,0.32156,0.33254,0.11562,0.50011,0.11886,0.25872,0.16542,0.30468,0.10302,0.31769,0.10864,0.26843,0.24991,0.27973,0.06851,0.28106,0.51942,0.20083,0.28873,0.53372,0.25731,0.25425,0.43203,0.11343,0.40192,0.11757,0.12377,0.28938,-0.00164,0.59909,0.26115,0.17663,0.27192,0.10903,0.0718,0.21841,0.16382,0.2439,0.45448,0.24553,0.10765,0.26741,0.33224,0.33929,0.17052,0.08942,0.20127,0.09584,0.34611,0.1734,0.21247,0.26034,0.29772,0.44474,0.28567,0.35281,0.22447,0.13698,0.23539,0.4382,0.06406,0.24653,0.41882,0.34195,0.00656,0.10949,0.18454,0.261,0.37217,0.21971,0.38216,0.15169,0.30563,0.34452,0.3801,0.51607,0.3554,0.36785,0.28387,0.45204,0.21908,0.11726,0.43079,0.40574,0.33786,0.44802,0.18772,0.30598,0.63171,0.27766,0.46657,0.25354,0.16578,0.28324,0.04461,0.22279,0.13249,0.53569,0.17864,-0.01652,0.25459,0.21048,0.07931,0.28859,0.3041,0.03133,-0.00101,0.29206,0.07881,0.18763,0.21054,0.20715,0.29731,0.15281,0.37711,0.27115,0.2589,0.22926,0.2676,0.07434,0.22003,0.36622,0.44316,0.31658,0.11294,0.34552,0.33196,0.24687,0.12383,0.15402,0.18588,0.3249,0.37135,0.35749,0.42947,0.00012,0.24747,0.045,0.22206,-0.03306,0.08099,0.21706,0.15473,0.18317,0.117,0.35725,0.27292,0.20432,0.13293,0.27036,0.15306,0.40225,0.0177,0.34692,0.08694,0.32182,0.2352,0.36878,0.22373,0.38865,0.20202,0.48966,0.4168
120,test,0,Normal,0.3218,0.15447,0.26203,0.35075,0.1613,0.27969,0.28714,0.38739,0.33207,0.32669,0.47149,0.30315,0.30779,0.31982,0.33224,0.2795,0.31362,0.2992,0.32168,0.26582,0.33418,0.21034,0.34743,0.28813,0.21775,0.32539,0.31531,0.27726,0.65084,0.34769,0.16332,0.14226,0.08803,0.2089,0.183,0.52252,0.28051,0.34172,0.0905,0.24694,0.36634,0.13064,0.34131,0.38747,0.23145,0.19649,0.13651,0.14962,0.23574,0.51671,0.40937,0.43326,0.27313,0.06218,0.10986,0.35934,0.19276,0.4622,0.29654,0.14569,0.56761,0.10799,0.1424,0.30897,0.27905,0.18387,0.25726,0.06474,0.18625,0.49857,0.40269,0.26775,0.36718,0.29496,0.29993,0.19875,0.42231,0.30236,0.22579,0.35974,0.32678,0.4893,0.10132,0.59383,0.29217,0.0173,0.37964,0.29385,0.20593,0.41989,0.18561,0.60102,0.24676,0.13907,0.34084,0.61221,0.33222,0.21661,0.43568,0.26117,0.32816,0.5009,0.39005,0.25201,0.21056,0.1099,0.17711,0.13878,0.14789,0.35167,0.24974,0.35178,0.17761,0.32472,0.13722,0.39174,0.52573,0.17975,0.29366,0.27485,0.32356,0.16464,0.41831,0.17488,0.30211,0.2854,0.15877,0.31624,0.12791,0.20633,0.54912,0.37134,0.2386,0.21795,0.47447,0.32838,0.24282,0.11238,0.15036,0.35823,0.27525,0.2756,0.26405,0.3491,0.40148,0.51401,0.22724,0.21149,0.16306,0.44322,0.18378,0.17738,0.38312,0.19321,0.45721,0.44813,0.30323,0.26139,0.4087,0.23694,0.33958,0.48215,0.31797,0.24569,0.11029,0.31736,0.23013,0.29346,0.35058,0.38477,0.72909,0.26262,0.56077,0.37601,0.42774,0.30987,0.38211,0.28654,0.29218,0.32202,0.4198,0.26878,0.31838,0.40771,0.15835,0.3042,0.42546,0.21552,0.32649,0.26521,0.49738,0.11841,0.32454,0.58624,0.26734,0.1478,0.28936,0.30916,0.25176,0.22995,0.33686,0.30349,0.17361,0.13127,0.37672,0.34464,0.23942,0.43835,0.29593,0.49291,0.36969,0.38628,0.11298,0.13403,0.53747,0.25694,0.17712,0.20462,0.39472,0.60037,0.31381,0.17442,0.2014,0.22138,0.31316,0.38424,0.28064,0.7214,0.29898,0.1295,0.28174,0.35177,0.23232,0.15571,0.26711,0.30152,0.20865,0.299,0.23936,0.09774,0.29915,0.41682,0.43066,0.07251,0.32822,0.32877,0.44494,0.31785,0.52584,0.20847,0.25932,0.29872,0.33673,0.27884,0.21829,0.40309
080,test,1,Hemorrhage,0.14113,0.06782,0.43279,0.56704,0.19669,0.22962,0.30125,0.47887,0.09765,0.29472,0.38581,0.19081,0.39542,0.47515,0.19218,0.24973,0.23057,0.21349,0.30192,0.19733,0.12083,0.22662,0.23471,0.17869,0.17731,0.56515,0.05794,0.44965,0.57109,0.31743,0.31794,0.15792,0.11078,0.08619,0.23934,0.56808,0.26712,0.24376,0.10941,0.20236,0.49672,0.19507,0.50964,0.34592,0.11813,0.15765,0.22785,0.18938,0.30329,0.51052,0.51838,0.34046,0.16744,0.04147,0.17584,0.35159,0.21011,0.40742,0.093,0.02058,0.29552,0.18394,0.07651,0.45647,0.42952,0.37612,0.38691,0.20603,0.13215,0.58915,0.31364,0.25845,0.16108,0.60229,0.39003,0.13346,0.59295,0.40608,0.46724,0.29802,0.44379,0.61322,0.06396,0.56955,0.23527,0.03711,0.50094,0.14813,0.27226,0.23724,0.10394,0.68542,0.64704,0.01111,0.34936,0.32102,0.23526,0.4477,0.57959,0.23018,0.37205,0.38396,0.48839,0.29932,0.18769,0.00168,0.20717,0.07832,0.11184,0.51769,0.44532,0.3101,0.22602,0.06064,0.0238,0.47355,0.79473,0.31446,0.14187,0.15306,0.44448,0.17738,0.36449,0.05472,0.65224,0.13463,-0.01565,0.19021,0.42489,0.27863,0.58733,0.21898,0.08526,0.22032,0.32301,0.26276,0.16029,0.18361,0.24748,0.28011,0.1952,0.10892,0.29321,0.32431,0.24877,0.25895,0.33263,0.09209,0.06592,0.48688,0.11866,0.25234,0.60755,0.05615,0.23999,0.15783,0.16486,0.08961,0.23335,0.1626,0.41853,0.53432,0.15906,0.23966,0.19231,0.4487,0.19876,0.30249,0.29006,0.36644,0.64437,0.36889,0.58758,0.27074,0.31561,0.13376,0.15714,0.41631,0.75046,0.2952,0.37885,0.27656,0.33003,0.27001,0.145,0.27743,0.48738,0.16162,0.22176,0.18799,0.63572,0.01139,0.43126,0.37416,0.26421,0.2102,0.16657,0.39533,0.20065,0.15916,0.37318,0.29922,0.19362,0.08092,0.27981,0.30535,0.25825,0.28707,0.26109,0.48457,0.2331,0.33982,0.17207,0.09672,0.84083,0.29559,0.05442,0.22437,0.52449,0.65177,0.38282,0.09178,0.19344,0.18395,0.38434,0.31757,0.35139,0.61972,0.06913,0.09038,0.17091,0.42215,0.12505,0.1317,0.19568,0.27202,0.12298,0.3157,0.33812,0.24492,0.31496,0.23578,0.46469,0.25901,0.16201,0.32735,0.72347,0.19994,0.74072,0.13802,0.46,0.41035,0.33558,0.33105,0.17197,0.2802
095,test,1,Hemorrhage,0.81993,0.82402,0.34563,0.23083,0.12615,0.32072,0.85599,0.25822,0.42387,0.24585,0.50991,0.50588,0.63642,0.68563,0.4757,0.70276,0.30242,0.52712,0.16209,0.83845,0.47663,0.2189,0.38169,1.01518,0.37765,0.35575,0.54902,0.28678,0.49484,1.00789,0.09573,0.0485,0.31837,0.37235,0.2436,0.36175,0.0269,0.24393,0.80625,0.49538,0.35573,0.1413,0.23698,0.76415,0.82289,0.85647,0.16674,0.54499,0.50964,0.76056,0.18354,0.93357,0.29212,0.52006,0.28475,0.4443,0.6717,0.96074,0.59892,0.58055,0.79524,0.22319,0.37438,0.35374,0.46463,0.26263,0.54445,0.91876,0.2115,0.13923,0.42304,0.57658,0.29024,0.54488,0.37864,0.24959,0.3814,0.46316,0.6535,0.40572,0.40077,0.24002,0.35669,0.10906,1.08556,0.29625,0.10775,1.07813,0.10178,0.39623,0.71324,0.35848,0.48887,0.09663,0.12836,0.54103,0.20331,0.74844,0.37585,0.36768,0.28416,0.51937,0.62116,0.40432,0.1215,0.28145,0.69623,0.65034,0.14147,0.44756,0.34818,0.91796,0.21675,0.72093,0.48383,0.64031,0.17529,0.20235,0.4454,0.86667,0.1482,0.484,0.95796,0.68121,0.27504,0.50761,1.16348,0.80806,0.50156,0.70282,0.22821,0.24384,1.03932,0.8657,0.39755,1.03764,0.29405,0.19116,1.13343,0.62269,0.67331,0.91869,0.37714,0.47706,0.59266,0.40716,0.2131,0.9451,0.2178,1.0873,0.60596,0.12239,0.20396,0.55947,1.10938,0.95142,0.60825,0.9273,0.61104,0.49865,0.29658,0.45796,0.14898,0.37409,0.60978,0.27872,0.35754,0.98961,0.94588,1.11277,0.34539,0.38117,0.23462,0.75658,0.3432,1.28631,0.42095,0.82185,0.24736,0.97506,0.60209,0.35619,0.5185,0.34388,0.45117,0.1209,0.36915,0.83895,0.52839,1.13777,0.24509,0.88075,0.31983,0.40965,0.32607,0.59139,0.46147,0.752,0.728,0.50586,0.83769,1.11377,0.4266,0.4553,0.54233,0.41146,0.21796,0.48739,0.57555,0.1711,0.89676,0.61322,0.7436,1.38156,0.28965,0.23742,0.74497,1.11673,0.39786,0.16827,0.43057,0.51064,0.331,0.31311,0.22747,0.30988,0.08978,0.30846,0.8123,0.03956,0.66544,0.54257,0.40664,0.43264,0.89867,0.49072,0.52265,0.46247,0.40576,0.33813,0.36774,0.6913,0.50152,0.29008,1.10655,1.38348,0.20592,0.6634,0.19,0.17839,0.57714,0.08023,0.29817,0.44664,0.44047,0.45641
072,test,1,Hemorrhage,0.59642,0.57366,0.17814,0.44675,0.14509,0.41273,0.90823,0.1183,0.35166,0.38941,0.621,0.61719,0.84333,0.52802,0.56599,0.53417,0.66581,0.48,0.20419,0.74211,0.2505,0.33932,0.46705,0.73739,0.33546,0.41162,0.33196,0.37428,0.47346,1.09934,0.17557,0.04917,0.4716,0.15216,0.38845,0.35049,0.17091,0.25293,0.51953,0.40413,0.44644,0.16899,0.34996,0.64208,0.66945,0.94958,0.07565,0.61207,0.78714,0.49748,0.31816,1.10194,0.31289,0.36434,0.45096,0.55655,0.70017,0.83074,0.62446,0.55634,0.92325,0.21866,0.19438,0.27122,0.38353,0.24713,0.48598,0.66502,0.14787,0.11898,0.60599,0.44994,0.41541,0.50346,0.17592,0.18819,0.60022,0.34646,0.72337,0.21696,0.27999,0.35966,0.31238,0.22503,1.0358,0.32071,0.17905,0.58975,0.28057,0.36055,0.42608,0.36578,0.44977,0.25681,0.23683,0.38293,0.23938,0.61688,0.70336,0.12968,0.2758,0.80812,0.547,0.19401,0.22823,0.23026,0.61644,0.49945,0.24153,0.33718,0.30031,0.60163,0.3125,0.75936,0.26815,0.75686,0.39311,0.25605,0.31879,0.80537,0.22775,0.20132,0.64689,0.23511,0.35366,0.71065,1.16215,0.86724,0.34738,0.70896,0.11783,0.41232,0.64578,0.67015,0.34184,0.77245,0.32203,0.33517,0.76267,0.3327,0.19965,0.73682,0.19939,0.58104,0.50108,0.36879,0.20755,0.52163,0.33357,1.21203,0.71927,0.12455,0.14765,0.26869,1.06511,0.63962,0.55828,0.89485,0.44806,0.3291,0.50455,0.67819,0.02865,0.39668,0.14119,0.63445,0.2605,1.08311,0.79022,1.09187,0.49799,0.39976,0.19805,0.76042,0.33276,0.79038,0.13905,0.57945,0.26442,0.91143,0.57546,0.2005,0.34821,0.41064,0.18692,0.21064,0.3053,0.69679,0.7245,0.77274,0.19749,0.19013,0.3174,0.65714,0.17668,0.52631,0.35053,0.61387,0.80329,0.59255,1.01627,1.19688,0.25079,0.14845,0.81611,0.3597,0.16211,0.4968,0.45056,0.16061,0.45017,0.53766,0.51374,0.65964,0.34612,0.29048,0.45661,0.88538,0.44344,0.19179,0.4554,0.38676,0.36855,0.21642,0.13367,0.20892,0.26004,0.33273,0.71653,0.06707,0.5868,0.54811,0.38891,0.30452,0.84686,0.68853,0.12925,0.2637,0.09728,0.14485,0.27326,0.75766,0.73884,0.5142,0.61937,1.45924,0.13551,0.44292,0.47017,0.37051,0.35775,0.16625,0.42798,0.2909,0.39541,0.5724
121,test,0,Normal,0.1982,0.16145,0.22422,0.38531,0.20139,0.28931,0.29493,0.39039,0.27173,0.39832,0.43286,0.29807,0.26832,0.37634,0.38971,0.17872,0.34499,0.24811,0.32273,0.30048,0.35314,0.16882,0.24552,0.29441,0.14782,0.47876,0.28698,0.30386,0.4666,0.31307,0.21725,0.2523,0.14093,0.18298,0.23544,0.53448,0.36147,0.25421,0.15228,0.21363,0.4969,0.0888,0.37501,0.32268,0.16979,0.17122,0.21806,0.14029,0.18931,0.41072,0.46896,0.45932,0.31123,0.06652,0.15012,0.28382,0.21341,0.52683,0.35393,0.17905,0.4684,0.09734,0.05887,0.27792,0.35125,0.13061,0.21194,0.09508,0.18842,0.3736,0.30423,0.24903,0.29038,0.2825,0.25535,0.14303,0.41271,0.22658,0.28698,0.27771,0.42764,0.49418,0.16161,0.47175,0.25355,0.06818,0.4818,0.18757,0.33315,0.34363,0.16781,0.59589,0.22646,0.16507,0.39784,0.46458,0.2274,0.22574,0.32322,0.25698,0.29604,0.50036,0.39467,0.21422,0.27319,0.09031,0.12626,0.09716,0.18493,0.31231,0.22963,0.2829,0.1918,0.25825,0.13962,0.37908,0.44489,0.20061,0.30655,0.29465,0.32604,0.10873,0.37118,0.10005,0.27589,0.31133,0.22679,0.32039,0.18955,0.25248,0.43934,0.41856,0.14466,0.20858,0.32124,0.45796,0.32127,0.19179,0.14173,0.23415,0.15248,0.22465,0.29965,0.26214,0.30494,0.41994,0.29077,0.17778,0.19036,0.43499,0.31542,0.16582,0.38284,0.15111,0.33479,0.38151,0.32648,0.20825,0.26435,0.23198,0.35221,0.47149,0.39715,0.20591,0.09852,0.28881,0.27236,0.30857,0.35722,0.40717,0.6508,0.31782,0.46912,0.40212,0.43321,0.16041,0.30274,0.33656,0.38635,0.30436,0.45271,0.32655,0.25501,0.39886,0.19633,0.31715,0.27232,0.04142,0.28397,0.26202,0.46987,0.13542,0.21278,0.63906,0.19258,0.16963,0.17964,0.3501,0.27039,0.20425,0.30265,0.3091,0.15656,0.12292,0.33014,0.30792,0.18213,0.43921,0.28412,0.47366,0.27689,0.45332,0.1974,0.17084,0.48573,0.22373,0.18078,0.23213,0.34634,0.60852,0.27642,0.17363,0.23148,0.18853,0.26315,0.35056,0.29831,0.59084,0.25688,0.19328,0.26307,0.39705,0.10656,0.1297,0.29721,0.35287,0.14619,0.21984,0.22434,0.14795,0.22133,0.24886,0.40237,0.09096,0.30979,0.31612,0.34551,0.2458,0.52028,0.15725,0.17563,0.30279,0.29611,0.25115,0.22315,0.44075
151,test,0,Normal,0.22761,0.14518,0.34974,0.44565,0.23661,0.23585,0.04548,0.51823,0.25044,0.4318,0.32414,0.18786,0.08334,0.16131,0.37175,0.23945,0.30715,0.14673,0.14358,0.07287,0.32478,0.31591,0.29992,0.11841,0.11745,0.25372,0.31743,0.31142,0.55545,0.21227,0.60565,0.31053,0.04587,0.18391,0.20319,0.65941,0.54198,0.36336,-0.00591,0.23922,0.2594,0.06279,0.2248,0.14367,0.17454,0.03764,0.03924,0.11296,0.22115,0.43314,0.65708,0.21596,0.17658,0.10206,0.23116,0.3336,0.04599,0.31228,0.22098,0.13233,0.41794,0.13113,0.10685,0.42039,0.29896,0.2407,0.17946,-0.01638,0.4888,0.73412,0.24616,0.19479,0.30196,0.29799,0.29968,0.1908,0.70995,0.39498,0.21813,0.22319,0.44579,0.5369,-0.00129,0.60225,0.10282,0.04085,0.64468,0.02556,0.30254,0.25361,0.09597,0.67286,0.22486,0.14734,0.23337,0.28409,0.43327,0.16655,0.41626,0.24012,0.21574,0.37479,0.308,0.21398,0.18229,0.21485,0.14227,0.02083,0.39338,0.53393,0.24323,0.22917,0.26695,0.30125,0.18189,0.2395,0.43382,0.20776,0.19202,0.09426,0.47483,0.03845,0.34857,0.29229,0.39967,0.16608,0.02565,0.07109,0.09982,0.15179,0.47166,0.30825,0.12029,0.11551,0.20725,0.1595,0.12699,0.05257,0.00545,0.20128,0.28381,0.1402,0.35184,0.33945,0.26384,0.17426,0.24145,0.06912,0.09791,0.35,0.04001,0.44056,0.61777,0.16233,0.13594,0.36345,0.2493,-0.02486,0.12608,0.1859,0.39811,0.61718,0.24305,0.12777,0.19452,0.28496,0.23828,0.20299,0.19766,0.24762,0.81089,0.16758,0.58942,0.22851,0.3936,0.05384,0.2153,0.21881,0.79567,0.1047,0.38324,0.37158,0.24717,0.27414,0.30441,0.33932,0.29148,-0.05681,0.11251,0.15047,0.65254,0.05656,0.3044,0.45521,0.23499,0.04262,0.18179,0.20856,0.31437,0.10248,0.10301,0.12058,0.13541,0.1232,0.21197,0.29428,0.33868,0.27779,0.17077,0.55377,-0.01847,0.38082,-0.02094,-0.03748,0.83593,0.31151,0.11907,0.06865,0.55344,0.81358,0.2733,0.23193,0.05384,0.31415,0.25503,0.3133,0.41489,0.46298,0.13848,0.26906,0.13611,0.17172,0.04653,0.05564,0.0793,0.2652,0.12586,0.26189,0.39123,0.25218,0.146,0.15806,0.44357,0.07143,0.22927,0.15863,0.6401,0.16763,0.6532,0.12906,0.12737,0.43249,0.29231,0.15614,0.2328,0.29286
011,test,1,Hemorrhage,1.24184,1.43633,0.31637,0.24437,0.09106,0.27488,1.55148,0.18865,0.69999,0.28938,0.68157,0.69847,1.07674,0.47136,0.30287,1.45523,0.91906,0.87522,0.09754,0.73056,0.56097,0.30491,0.59866,1.34251,0.27908,0.28152,0.58357,0.48834,0.50084,1.54725,0.10383,0.04779,0.47536,0.31561,0.18837,0.32425,0.07276,0.26353,1.43996,0.55021,0.23016,0.46292,0.12285,0.98648,1.05134,1.8792,0.27798,1.10655,0.81165,0.83313,0.15467,1.09017,0.47974,0.72682,0.71988,0.89076,0.77555,0.92764,0.94004,1.03446,1.39861,0.52134,0.30103,0.29611,0.34812,0.61998,0.78203,1.18523,0.14525,0.08422,0.6895,0.49602,0.41107,0.49807,0.4213,0.29228,0.67578,0.24638,1.09763,0.42899,0.36753,0.25829,0.3511,0.02928,2.33192,0.33535,-0.00041,1.40854,0.15612,0.36552,0.64909,0.25392,0.66163,0.57073,0.21096,0.80985,0.53521,0.918,0.55554,0.48804,0.28301,0.91322,0.72405,0.602,0.2114,0.33132,0.92692,0.90265,0.2133,0.1872,0.50083,1.19818,0.16608,1.16637,0.70232,0.72245,0.25018,0.24482,0.69125,1.25811,0.00852,0.45292,1.11125,0.16278,0.47858,0.82439,2.20084,1.6271,0.40971,0.81768,0.14485,0.31357,1.37223,1.21448,0.31536,1.30943,0.48376,0.46784,1.27822,0.68946,0.72703,1.02543,0.47126,0.88733,1.0067,0.37605,0.38675,1.16416,0.19756,1.46792,0.74977,0.31275,-0.01672,0.60385,1.99529,0.44411,0.76357,1.07644,0.59756,0.57095,0.33907,0.58877,0.09517,0.34617,0.73062,0.3212,0.13519,1.10293,0.99233,1.65271,0.66512,0.23218,0.22984,1.0282,0.72321,1.60399,0.42138,0.75136,0.49561,1.27128,0.74709,0.21337,0.55879,0.28578,0.49747,0.1759,0.43003,1.41577,0.86479,1.46791,0.08695,0.77537,0.25958,0.68466,0.39366,1.1739,0.403,0.72953,1.31104,0.84718,1.06068,1.90326,0.4186,0.41432,0.97438,0.40068,0.34651,0.53877,0.3973,0.07038,1.12333,0.73757,1.07479,1.45881,0.14819,0.1187,0.71229,1.63981,0.46112,0.15573,0.24716,0.73623,0.5798,0.22421,0.11427,0.17233,0.31308,0.35043,1.43135,0.04582,1.29738,0.89174,1.1059,0.44055,1.01653,1.08125,0.47711,0.50874,0.42544,0.13913,0.32488,1.39946,0.9119,0.52825,1.04015,2.58843,0.06931,1.14587,0.28576,0.78893,0.6343,0.06548,0.54911,0.4517,0.38341,0.49829
171,test,0,Normal,0.16566,0.07695,0.22227,0.98088,0.87228,0.27472,-0.02648,0.50005,0.14088,0.7728,0.14662,0.27579,-0.01144,0.10416,0.33475,0.49064,0.01626,0.04351,0.19043,-0.03141,0.44058,0.09015,0.33769,-0.05086,0.09889,0.09574,0.46122,0.05944,0.21679,0.09677,0.86469,0.76051,0.12995,0.16098,0.21871,0.56285,0.76535,0.6967,0.07237,0.10026,0.67073,0.03424,0.33119,0.02282,0.09471,0.07288,-0.04699,0.03666,0.15081,0.20045,0.35497,0.22545,0.10991,0.11829,0.30286,0.38329,-0.01095,0.27479,0.3653,0.05564,0.37183,0.01825,0.18775,0.07811,0.43705,0.28681,0.20164,0.04616,0.78819,0.44131,0.30047,0.07483,0.16664,0.25438,0.20616,0.26646,0.62327,0.5688,0.08926,0.0242,0.3318,0.51795,0.11843,0.75073,-0.04505,0.00358,0.37889,0.15836,0.58232,0.35741,0.06113,0.77903,0.00591,0.2856,0.02555,0.1575,0.29677,0.21221,0.51292,0.35929,0.31081,-0.07899,0.15934,0.22337,0.04684,0.1131,0.24366,0.05017,0.26262,0.53974,0.0967,0.14805,0.39034,0.31392,0.2338,0.4438,0.70753,0.2262,0.12434,-0.06829,0.58713,0.05479,0.28939,0.18912,0.10104,0.40633,-0.02628,-0.06958,0.07104,0.13655,0.43395,-0.03273,0.09978,0.09012,0.04294,0.05986,0.50579,0.0839,-0.08338,0.14753,0.1831,0.24105,0.36053,0.66591,0.13102,0.25273,0.51358,-0.02543,0.19349,0.05274,-0.03254,0.47515,0.50249,0.16065,0.0647,0.27099,0.42927,-0.12202,0.22311,0.3029,0.08225,0.9234,0.54335,0.29923,0.2375,0.05738,0.32232,0.17729,0.00872,0.07743,0.74236,0.05415,0.95569,-0.01301,0.55745,0.12169,0.47299,0.30183,0.73949,0.18989,0.55494,0.75629,0.0648,0.61592,0.18878,0.21059,0.34347,0.01552,-0.07319,0.28717,1.23366,-0.01592,0.20128,0.19305,0.18895,0.0242,0.17933,-0.00603,0.09334,-0.0384,0.12516,0.00102,0.25145,0.24462,0.16914,0.53482,0.30292,0.13012,0.06265,0.39872,0.02818,0.26558,0.03399,-0.0135,0.55933,0.38916,0.25642,-0.06464,0.73891,1.17426,0.25481,0.20652,0.0747,0.07379,0.79907,0.32749,0.21842,0.42546,0.05047,0.38713,0.01784,-0.0044,-0.02815,0.06729,0.16574,0.03425,0.01151,0.12224,0.49153,0.1545,0.18677,-0.07624,0.15409,0.09065,0.25652,0.01736,0.99572,0.10245,0.50754,0.08206,0.09547,0.81277,0.55991,0.07944,0.38033,0.10339
004,test,1,Hemorrhage,0.44679,0.41285,0.23075,0.26152,0.2083,0.39555,0.51594,0.25324,0.21611,0.45628,0.38246,0.49613,0.41473,0.28087,0.62803,0.45861,0.28358,0.39992,0.23558,0.53123,0.39464,0.18955,0.35987,0.49858,0.32478,0.46529,0.53114,0.31205,0.3278,0.63891,0.19147,0.23294,0.16291,0.35712,0.21202,0.34281,0.19844,0.44049,0.41151,0.36942,0.32496,0.2454,0.23508,0.26609,0.54922,0.43859,0.17641,0.23471,0.33908,0.41583,0.31368,0.52266,0.36687,0.57538,0.34832,0.23131,0.3856,0.62443,0.69736,0.5806,0.62589,0.26222,0.44407,0.29584,0.27038,0.25423,0.30688,0.63424,0.38339,0.16708,0.41369,0.43987,0.49604,0.28865,0.43735,0.19427,0.32877,0.33179,0.50327,0.31278,0.48493,0.26811,0.27296,0.27093,0.67189,0.26422,0.07202,0.65289,0.27862,0.38715,0.41233,0.35478,0.27174,0.38349,0.1674,0.51156,0.31336,0.28378,0.36909,0.40844,0.40808,0.321,0.46391,0.31115,0.15844,0.18081,0.51132,0.31422,0.21875,0.49539,0.34439,0.61047,0.27482,0.44538,0.48262,0.32391,0.08495,0.27784,0.39184,0.74536,0.19378,0.37387,0.62261,0.39297,0.43638,0.34583,0.68655,0.41831,0.23181,0.43998,0.26114,0.27257,0.6507,0.33625,0.39332,0.68702,0.24307,0.16973,0.56024,0.49516,0.56641,0.30973,0.25778,0.36761,0.38868,0.51699,0.36755,0.41995,0.19495,0.62026,0.579,0.205,0.21849,0.27629,0.56384,0.90543,0.48335,0.42855,0.62266,0.22172,0.35883,0.54061,0.16061,0.30652,0.38476,0.39575,0.26009,0.94424,0.37767,0.59368,0.46283,0.31437,0.24366,0.49757,0.47292,0.8445,0.36918,0.40914,0.23872,0.48302,0.30883,0.52258,0.48639,0.36517,0.2105,0.23235,0.372,0.51603,0.57981,0.52398,0.31753,0.44383,0.30572,0.47789,0.18843,0.42346,0.56725,0.50887,0.42809,0.23794,0.53762,0.76464,0.38067,0.37749,0.23655,0.48586,0.27714,0.32385,0.61397,0.26622,0.59662,0.57943,0.50806,0.66989,0.3503,0.55041,0.47704,0.74272,0.30689,0.34292,0.2933,0.41895,0.47045,0.22556,0.21416,0.27439,0.28975,0.39935,0.45344,0.11763,0.42034,0.42301,0.19682,0.32903,0.43064,0.15359,0.41941,0.32441,0.25213,0.29602,0.30252,0.35863,0.52457,0.28213,0.66411,0.69318,0.27402,0.52614,0.20716,0.18513,0.48036,0.14152,0.455,0.23733,0.32878,0.50835
047,test,1,Hemorrhage,0.66708,0.49803,0.32276,0.36658,0.33643,0.44013,0.46792,0.18559,0.28561,0.55967,0.24503,0.43509,0.31941,0.2879,0.64513,0.54015,0.21797,0.47984,0.2745,0.46305,0.3959,0.18677,0.49118,0.648,0.28304,0.38679,0.59196,0.43112,0.53225,0.56258,0.31078,0.17057,0.31346,0.29752,0.16249,0.32568,0.30761,0.28741,0.45977,0.43775,0.26656,0.48021,0.19639,0.38124,0.57811,0.6918,0.11064,0.23797,0.55496,0.40091,0.26528,0.63347,0.24893,0.44531,0.55581,0.26202,0.43843,0.80294,0.62475,0.59699,0.74424,0.18814,0.27722,0.40624,0.34989,0.27484,0.41136,0.62841,0.38836,0.22612,0.29243,0.47568,0.5392,0.40345,0.32804,0.19977,0.36645,0.2439,0.66682,0.38873,0.60954,0.26867,0.16853,0.37876,1.00129,0.33347,0.22319,0.85968,0.33575,0.29233,0.45959,0.35078,0.34401,0.40562,0.31491,0.48178,0.32366,0.44709,0.47762,0.36561,0.39695,0.287,0.39454,0.55329,0.22803,0.1787,0.53323,0.39411,0.1421,0.42981,0.2435,0.40801,0.35686,0.5454,0.5819,0.46541,0.32774,0.23936,0.20981,0.66825,0.27596,0.27951,0.75815,0.52769,0.26222,0.53148,0.64943,0.38606,0.22757,0.47579,0.34901,0.18119,0.58343,0.27792,0.22779,0.62903,0.32968,0.19837,0.58141,0.43818,0.67254,0.34529,0.21762,0.34369,0.399,0.40739,0.32266,0.40992,0.18336,0.85053,0.47385,0.30538,0.41277,0.3479,0.66257,0.74317,0.64911,0.55103,0.39818,0.38302,0.25692,0.48565,0.21771,0.26608,0.42359,0.31579,0.29141,0.97543,0.6145,0.5771,0.34374,0.27187,0.22876,0.53348,0.32343,0.78703,0.33411,0.41673,0.28714,0.47387,0.28659,0.41485,0.46253,0.52988,0.21567,0.18358,0.40987,0.43981,0.6492,0.7191,0.21293,0.25385,0.22486,0.42343,0.24971,0.55795,0.28702,0.63588,0.39337,0.28719,0.67474,0.74801,0.48005,0.34297,0.3123,0.54951,0.34168,0.46091,0.78424,0.33956,0.63209,0.56908,0.58368,0.64352,0.29635,0.42009,0.55344,0.71211,0.4059,0.27945,0.32321,0.46096,0.45126,0.31164,0.37084,0.3099,0.30578,0.22591,0.52178,0.16485,0.60848,0.32516,0.4449,0.24011,0.42105,0.36283,0.17014,0.35452,0.33128,0.32413,0.46004,0.46564,0.58074,0.31599,0.50412,0.91175,0.32928,0.52226,0.33661,0.2538,0.46596,0.30907,0.58597,0.24852,0.38594,0.52388
192,test,0,Normal,0.23259,0.00688,0.54044,0.69143,0.56713,0.46811,0.19435,0.51043,0.38785,0.76193,0.12629,0.39665,0.0054,0.09592,0.49165,0.24158,0.00654,0.05508,0.22357,0.09403,0.46424,0.23917,0.53505,0.23171,0.25754,0.26823,0.45147,0.4228,0.45991,0.06993,1.05198,0.62837,0.06255,0.28035,0.16163,0.61463,0.74833,0.63964,0.15934,0.10864,0.74292,0.21265,0.24357,0.07709,0.35211,0.05063,0.18047,0.11371,0.29189,0.44008,0.47749,0.15453,0.12476,0.25076,0.49557,0.57523,0.06002,0.26133,0.36858,0.1722,0.66087,0.21985,0.43713,0.45304,0.43545,0.13427,0.16068,0.12745,0.90242,0.7976,0.20291,0.2331,0.31255,0.43582,0.54587,0.37321,0.88636,0.57302,0.25562,0.34899,0.4072,0.64093,0.06832,0.89232,-0.00148,0.10356,0.68697,0.18997,0.49459,0.3262,-0.00834,0.92942,0.00572,0.36946,0.24535,0.24647,0.54341,0.11589,0.64584,0.55783,0.08998,0.11917,0.32972,0.56201,0.10914,0.26635,0.27202,0.25665,0.26625,0.82214,0.31588,0.24408,0.46948,0.31354,0.30305,0.18414,0.54497,0.41235,0.31085,0.15353,0.63921,0.20049,0.38747,0.34395,0.31937,0.26089,0.0983,-0.06041,0.20987,0.14461,0.7344,0.10041,0.10064,-0.01506,0.2552,0.11748,0.25996,0.127,-0.04935,0.25782,0.26882,0.20198,0.3119,0.54613,0.33864,0.43195,0.5443,0.05169,0.36435,0.0435,0.21616,0.44028,0.36056,0.16867,0.05429,0.50854,0.40584,-0.07646,0.20944,0.24758,0.14986,0.66709,0.38729,0.21513,0.23043,0.19534,0.35359,0.3649,0.14856,0.17413,0.8714,0.02439,0.74239,0.04744,0.38534,0.12273,0.49776,0.07918,1.09572,0.07358,0.71217,0.58569,0.28717,0.40815,0.23054,0.13543,0.4777,0.0435,-0.00385,0.28706,1.06378,0.09771,0.39429,0.3415,0.26518,0.21069,0.10906,0.26251,0.16735,0.00469,0.16655,-0.04278,0.4734,0.13443,0.23976,0.39115,0.39239,0.30234,0.1569,0.68741,0.22707,0.39704,0.04709,0.0876,0.84125,0.67627,0.14855,0.04859,0.71594,1.15059,0.19102,0.20491,0.21443,0.2326,0.5171,0.471,0.47204,1.07213,0.01532,0.62985,0.13247,0.04867,0.0044,0.19094,0.12922,0.15207,0.18484,0.22602,0.53079,0.32999,0.33525,0.03519,0.38771,0.16579,0.37778,0.14462,1.12042,0.05837,0.70072,0.18343,0.17938,0.69457,0.47496,0.25106,0.34061,0.19917
186,test,0,Normal,0.07309,-0.06971,0.68946,0.87952,0.65171,0.19363,0.24514,0.6835,0.23224,0.61202,0.18508,0.38843,0.06306,0.27106,0.34763,0.26774,0.13588,0.11741,0.26129,0.13077,0.58696,0.34161,0.50012,0.11752,0.21032,0.38646,0.38487,0.18941,0.60662,0.17592,0.79102,0.79441,0.07564,0.26229,0.20762,0.89496,0.97969,0.79198,0.15384,0.08847,1.12522,0.04069,0.36359,0.02661,0.10927,0.02134,0.06721,0.08908,0.22136,0.51985,0.7211,0.25832,0.19423,0.18688,0.42199,0.58447,0.04689,0.31288,0.38083,0.03325,0.66091,0.1431,0.15558,0.30707,0.49539,0.18981,0.33603,0.14824,0.69736,1.0563,0.33456,0.02549,0.32753,0.46271,0.33885,0.34982,0.98625,0.48791,0.16783,0.2943,0.40683,0.68773,0.02687,1.17936,0.07163,0.10859,0.83179,0.2353,0.52991,0.36504,0.05225,1.19827,0.11843,0.41211,0.16002,0.44195,0.54816,0.34752,0.87703,0.49535,0.14172,0.13984,0.34056,0.18741,0.04065,0.02449,0.16749,0.11256,0.26202,1.05122,0.1622,0.40353,0.27123,0.1898,0.14366,0.30351,1.06591,0.51305,0.39214,0.17882,0.88019,0.04074,0.39401,0.03651,0.59309,0.1763,0.02002,-0.03788,0.3905,0.25957,0.99026,0.20919,0.16953,-0.03454,0.23921,0.1675,0.34969,0.08322,0.02492,0.22056,0.13143,0.28246,0.43552,0.59529,0.13692,0.39835,0.40425,0.04534,0.17632,0.15727,-0.00609,0.47392,0.33124,-0.01115,0.06733,0.58008,0.60345,-0.08996,0.31787,0.25397,0.29158,0.68607,0.67913,0.36637,0.1113,0.28923,0.37485,0.19181,0.15905,0.14578,1.27802,0.19669,1.07576,0.02355,0.59721,0.17777,0.30686,0.26874,1.42176,0.13695,0.7965,0.47723,0.21415,0.29427,0.10534,0.22376,0.50208,0.12201,0.08411,0.31411,1.39617,0.16263,0.07996,0.47641,0.1902,0.14093,0.32689,0.36263,0.19274,0.07808,0.29638,0.08961,0.09924,0.21176,0.31162,0.53013,0.19052,0.34143,0.14501,0.91461,0.27778,0.47406,0.12469,0.10083,1.09689,0.58896,0.14332,0.03271,1.14394,1.51405,0.37858,0.21072,0.24345,0.18567,0.59316,0.6834,0.37252,1.35683,0.00594,0.30061,0.03078,0.10915,-0.0056,0.00015,0.21699,0.08181,0.33997,0.23497,0.37451,0.17296,0.1684,0.15263,0.53692,0.04309,0.55144,0.02,1.51144,0.10365,1.05555,0.11021,0.21261,0.98183,0.46479,0.26134,0.21967,0.16625
152,test,0,Normal,0.26292,0.11389,0.391,0.62552,0.30109,0.2866,0.04515,0.65305,0.23531,0.57336,0.37115,0.33264,0.02171,0.13636,0.39865,0.24903,0.15481,0.06644,0.09535,0.1094,0.54015,0.25773,0.40472,0.05795,0.18947,0.27499,0.3419,0.39007,0.59468,0.17278,0.69514,0.57797,0.05785,0.15138,0.25577,0.65321,0.68953,0.43149,0.05133,0.18797,0.51064,0.02987,0.32188,0.02922,0.15276,0.03935,-0.01806,0.08561,0.27169,0.45871,0.61997,0.2463,0.29189,0.0821,0.27685,0.41073,0.04391,0.38213,0.31725,0.12024,0.50329,0.13086,0.17056,0.33538,0.4475,0.32672,0.22709,0.0432,0.63628,0.78577,0.25423,0.18818,0.3069,0.39555,0.37765,0.21396,0.77592,0.38241,0.24972,0.1796,0.55608,0.53457,0.11124,0.75501,0.08433,0.09749,0.7069,0.05747,0.32838,0.35867,0.02207,0.77118,0.21882,0.26637,0.22473,0.30688,0.43946,0.16769,0.52209,0.36092,0.21304,0.17654,0.3172,0.26459,0.15038,0.22514,0.09512,0.02345,0.34377,0.65675,0.24847,0.29528,0.24186,0.33185,0.20105,0.2539,0.63978,0.23841,0.18636,0.06414,0.50645,0.07891,0.3932,0.23295,0.3831,0.2448,0.00071,0.02656,0.10864,0.12357,0.65011,0.20752,0.14352,0.04605,0.19908,0.1269,0.26002,0.05149,-0.02106,0.25494,0.26549,0.12332,0.48747,0.4144,0.17967,0.29041,0.45043,0.03163,0.17317,0.23707,0.01171,0.39714,0.51828,0.18253,0.12289,0.43706,0.43697,-0.07524,0.15662,0.23763,0.30575,0.64688,0.36897,0.25201,0.23784,0.23583,0.2318,0.27624,0.14996,0.23198,0.96101,0.0871,0.87035,0.15003,0.47647,0.05704,0.25623,0.20416,0.98348,0.1337,0.50502,0.34896,0.17632,0.27414,0.19563,0.26905,0.34126,-0.03516,0.08822,0.29447,0.80294,0.09909,0.30286,0.48579,0.19583,0.05302,0.21001,0.20906,0.18491,0.12749,0.10703,0.06918,0.24516,0.14309,0.19142,0.28911,0.40022,0.23324,0.185,0.6618,0.06152,0.42959,0.01922,0.01762,0.94837,0.38004,0.05483,0.06699,0.67729,1.10732,0.29056,0.17457,0.08722,0.24764,0.29938,0.39134,0.36022,0.68173,0.01442,0.31304,0.16785,0.14718,0.04537,0.0323,0.15681,0.15972,0.11254,0.21783,0.39177,0.2035,0.23037,0.07493,0.39115,0.01692,0.34729,0.08979,0.92402,0.10892,0.73119,0.10839,0.0187,0.70027,0.36746,0.2033,0.34254,0.22657
071,test,1,Hemorrhage,1.12803,1.01169,0.30705,0.33604,0.10651,0.58489,1.63579,0.37948,0.51698,0.48838,0.61032,0.67305,0.97421,0.65473,0.72128,1.07563,0.87825,0.89178,0.26365,1.03436,0.31186,0.4065,0.85098,1.54789,0.32212,0.38725,0.60874,0.55358,0.51093,1.38037,0.3013,-0.01219,0.71199,0.38339,0.24606,0.29238,0.09217,0.25584,1.15541,0.61192,0.37342,0.27382,0.28202,0.91254,1.02166,1.7794,0.1634,0.74977,1.15027,0.66056,0.316,1.61948,0.53907,0.70026,0.67755,0.91693,1.30035,1.17726,1.08196,1.06112,1.14654,0.37237,0.41555,0.26969,0.30576,0.23234,0.55927,1.3791,0.26822,0.18048,0.62202,0.4923,0.59096,0.50867,0.29121,0.09221,0.58197,0.42961,1.04092,0.38228,0.53051,0.24047,0.30366,0.08787,1.96053,0.60043,0.08043,1.42987,0.33572,0.34401,0.60772,0.21046,0.65137,0.87279,0.43942,0.66387,0.35467,0.9898,0.65813,0.24229,0.19925,0.94964,0.62975,0.22724,0.24669,0.33033,0.92654,0.87876,0.33106,0.41321,0.47206,0.90222,0.33829,0.76004,0.60252,0.91493,0.51845,0.33482,0.66051,1.1079,0.25615,0.31615,1.10793,0.19067,0.2091,1.20074,1.8041,1.33701,0.57784,0.9596,0.40067,0.37877,0.99315,0.9316,0.39447,1.32785,0.58329,0.39243,1.21491,0.53315,0.67187,1.0833,0.36427,0.74085,1.07889,0.40652,0.22879,1.30063,0.51555,1.44148,0.87751,0.14198,0.03465,0.3356,1.74518,1.22278,0.84654,1.28662,0.31524,0.36774,0.47098,0.69693,0.08507,0.3457,0.30469,0.45245,0.26712,1.54394,1.4001,1.61521,0.42883,0.76949,0.15939,1.08361,0.60057,1.41173,0.27433,0.58153,0.4057,1.26519,0.60059,0.36394,0.40294,0.4082,0.60586,0.15258,0.51633,1.21296,0.90449,1.19705,0.11752,0.55962,0.35418,0.6038,0.50391,0.96834,0.38907,0.82265,0.93668,0.99753,1.26663,1.88848,0.2596,0.27382,1.26463,0.60196,0.17828,0.88388,0.77085,0.11183,1.03441,0.68464,1.53229,1.62312,0.20633,0.22477,1.01009,1.58936,0.42243,0.16293,0.36774,0.73793,0.74898,0.39101,0.18418,0.14037,0.33763,0.32342,1.08701,0.14094,0.95178,0.84131,0.68127,0.36627,1.43097,0.9271,0.373,0.2725,0.11023,0.13359,0.36679,1.23121,0.94748,0.42293,1.01239,2.07312,0.18386,0.85634,0.04858,0.78362,0.69153,0.2379,0.67124,0.6136,0.51612,0.57777
114,test,0,Normal,0.22828,0.14912,0.35863,0.40571,0.17874,0.26449,0.31229,0.61582,0.20974,0.3116,0.51045,0.20464,0.33795,0.39639,0.22438,0.51435,0.16203,0.13459,0.23145,0.18879,0.14811,0.29656,0.30064,0.23095,0.17217,0.46555,0.16865,0.31755,0.56548,0.34792,0.2778,0.12924,0.02516,0.11789,0.17683,0.36234,0.30445,0.50163,0.13623,0.3163,0.41452,0.09583,0.36071,0.41944,0.12626,0.18086,0.22769,0.07513,0.27746,0.33551,0.47893,0.35012,0.28001,0.06537,0.0601,0.35784,0.13615,0.32153,0.21468,0.04771,0.37437,0.23293,0.23937,0.25597,0.27501,0.34022,0.10012,0.13986,0.13566,0.60419,0.42855,0.25484,0.16392,0.32883,0.22935,0.28881,0.61601,0.32354,0.36554,0.34105,0.42814,0.49025,0.18844,0.55649,0.21606,-0.04234,0.35765,0.1768,0.27644,0.28394,0.16742,0.54606,0.431,0.19471,0.37089,0.47046,0.38466,0.22134,0.3735,0.19183,0.22991,0.41675,0.3987,0.33267,0.24133,0.04446,0.19949,0.10536,0.06617,0.53687,0.49583,0.34271,0.13516,0.14112,0.08196,0.35697,0.5092,0.22216,0.20368,0.22092,0.47535,0.18513,0.42433,0.05353,0.53506,0.27863,0.13817,0.3079,0.17497,0.15661,0.59498,0.22689,0.12249,0.28806,0.3708,0.33843,0.26147,0.16488,0.15433,0.34989,0.20003,0.12108,0.2285,0.32722,0.43243,0.26299,0.20611,0.37443,0.15877,0.26034,0.14087,0.25779,0.57851,0.18893,0.27204,0.2348,0.27257,0.12441,0.20013,0.17922,0.24752,0.41435,0.21498,0.30076,0.27874,0.41416,0.29462,0.35526,0.30563,0.25104,0.63409,0.36437,0.62933,0.21069,0.45524,0.24738,0.25884,0.46567,0.62377,0.27366,0.32094,0.27748,0.41643,0.33971,0.17692,0.34696,0.48974,0.24496,0.34962,0.14364,0.44269,0.16256,0.3662,0.41572,0.30653,0.25334,0.14332,0.36542,0.25469,0.2174,0.27959,0.34043,0.20733,0.14579,0.31786,0.26689,0.20303,0.43608,0.27835,0.44536,0.3229,0.5106,0.13927,0.22917,0.59449,0.12103,0.18368,0.24662,0.52635,0.6175,0.34146,0.11026,0.17394,0.15595,0.39929,0.33795,0.29162,0.61326,0.19058,0.09579,0.3247,0.46057,0.18568,0.11145,0.2304,0.28596,0.14346,0.41942,0.23975,0.17787,0.35058,0.26127,0.42754,0.15748,0.26277,0.21129,0.72182,0.32665,0.52457,0.20186,0.42584,0.3871,0.25292,0.31079,0.26169,0.19619
123,test,0,Normal,0.0749,-0.0188,0.33918,0.64047,0.39569,0.18927,0.14097,0.68117,0.14872,0.53632,0.255,0.30342,0.02586,0.21772,0.1972,0.29419,0.13984,0.04868,0.18119,0.12773,0.37019,0.28588,0.30905,0.16896,0.12153,0.29816,0.34421,0.31869,0.47467,0.08135,0.74563,0.53706,-0.02218,0.16908,0.18935,0.71984,0.78291,0.59334,0.0645,0.04458,0.7281,0.12152,0.30173,0.10731,0.06375,0.17135,0.10706,0.11765,0.22047,0.39917,0.70321,0.30074,0.19034,0.06729,0.28833,0.45543,0.09758,0.30952,0.28905,0.07117,0.40662,0.16931,0.16112,0.45671,0.36081,0.20986,0.15386,0.11758,0.55883,0.88051,0.21401,0.13001,0.26728,0.39636,0.33481,0.13435,0.85237,0.44096,0.19132,0.18721,0.44715,0.73099,0.0578,0.92576,0.09036,0.00944,0.75429,0.02362,0.39009,0.36955,-0.04148,1.12972,0.18255,0.30637,0.29015,0.38618,0.50127,0.2732,0.70385,0.41409,0.18793,0.18432,0.18826,0.23173,0.11709,0.23125,0.17141,0.05181,0.30852,0.86085,0.36032,0.21156,0.29097,0.20631,0.19079,0.25269,0.8396,0.32079,0.24157,0.02739,0.66397,0.11405,0.33925,0.11859,0.50501,0.34038,0.03589,0.00447,0.19309,0.18377,0.79042,0.24004,0.00887,0.00463,0.3157,0.0429,0.30679,0.13175,-0.0572,0.27657,0.14112,0.12943,0.50004,0.54238,0.32637,0.12489,0.51944,0.10546,0.24712,0.18545,0.03394,0.39835,0.48271,0.11563,0.04193,0.24353,0.37712,-0.05154,0.12984,0.22173,0.27798,0.58192,0.46336,0.27539,0.22444,0.23262,0.26907,0.26803,0.13188,0.10572,0.99244,0.25829,0.85417,0.14512,0.41618,0.09073,0.34998,0.25329,1.15746,0.11008,0.55318,0.36121,0.14796,0.338,0.22705,0.20424,0.39613,-0.06723,0.02334,0.19734,0.9572,0.11524,0.17223,0.56905,0.31274,0.12526,0.10207,0.29038,0.07651,0.0834,0.18263,0.05394,0.22006,0.17483,0.23692,0.32633,0.22893,0.3799,0.20074,0.77822,0.24542,0.44586,0.13744,0.13353,0.96331,0.33846,0.13376,0.01808,0.84858,1.27031,0.33465,0.11004,0.15413,0.17193,0.42992,0.3467,0.50229,1.03441,0.04529,0.3648,0.14796,0.11959,0.02488,-0.00563,0.23154,0.22698,0.16545,0.18514,0.48348,0.13548,0.17206,0.15759,0.43118,-0.01828,0.29693,0.14113,1.17575,0.13571,0.88936,0.16009,0.11776,0.75853,0.39913,0.3513,0.24127,0.20052
